Name,DOB
Henry Arundell,2002-11-08
Alfie Barbeary,2000-10-05
Josh Bayliss,1997-09-18
Will Butt,2000-01-15
Tom Carr-Smith,2002-02-28
Santi Carreras,1998-03-30
Jaco Coetzee,1996-06-10
Joe Cokanasiga,1997-11-15
Thompson Cowan,2002-08-02
Tom de Glanville,1999-12-10
Ciaran Donoghue,2003-01-07
Thomas du Toit,1995-05-05
Tom Dunn,1992-11-12
Austin Emens,2002-02-09
Charlie Ewels,1995-06-29
Dan Frost,1997-04-24
Archie Griffin,2001-07-24
Chris Harris,1990-12-28
Sam Harris,2003-03-09
Louie Hennessey,2004-03-29
Ted Hill,1999-03-26
Ollie Lawrence,1999-09-18
Neil Le Roux,2003-04-16
Ross Molony,1994-05-11
Will Muir,1995-10-30
Beno Obano,1994-10-25
Max Ojomoh,2000-09-14
Guy Pepper,2003-04-21
Cameron Redpath,1999-12-23
Miles Reid,1998-09-06
Ewan Richards,2002-04-06
Quinn Roux,1990-10-30
Finn Russell,1992-09-22
Jasper Spandler,2003-05-21
Ben Spencer,1992-07-31
Ethan Staddon,2002-07-03
Will Stuart,1996-07-12
Mikey Summerfield,2002-10-30
Sam Underhill,1996-07-22
Bernard van der Linde,2000-12-30
Francois van Wyk,1991-07-30
Kieran Verden,1998-11-06
