title,title_en,position,team_name,height,weight,birthday,age,school,shusshin,shikaku,type,url,career_history,caps,representative_team,scraped_url,career_history_en,name_en,name_jp,league
A. Barbeary,A. Barbeary,Flanker,Bath Rugby,,,,,,,,A,,Bath Rugby (2025 - ),,,,Bath Rugby (2025 - ),A. Barbeary,,premiership
Josh Bayliss,Josh Bayliss,Flanker,Bath Rugby,,,,,,,,A,,Bath Rugby (2025 - ),,,,Bath Rugby (2025 - ),Josh Bayliss,,premiership
J. Bennett,J. Bennett,Lock,Bath Rugby,,,,,,,,A,,Bath Rugby (2025 - ),,,,Bath Rugby (2025 - ),J. Bennett,,premiership
J. Coetzee,J. Coetzee,No. 8,Bath Rugby,,,,,,,,A,,Bath Rugby (2025 - ),,,,Bath Rugby (2025 - ),J. Coetzee,,premiership
T. Cowan,T. Cowan,Flanker,Bath Rugby,,,,,,,,A,,Bath Rugby (2025 - ),,,,Bath Rugby (2025 - ),T. Cowan,,premiership
H. Cuckson,H. Cuckson,Lock,Bath Rugby,,,,,,,,A,,Bath Rugby (2025 - ),,,,Bath Rugby (2025 - ),H. Cuckson,,premiership
C. Donoghue,C. Donoghue,Flanker,Bath Rugby,,,,,,,,A,,Bath Rugby (2025 - ),,,,Bath Rugby (2025 - ),C. Donoghue,,premiership
Tom Dunn,Tom Dunn,Hooker,Bath Rugby,,,,,,,,A,,Bath Rugby (2025 - ),,,,Bath Rugby (2025 - ),Tom Dunn,,premiership
I. Emanuel,I. Emanuel,Prop,Bath Rugby,,,,,,,,A,,Bath Rugby (2025 - ),,,,Bath Rugby (2025 - ),I. Emanuel,,premiership
Charlie Ewels,Charlie Ewels,Lock,Bath Rugby,,,,,,,,A,,Bath Rugby (2025 - ),,,,Bath Rugby (2025 - ),Charlie Ewels,,premiership
D. Frost,D. Frost,Hooker,Bath Rugby,,,,,,,,A,,Bath Rugby (2025 - ),,,,Bath Rugby (2025 - ),D. Frost,,premiership
A. Green,A. Green,Flanker,Bath Rugby,,,,,,,,A,,Bath Rugby (2025 - ),,,,Bath Rugby (2025 - ),A. Green,,premiership
Archie Griffin,Archie Griffin,Prop,Bath Rugby,,,,,,,,A,,Bath Rugby (2025 - ),,,,Bath Rugby (2025 - ),Archie Griffin,,premiership
Archie Griffin,Archie Griffin,Prop,Bath Rugby,,,,,,,,A,,Bath Rugby (2025 - ),,,,Bath Rugby (2025 - ),Archie Griffin,,premiership
Ted Hill,Ted Hill,Flanker,Bath Rugby,,,,,,,,A,,Bath Rugby (2025 - ),,,,Bath Rugby (2025 - ),Ted Hill,,premiership
W. Jeanes,W. Jeanes,Lock,Bath Rugby,,,,,,,,A,,Bath Rugby (2025 - ),,,,Bath Rugby (2025 - ),W. Jeanes,,premiership
S. Kirk,S. Kirk,Prop,Bath Rugby,,,,,,,,A,,Bath Rugby (2025 - ),,,,Bath Rugby (2025 - ),S. Kirk,,premiership
J. Maloney,J. Maloney,Lock,Bath Rugby,,,,,,,,A,,Bath Rugby (2025 - ),,,,Bath Rugby (2025 - ),J. Maloney,,premiership
R. Molony,R. Molony,Lock,Bath Rugby,,,,,,,,A,,Bath Rugby (2025 - ),,,,Bath Rugby (2025 - ),R. Molony,,premiership
Beno Obano,Beno Obano,Prop,Bath Rugby,,,,,,,,A,,Bath Rugby (2025 - ),,,,Bath Rugby (2025 - ),Beno Obano,,premiership
E. Opoku Gyamfi,E. Opoku Gyamfi,Lock,Bath Rugby,,,,,,,,A,,Bath Rugby (2025 - ),,,,Bath Rugby (2025 - ),E. Opoku Gyamfi,,premiership
M. Pearce,M. Pearce,Hooker,Bath Rugby,,,,,,,,A,,Bath Rugby (2025 - ),,,,Bath Rugby (2025 - ),M. Pearce,,premiership
Guy Pepper,Guy Pepper,Flanker,Bath Rugby,,,,,,,,A,,Bath Rugby (2025 - ),,,,Bath Rugby (2025 - ),Guy Pepper,,premiership
M. Reid,M. Reid,Flanker,Bath Rugby,,,,,,,,A,,Bath Rugby (2025 - ),,,,Bath Rugby (2025 - ),M. Reid,,premiership
E. Richards,E. Richards,Flanker,Bath Rugby,,,,,,,,A,,Bath Rugby (2025 - ),,,,Bath Rugby (2025 - ),E. Richards,,premiership
A. Ridgway,A. Ridgway,No. 8,Bath Rugby,,,,,,,,A,,Bath Rugby (2025 - ),,,,Bath Rugby (2025 - ),A. Ridgway,,premiership
Quinn Roux,Quinn Roux,Lock,Bath Rugby,,,,,,,,A,,Bath Rugby (2025 - ),,,,Bath Rugby (2025 - ),Quinn Roux,,premiership
B. Sela,B. Sela,Prop,Bath Rugby,,,,,,,,A,,Bath Rugby (2025 - ),,,,Bath Rugby (2025 - ),B. Sela,,premiership
J. Spandler,J. Spandler,Hooker,Bath Rugby,,,,,,,,A,,Bath Rugby (2025 - ),,,,Bath Rugby (2025 - ),J. Spandler,,premiership
E. Staddon,E. Staddon,Flanker,Bath Rugby,,,,,,,,A,,Bath Rugby (2025 - ),,,,Bath Rugby (2025 - ),E. Staddon,,premiership
Will Stuart,Will Stuart,Prop,Bath Rugby,,,,,,,,A,,Bath Rugby (2025 - ),,,,Bath Rugby (2025 - ),Will Stuart,,premiership
M. Summerfield,M. Summerfield,Prop,Bath Rugby,,,,,,,,A,,Bath Rugby (2025 - ),,,,Bath Rugby (2025 - ),M. Summerfield,,premiership
G. Timmins,G. Timmins,Flanker,Bath Rugby,,,,,,,,A,,Bath Rugby (2025 - ),,,,Bath Rugby (2025 - ),G. Timmins,,premiership
C. Treacey,C. Treacey,Flanker,Bath Rugby,,,,,,,,A,,Bath Rugby (2025 - ),,,,Bath Rugby (2025 - ),C. Treacey,,premiership
K. Tuipulotu,K. Tuipulotu,Hooker,Bath Rugby,,,,,,,,A,,Bath Rugby (2025 - ),,,,Bath Rugby (2025 - ),K. Tuipulotu,,premiership
Sam Underhill,Sam Underhill,Flanker,Bath Rugby,,,,,,,,A,,Bath Rugby (2025 - ),,,,Bath Rugby (2025 - ),Sam Underhill,,premiership
K. Verden,K. Verden,Prop,Bath Rugby,,,,,,,,A,,Bath Rugby (2025 - ),,,,Bath Rugby (2025 - ),K. Verden,,premiership
Thomas du Toit,Thomas du Toit,Prop,Bath Rugby,,,,,,,,A,,Bath Rugby (2025 - ),,,,Bath Rugby (2025 - ),Thomas du Toit,,premiership
F. van Wyk,F. van Wyk,Prop,Bath Rugby,,,,,,,,A,,Bath Rugby (2025 - ),,,,Bath Rugby (2025 - ),F. van Wyk,,premiership
Henry Arundell,Henry Arundell,Wing,Bath Rugby,,,,,,,,A,,Bath Rugby (2025 - ),,,,Bath Rugby (2025 - ),Henry Arundell,,premiership
W. Butt,W. Butt,Centre,Bath Rugby,,,,,,,,A,,Bath Rugby (2025 - ),,,,Bath Rugby (2025 - ),W. Butt,,premiership
T. Carr-Smith,T. Carr-Smith,Scrum-half,Bath Rugby,,,,,,,,A,,Bath Rugby (2025 - ),,,,Bath Rugby (2025 - ),T. Carr-Smith,,premiership
Santiago Carreras,Santiago Carreras,Fullback,Bath Rugby,,,,,,,,A,,Bath Rugby (2025 - ),,,,Bath Rugby (2025 - ),Santiago Carreras,,premiership
Joe Cokanasiga,Joe Cokanasiga,Wing,Bath Rugby,,,,,,,,A,,Bath Rugby (2025 - ),,,,Bath Rugby (2025 - ),Joe Cokanasiga,,premiership
I. Davies,I. Davies,Scrum-half,Bath Rugby,,,,,,,,A,,Bath Rugby (2025 - ),,,,Bath Rugby (2025 - ),I. Davies,,premiership
A. Emens,A. Emens,Wing,Bath Rugby,,,,,,,,A,,Bath Rugby (2025 - ),,,,Bath Rugby (2025 - ),A. Emens,,premiership
C. Griffin,C. Griffin,Centre,Bath Rugby,,,,,,,,A,,Bath Rugby (2025 - ),,,,Bath Rugby (2025 - ),C. Griffin,,premiership
S. Harris,S. Harris,Fly-half,Bath Rugby,,,,,,,,A,,Bath Rugby (2025 - ),,,,Bath Rugby (2025 - ),S. Harris,,premiership
Chris Harris,Chris Harris,Centre,Bath Rugby,,,,,,,,A,,Bath Rugby (2025 - ),,,,Bath Rugby (2025 - ),Chris Harris,,premiership
J. Harrison,J. Harrison,Centre,Bath Rugby,,,,,,,,A,,Bath Rugby (2025 - ),,,,Bath Rugby (2025 - ),J. Harrison,,premiership
Louie Hennessey,Louie Hennessey,Centre,Bath Rugby,,,,,,,,A,,Bath Rugby (2025 - ),,,,Bath Rugby (2025 - ),Louie Hennessey,,premiership
Ollie Lawrence,Ollie Lawrence,Centre,Bath Rugby,,,,,,,,A,,Bath Rugby (2025 - ),,,,Bath Rugby (2025 - ),Ollie Lawrence,,premiership
J. Linegar,J. Linegar,Fly-half,Bath Rugby,,,,,,,,A,,Bath Rugby (2025 - ),,,,Bath Rugby (2025 - ),J. Linegar,,premiership
T. Mason,T. Mason,Centre,Bath Rugby,,,,,,,,A,,Bath Rugby (2025 - ),,,,Bath Rugby (2025 - ),T. Mason,,premiership
I. Mears,I. Mears,Scrum-half,Bath Rugby,,,,,,,,A,,Bath Rugby (2025 - ),,,,Bath Rugby (2025 - ),I. Mears,,premiership
Will Muir,Will Muir,Wing,Bath Rugby,,,,,,,,A,,Bath Rugby (2025 - ),,,,Bath Rugby (2025 - ),Will Muir,,premiership
T. Offiah,T. Offiah,Wing,Bath Rugby,,,,,,,,A,,Bath Rugby (2025 - ),,,,Bath Rugby (2025 - ),T. Offiah,,premiership
Max Ojomoh,Max Ojomoh,Centre,Bath Rugby,,,,,,,,A,,Bath Rugby (2025 - ),,,,Bath Rugby (2025 - ),Max Ojomoh,,premiership
Cameron Redpath,Cameron Redpath,Centre,Bath Rugby,,,,,,,,A,,Bath Rugby (2025 - ),,,,Bath Rugby (2025 - ),Cameron Redpath,,premiership
W. Roue,W. Roue,Fly-half,Bath Rugby,,,,,,,,A,,Bath Rugby (2025 - ),,,,Bath Rugby (2025 - ),W. Roue,,premiership
Finn Russell,Finn Russell,Fly-half,Bath Rugby,,,,,,,,A,,Bath Rugby (2025 - ),,,,Bath Rugby (2025 - ),Finn Russell,,premiership
Ben Spencer,Ben Spencer,Scrum-half,Bath Rugby,,,,,,,,A,,Bath Rugby (2025 - ),,,,Bath Rugby (2025 - ),Ben Spencer,,premiership
S. Winters,S. Winters,Wing,Bath Rugby,,,,,,,,A,,Bath Rugby (2025 - ),,,,Bath Rugby (2025 - ),S. Winters,,premiership
J. Woods,J. Woods,Fullback,Bath Rugby,,,,,,,,A,,Bath Rugby (2025 - ),,,,Bath Rugby (2025 - ),J. Woods,,premiership
T. de Glanville,T. de Glanville,Fullback,Bath Rugby,,,,,,,,A,,Bath Rugby (2025 - ),,,,Bath Rugby (2025 - ),T. de Glanville,,premiership
N. le Roux,N. le Roux,Scrum-half,Bath Rugby,,,,,,,,A,,Bath Rugby (2025 - ),,,,Bath Rugby (2025 - ),N. le Roux,,premiership
B. van der Linde,B. van der Linde,Scrum-half,Bath Rugby,,,,,,,,A,,Bath Rugby (2025 - ),,,,Bath Rugby (2025 - ),B. van der Linde,,premiership
S. Barker,S. Barker,Flanker,Bristol Bears,,,,,,,,A,,Bristol Bears (2025 - ),,,,Bristol Bears (2025 - ),S. Barker,,premiership
J. Batley,J. Batley,Lock,Bristol Bears,,,,,,,,A,,Bristol Bears (2025 - ),,,,Bristol Bears (2025 - ),J. Batley,,premiership
W. Capon,W. Capon,Hooker,Bristol Bears,,,,,,,,A,,Bristol Bears (2025 - ),,,,Bristol Bears (2025 - ),W. Capon,,premiership
L. Chawatama,L. Chawatama,Prop,Bristol Bears,,,,,,,,A,,Bristol Bears (2025 - ),,,,Bristol Bears (2025 - ),L. Chawatama,,premiership
K. Cripps,K. Cripps,Flanker,Bristol Bears,,,,,,,,A,,Bristol Bears (2025 - ),,,,Bristol Bears (2025 - ),K. Cripps,,premiership
J. Dun,J. Dun,Lock,Bristol Bears,,,,,,,,A,,Bristol Bears (2025 - ),,,,Bristol Bears (2025 - ),J. Dun,,premiership
J. Edwards,J. Edwards,Flanker,Bristol Bears,,,,,,,,A,,Bristol Bears (2025 - ),,,,Bristol Bears (2025 - ),J. Edwards,,premiership
Ellis Genge,Ellis Genge,Prop,Bristol Bears,,,,,,,,A,,Bristol Bears (2025 - ),,,,Bristol Bears (2025 - ),Ellis Genge,,premiership
S. Grahamslaw,S. Grahamslaw,Prop,Bristol Bears,,,,,,,,A,,Bristol Bears (2025 - ),,,,Bristol Bears (2025 - ),S. Grahamslaw,,premiership
Benjamín Grondona,Benjamín Grondona,No. 8,Bristol Bears,,,,,,,,A,,Bristol Bears (2025 - ),,,,Bristol Bears (2025 - ),Benjamín Grondona,,premiership
Santiago Grondona,Santiago Grondona,Flanker,Bristol Bears,,,,,,,,A,,Bristol Bears (2025 - ),,,,Bristol Bears (2025 - ),Santiago Grondona,,premiership
T. Gwilliam,T. Gwilliam,Hooker,Bristol Bears,,,,,,,,A,,Bristol Bears (2025 - ),,,,Bristol Bears (2025 - ),T. Gwilliam,,premiership
J. Halliwell,J. Halliwell,Prop,Bristol Bears,,,,,,,,A,,Bristol Bears (2025 - ),,,,Bristol Bears (2025 - ),J. Halliwell,,premiership
F. Harding,F. Harding,Flanker,Bristol Bears,,,,,,,,A,,Bristol Bears (2025 - ),,,,Bristol Bears (2025 - ),F. Harding,,premiership
K. Hill,K. Hill,Hooker,Bristol Bears,,,,,,,,A,,Bristol Bears (2025 - ),,,,Bristol Bears (2025 - ),K. Hill,,premiership
Luka Ivanishvili,Luka Ivanishvili,Flanker,Bristol Bears,,,,,,,,A,,Bristol Bears (2025 - ),,,,Bristol Bears (2025 - ),Luka Ivanishvili,,premiership
K. Jenkins,K. Jenkins,Lock,Bristol Bears,,,,,,,,A,,Bristol Bears (2025 - ),,,,Bristol Bears (2025 - ),K. Jenkins,,premiership
G. Kloska,G. Kloska,Prop,Bristol Bears,,,,,,,,A,,Bristol Bears (2025 - ),,,,Bristol Bears (2025 - ),G. Kloska,,premiership
M. Lahiff,M. Lahiff,Prop,Bristol Bears,,,,,,,,A,,Bristol Bears (2025 - ),,,,Bristol Bears (2025 - ),M. Lahiff,,premiership
Steven Luatua,Steven Luatua,Flanker,Bristol Bears,,,,,,,,A,,Bristol Bears (2025 - ),,,,Bristol Bears (2025 - ),Steven Luatua,,premiership
B. Mata,B. Mata,Flanker,Bristol Bears,,,,,,,,A,,Bristol Bears (2025 - ),,,,Bristol Bears (2025 - ),B. Mata,,premiership
Gabriel Oghre,Gabriel Oghre,Hooker,Bristol Bears,,,,,,,,A,,Bristol Bears (2025 - ),,,,Bristol Bears (2025 - ),Gabriel Oghre,,premiership
J. Owen,J. Owen,Lock,Bristol Bears,,,,,,,,A,,Bristol Bears (2025 - ),,,,Bristol Bears (2025 - ),J. Owen,,premiership
P. Pearce,P. Pearce,Flanker,Bristol Bears,,,,,,,,A,,Bristol Bears (2025 - ),,,,Bristol Bears (2025 - ),P. Pearce,,premiership
W. Ramply,W. Ramply,Lock,Bristol Bears,,,,,,,,A,,Bristol Bears (2025 - ),,,,Bristol Bears (2025 - ),W. Ramply,,premiership
Pedro Rubiolo,Pedro Rubiolo,Lock,Bristol Bears,,,,,,,,A,,Bristol Bears (2025 - ),,,,Bristol Bears (2025 - ),Pedro Rubiolo,,premiership
S. Scott,S. Scott,Prop,Bristol Bears,,,,,,,,A,,Bristol Bears (2025 - ),,,,Bristol Bears (2025 - ),S. Scott,,premiership
E. Surrey,E. Surrey,Lock,Bristol Bears,,,,,,,,A,,Bristol Bears (2025 - ),,,,Bristol Bears (2025 - ),E. Surrey,,premiership
G. Taylor,G. Taylor,Lock,Bristol Bears,,,,,,,,A,,Bristol Bears (2025 - ),,,,Bristol Bears (2025 - ),G. Taylor,,premiership
H. Thacker,H. Thacker,Hooker,Bristol Bears,,,,,,,,A,,Bristol Bears (2025 - ),,,,Bristol Bears (2025 - ),H. Thacker,,premiership
L. Trevett,L. Trevett,Prop,Bristol Bears,,,,,,,,A,,Bristol Bears (2025 - ),,,,Bristol Bears (2025 - ),L. Trevett,,premiership
J. Woolmore,J. Woolmore,Prop,Bristol Bears,,,,,,,,A,,Bristol Bears (2025 - ),,,,Bristol Bears (2025 - ),J. Woolmore,,premiership
T. Baker,T. Baker,Centre,Bristol Bears,,,,,,,,A,,Bristol Bears (2025 - ),,,,Bristol Bears (2025 - ),T. Baker,,premiership
J. Bates,J. Bates,Centre,Bristol Bears,,,,,,,,A,,Bristol Bears (2025 - ),,,,Bristol Bears (2025 - ),J. Bates,,premiership
E. Bevan,E. Bevan,Scrum-half,Bristol Bears,,,,,,,,A,,Bristol Bears (2025 - ),,,,Bristol Bears (2025 - ),E. Bevan,,premiership
A. Boshoff,A. Boshoff,Wing,Bristol Bears,,,,,,,,A,,Bristol Bears (2025 - ),,,,Bristol Bears (2025 - ),A. Boshoff,,premiership
J. Carrington,J. Carrington,Fullback,Bristol Bears,,,,,,,,A,,Bristol Bears (2025 - ),,,,Bristol Bears (2025 - ),J. Carrington,,premiership
Benjamín Elizalde,Benjamín Elizalde,Fullback,Bristol Bears,,,,,,,,A,,Bristol Bears (2025 - ),,,,Bristol Bears (2025 - ),Benjamín Elizalde,,premiership
T. Fricker,T. Fricker,Wing,Bristol Bears,,,,,,,,A,,Bristol Bears (2025 - ),,,,Bristol Bears (2025 - ),T. Fricker,,premiership
O. Harris,O. Harris,Wing,Bristol Bears,,,,,,,,A,,Bristol Bears (2025 - ),,,,Bristol Bears (2025 - ),O. Harris,,premiership
N. Heward,N. Heward,Wing,Bristol Bears,,,,,,,,A,,Bristol Bears (2025 - ),,,,Bristol Bears (2025 - ),N. Heward,,premiership
G. Ibitoye,G. Ibitoye,Wing,Bristol Bears,,,,,,,,A,,Bristol Bears (2025 - ),,,,Bristol Bears (2025 - ),G. Ibitoye,,premiership
B. Janse van Rensburg,B. Janse van Rensburg,Centre,Bristol Bears,,,,,,,,A,,Bristol Bears (2025 - ),,,,Bristol Bears (2025 - ),B. Janse van Rensburg,,premiership
J. Jenkins,J. Jenkins,Centre,Bristol Bears,,,,,,,,A,,Bristol Bears (2025 - ),,,,Bristol Bears (2025 - ),J. Jenkins,,premiership
Tom Jordan,Tom Jordan,Centre,Bristol Bears,,,,,,,,A,,Bristol Bears (2025 - ),,,,Bristol Bears (2025 - ),Tom Jordan,,premiership
R. Lane,R. Lane,Wing,Bristol Bears,,,,,,,,A,,Bristol Bears (2025 - ),,,,Bristol Bears (2025 - ),R. Lane,,premiership
O. Lennon,O. Lennon,Scrum-half,Bristol Bears,,,,,,,,A,,Bristol Bears (2025 - ),,,,Bristol Bears (2025 - ),O. Lennon,,premiership
AJ MacGinty,AJ MacGinty,Fly-half,Bristol Bears,,,,,,,,A,,Bristol Bears (2025 - ),,,,Bristol Bears (2025 - ),AJ MacGinty,,premiership
Kieran Marmion,Kieran Marmion,Scrum-half,Bristol Bears,,,,,,,,A,,Bristol Bears (2025 - ),,,,Bristol Bears (2025 - ),Kieran Marmion,,premiership
Matias Moroni,Matias Moroni,Centre,Bristol Bears,,,,,,,,A,,Bristol Bears (2025 - ),,,,Bristol Bears (2025 - ),Matias Moroni,,premiership
E. Morris,E. Morris,Centre,Bristol Bears,,,,,,,,A,,Bristol Bears (2025 - ),,,,Bristol Bears (2025 - ),E. Morris,,premiership
M. Pepper,M. Pepper,Scrum-half,Bristol Bears,,,,,,,,A,,Bristol Bears (2025 - ),,,,Bristol Bears (2025 - ),M. Pepper,,premiership
C. Powell,C. Powell,Wing,Bristol Bears,,,,,,,,A,,Bristol Bears (2025 - ),,,,Bristol Bears (2025 - ),C. Powell,,premiership
M. Protheroe,M. Protheroe,Wing,Bristol Bears,,,,,,,,A,,Bristol Bears (2025 - ),,,,Bristol Bears (2025 - ),M. Protheroe,,premiership
Harry Randall,Harry Randall,Scrum-half,Bristol Bears,,,,,,,,A,,Bristol Bears (2025 - ),,,,Bristol Bears (2025 - ),Harry Randall,,premiership
Kalaveti Ravouvou,Kalaveti Ravouvou,Centre,Bristol Bears,,,,,,,,A,,Bristol Bears (2025 - ),,,,Bristol Bears (2025 - ),Kalaveti Ravouvou,,premiership
Louis Rees-Zammit,Louis Rees-Zammit,Wing,Bristol Bears,,,,,,,,A,,Bristol Bears (2025 - ),,,,Bristol Bears (2025 - ),Louis Rees-Zammit,,premiership
R. Weston,R. Weston,Fly-half,Bristol Bears,,,,,,,,A,,Bristol Bears (2025 - ),,,,Bristol Bears (2025 - ),R. Weston,,premiership
J. Williams,J. Williams,Centre,Bristol Bears,,,,,,,,A,,Bristol Bears (2025 - ),,,,Bristol Bears (2025 - ),J. Williams,,premiership
S. Wolstenholme,S. Wolstenholme,Scrum-half,Bristol Bears,,,,,,,,A,,Bristol Bears (2025 - ),,,,Bristol Bears (2025 - ),S. Wolstenholme,,premiership
S. Worsley,S. Worsley,Fly-half,Bristol Bears,,,,,,,,A,,Bristol Bears (2025 - ),,,,Bristol Bears (2025 - ),S. Worsley,,premiership
V. Worsnip,V. Worsnip,Centre,Bristol Bears,,,,,,,,A,,Bristol Bears (2025 - ),,,,Bristol Bears (2025 - ),V. Worsnip,,premiership
J. Bailey,J. Bailey,Lock,Exeter Chiefs,,,,,,,,A,,Exeter Chiefs (2025 - ),,,,Exeter Chiefs (2025 - ),J. Bailey,,premiership
O. Beckerleg,O. Beckerleg,Lock,Exeter Chiefs,,,,,,,,A,,Exeter Chiefs (2025 - ),,,,Exeter Chiefs (2025 - ),O. Beckerleg,,premiership
A. Bell,A. Bell,Lock,Exeter Chiefs,,,,,,,,A,,Exeter Chiefs (2025 - ),,,,Exeter Chiefs (2025 - ),A. Bell,,premiership
C. Bell,C. Bell,Lock,Exeter Chiefs,,,,,,,,A,,Exeter Chiefs (2025 - ),,,,Exeter Chiefs (2025 - ),C. Bell,,premiership
K. Blose,K. Blose,Prop,Exeter Chiefs,,,,,,,,A,,Exeter Chiefs (2025 - ),,,,Exeter Chiefs (2025 - ),K. Blose,,premiership
E. Burger,E. Burger,Prop,Exeter Chiefs,,,,,,,,A,,Exeter Chiefs (2025 - ),,,,Exeter Chiefs (2025 - ),E. Burger,,premiership
R. Capstick,R. Capstick,Flanker,Exeter Chiefs,,,,,,,,A,,Exeter Chiefs (2025 - ),,,,Exeter Chiefs (2025 - ),R. Capstick,,premiership
Joseph Dweba,Joseph Dweba,Hooker,Exeter Chiefs,,,,,,,,A,,Exeter Chiefs (2025 - ),,,,Exeter Chiefs (2025 - ),Joseph Dweba,,premiership
A. Evans-Fecci,A. Evans-Fecci,Prop,Exeter Chiefs,,,,,,,,A,,Exeter Chiefs (2025 - ),,,,Exeter Chiefs (2025 - ),A. Evans-Fecci,,premiership
G. Fisilau,G. Fisilau,Flanker,Exeter Chiefs,,,,,,,,A,,Exeter Chiefs (2025 - ),,,,Exeter Chiefs (2025 - ),G. Fisilau,,premiership
J. Forsythe,J. Forsythe,Flanker,Exeter Chiefs,,,,,,,,A,,Exeter Chiefs (2025 - ),,,,Exeter Chiefs (2025 - ),J. Forsythe,,premiership
W. Goodrick-Clarke,W. Goodrick-Clarke,Prop,Exeter Chiefs,,,,,,,,A,,Exeter Chiefs (2025 - ),,,,Exeter Chiefs (2025 - ),W. Goodrick-Clarke,,premiership
L. Gulley,L. Gulley,Hooker,Exeter Chiefs,,,,,,,,A,,Exeter Chiefs (2025 - ),,,,Exeter Chiefs (2025 - ),L. Gulley,,premiership
J. Heaven,J. Heaven,Hooker,Exeter Chiefs,,,,,,,,A,,Exeter Chiefs (2025 - ),,,,Exeter Chiefs (2025 - ),J. Heaven,,premiership
Tom Hooper,Tom Hooper,Flanker,Exeter Chiefs,,,,,,,,A,,Exeter Chiefs (2025 - ),,,,Exeter Chiefs (2025 - ),Tom Hooper,,premiership
J. Iosefa-Scott,J. Iosefa-Scott,Prop,Exeter Chiefs,,,,,,,,A,,Exeter Chiefs (2025 - ),,,,Exeter Chiefs (2025 - ),J. Iosefa-Scott,,premiership
K. James,K. James,Flanker,Exeter Chiefs,,,,,,,,A,,Exeter Chiefs (2025 - ),,,,Exeter Chiefs (2025 - ),K. James,,premiership
Dafydd Jenkins,Dafydd Jenkins,Lock,Exeter Chiefs,,,,,,,,A,,Exeter Chiefs (2025 - ),,,,Exeter Chiefs (2025 - ),Dafydd Jenkins,,premiership
M. Moloney,M. Moloney,Flanker,Exeter Chiefs,,,,,,,,A,,Exeter Chiefs (2025 - ),,,,Exeter Chiefs (2025 - ),M. Moloney,,premiership
K. Mona,K. Mona,Prop,Exeter Chiefs,,,,,,,,A,,Exeter Chiefs (2025 - ),,,,Exeter Chiefs (2025 - ),K. Mona,,premiership
S. Moody,S. Moody,Hooker,Exeter Chiefs,,,,,,,,A,,Exeter Chiefs (2025 - ),,,,Exeter Chiefs (2025 - ),S. Moody,,premiership
M. Norey,M. Norey,Hooker,Exeter Chiefs,,,,,,,,A,,Exeter Chiefs (2025 - ),,,,Exeter Chiefs (2025 - ),M. Norey,,premiership
E. Painter,E. Painter,Prop,Exeter Chiefs,,,,,,,,A,,Exeter Chiefs (2025 - ),,,,Exeter Chiefs (2025 - ),E. Painter,,premiership
L. Pearson,L. Pearson,Lock,Exeter Chiefs,,,,,,,,A,,Exeter Chiefs (2025 - ),,,,Exeter Chiefs (2025 - ),L. Pearson,,premiership
Ethan Roots,Ethan Roots,Flanker,Exeter Chiefs,,,,,,,,A,,Exeter Chiefs (2025 - ),,,,Exeter Chiefs (2025 - ),Ethan Roots,,premiership
J. Roots,J. Roots,Prop,Exeter Chiefs,,,,,,,,A,,Exeter Chiefs (2025 - ),,,,Exeter Chiefs (2025 - ),J. Roots,,premiership
Scott Sio,Scott Sio,Prop,Exeter Chiefs,,,,,,,,A,,Exeter Chiefs (2025 - ),,,,Exeter Chiefs (2025 - ),Scott Sio,,premiership
Bachuki Tchumbadze,Bachuki Tchumbadze,Prop,Exeter Chiefs,,,,,,,,A,,Exeter Chiefs (2025 - ),,,,Exeter Chiefs (2025 - ),Bachuki Tchumbadze,,premiership
Christ Tshiunza,Christ Tshiunza,Lock,Exeter Chiefs,,,,,,,,A,,Exeter Chiefs (2025 - ),,,,Exeter Chiefs (2025 - ),Christ Tshiunza,,premiership
R. Tuima,R. Tuima,Lock,Exeter Chiefs,,,,,,,,A,,Exeter Chiefs (2025 - ),,,,Exeter Chiefs (2025 - ),R. Tuima,,premiership
Ross Vintcent,Ross Vintcent,Flanker,Exeter Chiefs,,,,,,,,A,,Exeter Chiefs (2025 - ),,,,Exeter Chiefs (2025 - ),Ross Vintcent,,premiership
F. Worley-Brady,F. Worley-Brady,Flanker,Exeter Chiefs,,,,,,,,A,,Exeter Chiefs (2025 - ),,,,Exeter Chiefs (2025 - ),F. Worley-Brady,,premiership
J. Yeandle,J. Yeandle,Hooker,Exeter Chiefs,,,,,,,,A,,Exeter Chiefs (2025 - ),,,,Exeter Chiefs (2025 - ),J. Yeandle,,premiership
Andrea Zambonin,Andrea Zambonin,Lock,Exeter Chiefs,,,,,,,,A,,Exeter Chiefs (2025 - ),,,,Exeter Chiefs (2025 - ),Andrea Zambonin,,premiership
I. Akinrowo,I. Akinrowo,Centre,Exeter Chiefs,,,,,,,,A,,Exeter Chiefs (2025 - ),,,,Exeter Chiefs (2025 - ),I. Akinrowo,,premiership
N. Allison,N. Allison,Centre,Exeter Chiefs,,,,,,,,A,,Exeter Chiefs (2025 - ),,,,Exeter Chiefs (2025 - ),N. Allison,,premiership
H. Ascherl,H. Ascherl,Centre,Exeter Chiefs,,,,,,,,A,,Exeter Chiefs (2025 - ),,,,Exeter Chiefs (2025 - ),H. Ascherl,,premiership
O. Batson,O. Batson,Centre,Exeter Chiefs,,,,,,,,A,,Exeter Chiefs (2025 - ),,,,Exeter Chiefs (2025 - ),O. Batson,,premiership
W. Becconsall,W. Becconsall,Scrum-half,Exeter Chiefs,,,,,,,,A,,Exeter Chiefs (2025 - ),,,,Exeter Chiefs (2025 - ),W. Becconsall,,premiership
P. Brown-Bampoe,P. Brown-Bampoe,Wing,Exeter Chiefs,,,,,,,,A,,Exeter Chiefs (2025 - ),,,,Exeter Chiefs (2025 - ),P. Brown-Bampoe,,premiership
T. Cairns,T. Cairns,Scrum-half,Exeter Chiefs,,,,,,,,A,,Exeter Chiefs (2025 - ),,,,Exeter Chiefs (2025 - ),T. Cairns,,premiership
C. Chapman,C. Chapman,Scrum-half,Exeter Chiefs,,,,,,,,A,,Exeter Chiefs (2025 - ),,,,Exeter Chiefs (2025 - ),C. Chapman,,premiership
B. Coen,B. Coen,Fly-half,Exeter Chiefs,,,,,,,,A,,Exeter Chiefs (2025 - ),,,,Exeter Chiefs (2025 - ),B. Coen,,premiership
N. Fenton,N. Fenton,Centre,Exeter Chiefs,,,,,,,,A,,Exeter Chiefs (2025 - ),,,,Exeter Chiefs (2025 - ),N. Fenton,,premiership
Immanuel Feyi-Waboso,Immanuel Feyi-Waboso,Wing,Exeter Chiefs,,,,,,,,A,,Exeter Chiefs (2025 - ),,,,Exeter Chiefs (2025 - ),Immanuel Feyi-Waboso,,premiership
K. Gentry,K. Gentry,Centre,Exeter Chiefs,,,,,,,,A,,Exeter Chiefs (2025 - ),,,,Exeter Chiefs (2025 - ),K. Gentry,,premiership
B. Hammersley,B. Hammersley,Wing,Exeter Chiefs,,,,,,,,A,,Exeter Chiefs (2025 - ),,,,Exeter Chiefs (2025 - ),B. Hammersley,,premiership
W. Haydon-Wood,W. Haydon-Wood,Fly-half,Exeter Chiefs,,,,,,,,A,,Exeter Chiefs (2025 - ),,,,Exeter Chiefs (2025 - ),W. Haydon-Wood,,premiership
J. Hodge,J. Hodge,Fullback,Exeter Chiefs,,,,,,,,A,,Exeter Chiefs (2025 - ),,,,Exeter Chiefs (2025 - ),J. Hodge,,premiership
Len Ikitau,Len Ikitau,Centre,Exeter Chiefs,,,,,,,,A,,Exeter Chiefs (2025 - ),,,,Exeter Chiefs (2025 - ),Len Ikitau,,premiership
O. James,O. James,Scrum-half,Exeter Chiefs,,,,,,,,A,,Exeter Chiefs (2025 - ),,,,Exeter Chiefs (2025 - ),O. James,,premiership
I. Jenkins,I. Jenkins,Fly-half,Exeter Chiefs,,,,,,,,A,,Exeter Chiefs (2025 - ),,,,Exeter Chiefs (2025 - ),I. Jenkins,,premiership
D. John,D. John,Wing,Exeter Chiefs,,,,,,,,A,,Exeter Chiefs (2025 - ),,,,Exeter Chiefs (2025 - ),D. John,,premiership
N. Lilley,N. Lilley,Centre,Exeter Chiefs,,,,,,,,A,,Exeter Chiefs (2025 - ),,,,Exeter Chiefs (2025 - ),N. Lilley,,premiership
G. Newman,G. Newman,Scrum-half,Exeter Chiefs,,,,,,,,A,,Exeter Chiefs (2025 - ),,,,Exeter Chiefs (2025 - ),G. Newman,,premiership
C. Ridl,C. Ridl,Centre,Exeter Chiefs,,,,,,,,A,,Exeter Chiefs (2025 - ),,,,Exeter Chiefs (2025 - ),C. Ridl,,premiership
W. Rigg,W. Rigg,Centre,Exeter Chiefs,,,,,,,,A,,Exeter Chiefs (2025 - ),,,,Exeter Chiefs (2025 - ),W. Rigg,,premiership
L. Sinclair,L. Sinclair,Fly-half,Exeter Chiefs,,,,,,,,A,,Exeter Chiefs (2025 - ),,,,Exeter Chiefs (2025 - ),L. Sinclair,,premiership
H. Skinner,H. Skinner,Fly-half,Exeter Chiefs,,,,,,,,A,,Exeter Chiefs (2025 - ),,,,Exeter Chiefs (2025 - ),H. Skinner,,premiership
Henry Slade,Henry Slade,Centre,Exeter Chiefs,,,,,,,,A,,Exeter Chiefs (2025 - ),,,,Exeter Chiefs (2025 - ),Henry Slade,,premiership
T. Tua,T. Tua,Centre,Exeter Chiefs,,,,,,,,A,,Exeter Chiefs (2025 - ),,,,Exeter Chiefs (2025 - ),T. Tua,,premiership
Stephen Varney,Stephen Varney,Scrum-half,Exeter Chiefs,,,,,,,,A,,Exeter Chiefs (2025 - ),,,,Exeter Chiefs (2025 - ),Stephen Varney,,premiership
Z. Wimbush,Z. Wimbush,Wing,Exeter Chiefs,,,,,,,,A,,Exeter Chiefs (2025 - ),,,,Exeter Chiefs (2025 - ),Z. Wimbush,,premiership
O. Woodburn,O. Woodburn,Wing,Exeter Chiefs,,,,,,,,A,,Exeter Chiefs (2025 - ),,,,Exeter Chiefs (2025 - ),O. Woodburn,,premiership
T. Wyatt,T. Wyatt,Wing,Exeter Chiefs,,,,,,,,A,,Exeter Chiefs (2025 - ),,,,Exeter Chiefs (2025 - ),T. Wyatt,,premiership
Matias Alemanno,Matias Alemanno,Lock,Gloucester Rugby,,,,,,,,A,,Gloucester Rugby (2025 - ),,,,Gloucester Rugby (2025 - ),Matias Alemanno,,premiership
G. Alexander,G. Alexander,Prop,Gloucester Rugby,,,,,,,,A,,Gloucester Rugby (2025 - ),,,,Gloucester Rugby (2025 - ),G. Alexander,,premiership
O. Allport,O. Allport,Flanker,Gloucester Rugby,,,,,,,,A,,Gloucester Rugby (2025 - ),,,,Gloucester Rugby (2025 - ),O. Allport,,premiership
J. Basham,J. Basham,Flanker,Gloucester Rugby,,,,,,,,A,,Gloucester Rugby (2025 - ),,,,Gloucester Rugby (2025 - ),J. Basham,,premiership
H. Bellamy,H. Bellamy,Prop,Gloucester Rugby,,,,,,,,A,,Gloucester Rugby (2025 - ),,,,Gloucester Rugby (2025 - ),H. Bellamy,,premiership
J. Benz-Salomon,J. Benz-Salomon,Prop,Gloucester Rugby,,,,,,,,A,,Gloucester Rugby (2025 - ),,,,Gloucester Rugby (2025 - ),J. Benz-Salomon,,premiership
S. Blake,S. Blake,Hooker,Gloucester Rugby,,,,,,,,A,,Gloucester Rugby (2025 - ),,,,Gloucester Rugby (2025 - ),S. Blake,,premiership
D. Bleuler,D. Bleuler,Prop,Gloucester Rugby,,,,,,,,A,,Gloucester Rugby (2025 - ),,,,Gloucester Rugby (2025 - ),D. Bleuler,,premiership
H. Bokenham,H. Bokenham,No. 8,Gloucester Rugby,,,,,,,,A,,Gloucester Rugby (2025 - ),,,,Gloucester Rugby (2025 - ),H. Bokenham,,premiership
M. Boyle-Tiatia,M. Boyle-Tiatia,Hooker,Gloucester Rugby,,,,,,,,A,,Gloucester Rugby (2025 - ),,,,Gloucester Rugby (2025 - ),M. Boyle-Tiatia,,premiership
Arthur Clark,Arthur Clark,Lock,Gloucester Rugby,,,,,,,,A,,Gloucester Rugby (2025 - ),,,,Gloucester Rugby (2025 - ),Arthur Clark,,premiership
J. Clement,J. Clement,Flanker,Gloucester Rugby,,,,,,,,A,,Gloucester Rugby (2025 - ),,,,Gloucester Rugby (2025 - ),J. Clement,,premiership
W. Crane,W. Crane,Hooker,Gloucester Rugby,,,,,,,,A,,Gloucester Rugby (2025 - ),,,,Gloucester Rugby (2025 - ),W. Crane,,premiership
R. Davies,R. Davies,Prop,Gloucester Rugby,,,,,,,,A,,Gloucester Rugby (2025 - ),,,,Gloucester Rugby (2025 - ),R. Davies,,premiership
D. Eite,D. Eite,Lock,Gloucester Rugby,,,,,,,,A,,Gloucester Rugby (2025 - ),,,,Gloucester Rugby (2025 - ),D. Eite,,premiership
A. Fasogbon,A. Fasogbon,Prop,Gloucester Rugby,,,,,,,,A,,Gloucester Rugby (2025 - ),,,,Gloucester Rugby (2025 - ),A. Fasogbon,,premiership
J. Ford-Robinson,J. Ford-Robinson,Prop,Gloucester Rugby,,,,,,,,A,,Gloucester Rugby (2025 - ),,,,Gloucester Rugby (2025 - ),J. Ford-Robinson,,premiership
K. Freeman Price,K. Freeman Price,Hooker,Gloucester Rugby,,,,,,,,A,,Gloucester Rugby (2025 - ),,,,Gloucester Rugby (2025 - ),K. Freeman Price,,premiership
J. Gilbert,J. Gilbert,Flanker,Gloucester Rugby,,,,,,,,A,,Gloucester Rugby (2025 - ),,,,Gloucester Rugby (2025 - ),J. Gilbert,,premiership
Kirill Gotovtsev,Kirill Gotovtsev,Prop,Gloucester Rugby,,,,,,,,A,,Gloucester Rugby (2025 - ),,,,Gloucester Rugby (2025 - ),Kirill Gotovtsev,,premiership
D. Gwynne,D. Gwynne,Flanker,Gloucester Rugby,,,,,,,,A,,Gloucester Rugby (2025 - ),,,,Gloucester Rugby (2025 - ),D. Gwynne,,premiership
J. Innard,J. Innard,Hooker,Gloucester Rugby,,,,,,,,A,,Gloucester Rugby (2025 - ),,,,Gloucester Rugby (2025 - ),J. Innard,,premiership
C. James,C. James,Flanker,Gloucester Rugby,,,,,,,,A,,Gloucester Rugby (2025 - ),,,,Gloucester Rugby (2025 - ),C. James,,premiership
C. Jordan,C. Jordan,Lock,Gloucester Rugby,,,,,,,,A,,Gloucester Rugby (2025 - ),,,,Gloucester Rugby (2025 - ),C. Jordan,,premiership
C. Knight,C. Knight,Prop,Gloucester Rugby,,,,,,,,A,,Gloucester Rugby (2025 - ),,,,Gloucester Rugby (2025 - ),C. Knight,,premiership
G. Knowles,G. Knowles,Hooker,Gloucester Rugby,,,,,,,,A,,Gloucester Rugby (2025 - ),,,,Gloucester Rugby (2025 - ),G. Knowles,,premiership
Nepo Laulala,Nepo Laulala,Prop,Gloucester Rugby,,,,,,,,A,,Gloucester Rugby (2025 - ),,,,Gloucester Rugby (2025 - ),Nepo Laulala,,premiership
Lewis Ludlow,Lewis Ludlow,Flanker,Gloucester Rugby,,,,,,,,A,,Gloucester Rugby (2025 - ),,,,Gloucester Rugby (2025 - ),Lewis Ludlow,,premiership
J. Mann,J. Mann,Flanker,Gloucester Rugby,,,,,,,,A,,Gloucester Rugby (2025 - ),,,,Gloucester Rugby (2025 - ),J. Mann,,premiership
A. McArthur,A. McArthur,Prop,Gloucester Rugby,,,,,,,,A,,Gloucester Rugby (2025 - ),,,,Gloucester Rugby (2025 - ),A. McArthur,,premiership
O. Minnis,O. Minnis,Prop,Gloucester Rugby,,,,,,,,A,,Gloucester Rugby (2025 - ),,,,Gloucester Rugby (2025 - ),O. Minnis,,premiership
P. Paramore,P. Paramore,Lock,Gloucester Rugby,,,,,,,,A,,Gloucester Rugby (2025 - ),,,,Gloucester Rugby (2025 - ),P. Paramore,,premiership
V. Rapava Ruskin,V. Rapava Ruskin,Prop,Gloucester Rugby,,,,,,,,A,,Gloucester Rugby (2025 - ),,,,Gloucester Rugby (2025 - ),V. Rapava Ruskin,,premiership
Jack Singleton,Jack Singleton,Hooker,Gloucester Rugby,,,,,,,,A,,Gloucester Rugby (2025 - ),,,,Gloucester Rugby (2025 - ),Jack Singleton,,premiership
F. Stevens,F. Stevens,Flanker,Gloucester Rugby,,,,,,,,A,,Gloucester Rugby (2025 - ),,,,Gloucester Rugby (2025 - ),F. Stevens,,premiership
H. Taylor,H. Taylor,Flanker,Gloucester Rugby,,,,,,,,A,,Gloucester Rugby (2025 - ),,,,Gloucester Rugby (2025 - ),H. Taylor,,premiership
Freddie Thomas,Freddie Thomas,Flanker,Gloucester Rugby,,,,,,,,A,,Gloucester Rugby (2025 - ),,,,Gloucester Rugby (2025 - ),Freddie Thomas,,premiership
W. Trenholm,W. Trenholm,No. 8,Gloucester Rugby,,,,,,,,A,,Gloucester Rugby (2025 - ),,,,Gloucester Rugby (2025 - ),W. Trenholm,,premiership
J. Venter,J. Venter,Flanker,Gloucester Rugby,,,,,,,,A,,Gloucester Rugby (2025 - ),,,,Gloucester Rugby (2025 - ),J. Venter,,premiership
H. Wright,H. Wright,Prop,Gloucester Rugby,,,,,,,,A,,Gloucester Rugby (2025 - ),,,,Gloucester Rugby (2025 - ),H. Wright,,premiership
Charlie Atkinson,Charlie Atkinson,Fly-half,Gloucester Rugby,,,,,,,,A,,Gloucester Rugby (2025 - ),,,,Gloucester Rugby (2025 - ),Charlie Atkinson,,premiership
Seb Atkinson,Seb Atkinson,Centre,Gloucester Rugby,,,,,,,,A,,Gloucester Rugby (2025 - ),,,,Gloucester Rugby (2025 - ),Seb Atkinson,,premiership
M. Austin,M. Austin,Scrum-half,Gloucester Rugby,,,,,,,,A,,Gloucester Rugby (2025 - ),,,,Gloucester Rugby (2025 - ),M. Austin,,premiership
G. Barton,G. Barton,Fly-half,Gloucester Rugby,,,,,,,,A,,Gloucester Rugby (2025 - ),,,,Gloucester Rugby (2025 - ),G. Barton,,premiership
C. Braley,C. Braley,Scrum-half,Gloucester Rugby,,,,,,,,A,,Gloucester Rugby (2025 - ),,,,Gloucester Rugby (2025 - ),C. Braley,,premiership
W. Butler,W. Butler,Centre,Gloucester Rugby,,,,,,,,A,,Gloucester Rugby (2025 - ),,,,Gloucester Rugby (2025 - ),W. Butler,,premiership
Ross Byrne,Ross Byrne,Fly-half,Gloucester Rugby,,,,,,,,A,,Gloucester Rugby (2025 - ),,,,Gloucester Rugby (2025 - ),Ross Byrne,,premiership
E. Caven,E. Caven,Centre,Gloucester Rugby,,,,,,,,A,,Gloucester Rugby (2025 - ),,,,Gloucester Rugby (2025 - ),E. Caven,,premiership
J. Cotgreave,J. Cotgreave,Wing,Gloucester Rugby,,,,,,,,A,,Gloucester Rugby (2025 - ),,,,Gloucester Rugby (2025 - ),J. Cotgreave,,premiership
G. Dufty,G. Dufty,Wing,Gloucester Rugby,,,,,,,,A,,Gloucester Rugby (2025 - ),,,,Gloucester Rugby (2025 - ),G. Dufty,,premiership
R. Ebanks,R. Ebanks,Scrum-half,Gloucester Rugby,,,,,,,,A,,Gloucester Rugby (2025 - ),,,,Gloucester Rugby (2025 - ),R. Ebanks,,premiership
J. Edwards-Giraud,J. Edwards-Giraud,Wing,Gloucester Rugby,,,,,,,,A,,Gloucester Rugby (2025 - ),,,,Gloucester Rugby (2025 - ),J. Edwards-Giraud,,premiership
C. Englefield,C. Englefield,Scrum-half,Gloucester Rugby,,,,,,,,A,,Gloucester Rugby (2025 - ),,,,Gloucester Rugby (2025 - ),C. Englefield,,premiership
Josh Hathaway,Josh Hathaway,Fullback,Gloucester Rugby,,,,,,,,A,,Gloucester Rugby (2025 - ),,,,Gloucester Rugby (2025 - ),Josh Hathaway,,premiership
H. James,H. James,Centre,Gloucester Rugby,,,,,,,,A,,Gloucester Rugby (2025 - ),,,,Gloucester Rugby (2025 - ),H. James,,premiership
Will Joseph,Will Joseph,Centre,Gloucester Rugby,,,,,,,,A,,Gloucester Rugby (2025 - ),,,,Gloucester Rugby (2025 - ),Will Joseph,,premiership
M. Knight,M. Knight,Fly-half,Gloucester Rugby,,,,,,,,A,,Gloucester Rugby (2025 - ),,,,Gloucester Rugby (2025 - ),M. Knight,,premiership
W. Knight,W. Knight,Centre,Gloucester Rugby,,,,,,,,A,,Gloucester Rugby (2025 - ),,,,Gloucester Rugby (2025 - ),W. Knight,,premiership
Max Llewellyn,Max Llewellyn,Centre,Gloucester Rugby,,,,,,,,A,,Gloucester Rugby (2025 - ),,,,Gloucester Rugby (2025 - ),Max Llewellyn,,premiership
B. Loader,B. Loader,Wing,Gloucester Rugby,,,,,,,,A,,Gloucester Rugby (2025 - ),,,,Gloucester Rugby (2025 - ),B. Loader,,premiership
J. Morris,J. Morris,Wing,Gloucester Rugby,,,,,,,,A,,Gloucester Rugby (2025 - ),,,,Gloucester Rugby (2025 - ),J. Morris,,premiership
R. Price,R. Price,Scrum-half,Gloucester Rugby,,,,,,,,A,,Gloucester Rugby (2025 - ),,,,Gloucester Rugby (2025 - ),R. Price,,premiership
B. Redshaw,B. Redshaw,Wing,Gloucester Rugby,,,,,,,,A,,Gloucester Rugby (2025 - ),,,,Gloucester Rugby (2025 - ),B. Redshaw,,premiership
R. Russell,R. Russell,Wing,Gloucester Rugby,,,,,,,,A,,Gloucester Rugby (2025 - ),,,,Gloucester Rugby (2025 - ),R. Russell,,premiership
Ollie Thorley,Ollie Thorley,Wing,Gloucester Rugby,,,,,,,,A,,Gloucester Rugby (2025 - ),,,,Gloucester Rugby (2025 - ),Ollie Thorley,,premiership
Tomos Williams,Tomos Williams,Scrum-half,Gloucester Rugby,,,,,,,,A,,Gloucester Rugby (2025 - ),,,,Gloucester Rugby (2025 - ),Tomos Williams,,premiership
F. Baxter,F. Baxter,Prop,Harlequins,,,,,,,,A,,Harlequins (2025 - ),,,,Harlequins (2025 - ),F. Baxter,,premiership
S. Bland,S. Bland,Prop,Harlequins,,,,,,,,A,,Harlequins (2025 - ),,,,Harlequins (2025 - ),S. Bland,,premiership
H. Browne,H. Browne,Lock,Harlequins,,,,,,,,A,,Harlequins (2025 - ),,,,Harlequins (2025 - ),H. Browne,,premiership
Z. Carr,Z. Carr,Flanker,Harlequins,,,,,,,,A,,Harlequins (2025 - ),,,,Harlequins (2025 - ),Z. Carr,,premiership
E. Clarke,E. Clarke,Prop,Harlequins,,,,,,,,A,,Harlequins (2025 - ),,,,Harlequins (2025 - ),E. Clarke,,premiership
Chandler Cunningham-South,Chandler Cunningham-South,Flanker,Harlequins,,,,,,,,A,,Harlequins (2025 - ),,,,Harlequins (2025 - ),Chandler Cunningham-South,,premiership
Pedro Delgado,Pedro Delgado,Prop,Harlequins,,,,,,,,A,,Harlequins (2025 - ),,,,Harlequins (2025 - ),Pedro Delgado,,premiership
C. Doak,C. Doak,Prop,Harlequins,,,,,,,,A,,Harlequins (2025 - ),,,,Harlequins (2025 - ),C. Doak,,premiership
Alex Dombrandt,Alex Dombrandt,No. 8,Harlequins,,,,,,,,A,,Harlequins (2025 - ),,,,Harlequins (2025 - ),Alex Dombrandt,,premiership
J. Doorey-Palmer,J. Doorey-Palmer,Hooker,Harlequins,,,,,,,,A,,Harlequins (2025 - ),,,,Harlequins (2025 - ),J. Doorey-Palmer,,premiership
S. Driscoll,S. Driscoll,Flanker,Harlequins,,,,,,,,A,,Harlequins (2025 - ),,,,Harlequins (2025 - ),S. Driscoll,,premiership
J. Els,J. Els,Prop,Harlequins,,,,,,,,A,,Harlequins (2025 - ),,,,Harlequins (2025 - ),J. Els,,premiership
W. Evans,W. Evans,Flanker,Harlequins,,,,,,,,A,,Harlequins (2025 - ),,,,Harlequins (2025 - ),W. Evans,,premiership
J. Gorleku,J. Gorleku,Hooker,Harlequins,,,,,,,,A,,Harlequins (2025 - ),,,,Harlequins (2025 - ),J. Gorleku,,premiership
J. Green,J. Green,Lock,Harlequins,,,,,,,,A,,Harlequins (2025 - ),,,,Harlequins (2025 - ),J. Green,,premiership
A. Heaney,A. Heaney,Prop,Harlequins,,,,,,,,A,,Harlequins (2025 - ),,,,Harlequins (2025 - ),A. Heaney,,premiership
W. Hobson,W. Hobson,Prop,Harlequins,,,,,,,,A,,Harlequins (2025 - ),,,,Harlequins (2025 - ),W. Hobson,,premiership
J. Jones,J. Jones,Prop,Harlequins,,,,,,,,A,,Harlequins (2025 - ),,,,Harlequins (2025 - ),J. Jones,,premiership
J. Kenningham,J. Kenningham,Flanker,Harlequins,,,,,,,,A,,Harlequins (2025 - ),,,,Harlequins (2025 - ),J. Kenningham,,premiership
S. Kerrod,S. Kerrod,Prop,Harlequins,,,,,,,,A,,Harlequins (2025 - ),,,,Harlequins (2025 - ),S. Kerrod,,premiership
Titi Lamositele,Titi Lamositele,Prop,Harlequins,,,,,,,,A,,Harlequins (2025 - ),,,,Harlequins (2025 - ),Titi Lamositele,,premiership
B. Langton-Cryer,B. Langton-Cryer,Lock,Harlequins,,,,,,,,A,,Harlequins (2025 - ),,,,Harlequins (2025 - ),B. Langton-Cryer,,premiership
Joe Launchbury,Joe Launchbury,Lock,Harlequins,,,,,,,,A,,Harlequins (2025 - ),,,,Harlequins (2025 - ),Joe Launchbury,,premiership
T. Lawday,T. Lawday,Flanker,Harlequins,,,,,,,,A,,Harlequins (2025 - ),,,,Harlequins (2025 - ),T. Lawday,,premiership
Stephan Lewies,Stephan Lewies,Lock,Harlequins,,,,,,,,A,,Harlequins (2025 - ),,,,Harlequins (2025 - ),Stephan Lewies,,premiership
O. McCormack,O. McCormack,Flanker,Harlequins,,,,,,,,A,,Harlequins (2025 - ),,,,Harlequins (2025 - ),O. McCormack,,premiership
J. Miller,J. Miller,Prop,Harlequins,,,,,,,,A,,Harlequins (2025 - ),,,,Harlequins (2025 - ),J. Miller,,premiership
B. Murphy,B. Murphy,Prop,Harlequins,,,,,,,,A,,Harlequins (2025 - ),,,,Harlequins (2025 - ),B. Murphy,,premiership
J. Musk,J. Musk,Hooker,Harlequins,,,,,,,,A,,Harlequins (2025 - ),,,,Harlequins (2025 - ),J. Musk,,premiership
Guido Petti,Guido Petti,Flanker,Harlequins,,,,,,,,A,,Harlequins (2025 - ),,,,Harlequins (2025 - ),Guido Petti,,premiership
S. Riley,S. Riley,Hooker,Harlequins,,,,,,,,A,,Harlequins (2025 - ),,,,Harlequins (2025 - ),S. Riley,,premiership
L. Schmid,L. Schmid,Flanker,Harlequins,,,,,,,,A,,Harlequins (2025 - ),,,,Harlequins (2025 - ),L. Schmid,,premiership
J. Staples,J. Staples,Hooker,Harlequins,,,,,,,,A,,Harlequins (2025 - ),,,,Harlequins (2025 - ),J. Staples,,premiership
O. Streeter,O. Streeter,Prop,Harlequins,,,,,,,,A,,Harlequins (2025 - ),,,,Harlequins (2025 - ),O. Streeter,,premiership
Kieran Treadwell,Kieran Treadwell,Lock,Harlequins,,,,,,,,A,,Harlequins (2025 - ),,,,Harlequins (2025 - ),Kieran Treadwell,,premiership
George Turner,George Turner,Hooker,Harlequins,,,,,,,,A,,Harlequins (2025 - ),,,,Harlequins (2025 - ),George Turner,,premiership
Jack Walker,Jack Walker,Hooker,Harlequins,,,,,,,,A,,Harlequins (2025 - ),,,,Harlequins (2025 - ),Jack Walker,,premiership
Boris Wenger,Boris Wenger,Prop,Harlequins,,,,,,,,A,,Harlequins (2025 - ),,,,Harlequins (2025 - ),Boris Wenger,,premiership
T. Williams,T. Williams,No. 8,Harlequins,,,,,,,,A,,Harlequins (2025 - ),,,,Harlequins (2025 - ),T. Williams,,premiership
E. Williams,E. Williams,Lock,Harlequins,,,,,,,,A,,Harlequins (2025 - ),,,,Harlequins (2025 - ),E. Williams,,premiership
Harry Williams,Harry Williams,Prop,Harlequins,,,,,,,,A,,Harlequins (2025 - ),,,,Harlequins (2025 - ),Harry Williams,,premiership
L. Yendle,L. Yendle,Prop,Harlequins,,,,,,,,A,,Harlequins (2025 - ),,,,Harlequins (2025 - ),L. Yendle,,premiership
C. Anderson,C. Anderson,Fullback,Harlequins,,,,,,,,A,,Harlequins (2025 - ),,,,Harlequins (2025 - ),C. Anderson,,premiership
Oscar Beard,Oscar Beard,Centre,Harlequins,,,,,,,,A,,Harlequins (2025 - ),,,,Harlequins (2025 - ),Oscar Beard,,premiership
J. Bellamy,J. Bellamy,Fullback,Harlequins,,,,,,,,A,,Harlequins (2025 - ),,,,Harlequins (2025 - ),J. Bellamy,,premiership
J. Benson,J. Benson,Fly-half,Harlequins,,,,,,,,A,,Harlequins (2025 - ),,,,Harlequins (2025 - ),J. Benson,,premiership
B. Bradley,B. Bradley,Centre,Harlequins,,,,,,,,A,,Harlequins (2025 - ),,,,Harlequins (2025 - ),B. Bradley,,premiership
C. Byrne,C. Byrne,Wing,Harlequins,,,,,,,,A,,Harlequins (2025 - ),,,,Harlequins (2025 - ),C. Byrne,,premiership
C. Cleaves,C. Cleaves,Wing,Harlequins,,,,,,,,A,,Harlequins (2025 - ),,,,Harlequins (2025 - ),C. Cleaves,,premiership
N. David,N. David,Wing,Harlequins,,,,,,,,A,,Harlequins (2025 - ),,,,Harlequins (2025 - ),N. David,,premiership
Jarrod Evans,Jarrod Evans,Fly-half,Harlequins,,,,,,,,A,,Harlequins (2025 - ),,,,Harlequins (2025 - ),Jarrod Evans,,premiership
L. Friday,L. Friday,Scrum-half,Harlequins,,,,,,,,A,,Harlequins (2025 - ),,,,Harlequins (2025 - ),L. Friday,,premiership
M. Green,M. Green,Scrum-half,Harlequins,,,,,,,,A,,Harlequins (2025 - ),,,,Harlequins (2025 - ),M. Green,,premiership
T. Green,T. Green,Fullback,Harlequins,,,,,,,,A,,Harlequins (2025 - ),,,,Harlequins (2025 - ),T. Green,,premiership
H. Hyde,H. Hyde,Centre,Harlequins,,,,,,,,A,,Harlequins (2025 - ),,,,Harlequins (2025 - ),H. Hyde,,premiership
R. Isgro,R. Isgro,Wing,Harlequins,,,,,,,,A,,Harlequins (2025 - ),,,,Harlequins (2025 - ),R. Isgro,,premiership
S. Kerr,S. Kerr,Centre,Harlequins,,,,,,,,A,,Harlequins (2025 - ),,,,Harlequins (2025 - ),S. Kerr,,premiership
L. Kolade,L. Kolade,Centre,Harlequins,,,,,,,,A,,Harlequins (2025 - ),,,,Harlequins (2025 - ),L. Kolade,,premiership
F. McMillan,F. McMillan,Centre,Harlequins,,,,,,,,A,,Harlequins (2025 - ),,,,Harlequins (2025 - ),F. McMillan,,premiership
Cadan Murley,Cadan Murley,Wing,Harlequins,,,,,,,,A,,Harlequins (2025 - ),,,,Harlequins (2025 - ),Cadan Murley,,premiership
J. Murray,J. Murray,Scrum-half,Harlequins,,,,,,,,A,,Harlequins (2025 - ),,,,Harlequins (2025 - ),J. Murray,,premiership
Luke Northmore,Luke Northmore,Centre,Harlequins,,,,,,,,A,,Harlequins (2025 - ),,,,Harlequins (2025 - ),Luke Northmore,,premiership
W. Porter,W. Porter,Scrum-half,Harlequins,,,,,,,,A,,Harlequins (2025 - ),,,,Harlequins (2025 - ),W. Porter,,premiership
T. Povey,T. Povey,Wing,Harlequins,,,,,,,,A,,Harlequins (2025 - ),,,,Harlequins (2025 - ),T. Povey,,premiership
C. Slevin,C. Slevin,Fullback,Harlequins,,,,,,,,A,,Harlequins (2025 - ),,,,Harlequins (2025 - ),C. Slevin,,premiership
M. Smith,M. Smith,Fly-half,Harlequins,,,,,,,,A,,Harlequins (2025 - ),,,,Harlequins (2025 - ),M. Smith,,premiership
S. Townsend,S. Townsend,Scrum-half,Harlequins,,,,,,,,A,,Harlequins (2025 - ),,,,Harlequins (2025 - ),S. Townsend,,premiership
B. Waghorn,B. Waghorn,Centre,Harlequins,,,,,,,,A,,Harlequins (2025 - ),,,,Harlequins (2025 - ),B. Waghorn,,premiership
Jamie Blamire,Jamie Blamire,Hooker,Leicester Tigers,,,,,,,,A,,Leicester Tigers (2025 - ),,,,Leicester Tigers (2025 - ),Jamie Blamire,,premiership
J. Cherry,J. Cherry,Flanker,Leicester Tigers,,,,,,,,A,,Leicester Tigers (2025 - ),,,,Leicester Tigers (2025 - ),J. Cherry,,premiership
L. Chessum,L. Chessum,Lock,Leicester Tigers,,,,,,,,A,,Leicester Tigers (2025 - ),,,,Leicester Tigers (2025 - ),L. Chessum,,premiership
Ollie Chessum,Ollie Chessum,Lock,Leicester Tigers,,,,,,,,A,,Leicester Tigers (2025 - ),,,,Leicester Tigers (2025 - ),Ollie Chessum,,premiership
C. Clare,C. Clare,Hooker,Leicester Tigers,,,,,,,,A,,Leicester Tigers (2025 - ),,,,Leicester Tigers (2025 - ),C. Clare,,premiership
Olly Cracknell,Olly Cracknell,Flanker,Leicester Tigers,,,,,,,,A,,Leicester Tigers (2025 - ),,,,Leicester Tigers (2025 - ),Olly Cracknell,,premiership
T. Haffar,T. Haffar,Prop,Leicester Tigers,,,,,,,,A,,Leicester Tigers (2025 - ),,,,Leicester Tigers (2025 - ),T. Haffar,,premiership
Cameron Henderson,Cameron Henderson,Lock,Leicester Tigers,,,,,,,,A,,Leicester Tigers (2025 - ),,,,Leicester Tigers (2025 - ),Cameron Henderson,,premiership
Joe Heyes,Joe Heyes,Prop,Leicester Tigers,,,,,,,,A,,Leicester Tigers (2025 - ),,,,Leicester Tigers (2025 - ),Joe Heyes,,premiership
Will Hurd,Will Hurd,Prop,Leicester Tigers,,,,,,,,A,,Leicester Tigers (2025 - ),,,,Leicester Tigers (2025 - ),Will Hurd,,premiership
E. Ilione,E. Ilione,Flanker,Leicester Tigers,,,,,,,,A,,Leicester Tigers (2025 - ),,,,Leicester Tigers (2025 - ),E. Ilione,,premiership
T. Kofe,T. Kofe,Prop,Leicester Tigers,,,,,,,,A,,Leicester Tigers (2025 - ),,,,Leicester Tigers (2025 - ),T. Kofe,,premiership
H. Liebenberg,H. Liebenberg,Flanker,Leicester Tigers,,,,,,,,A,,Leicester Tigers (2025 - ),,,,Leicester Tigers (2025 - ),H. Liebenberg,,premiership
M. Loggenberg,M. Loggenberg,Flanker,Leicester Tigers,,,,,,,,A,,Leicester Tigers (2025 - ),,,,Leicester Tigers (2025 - ),M. Loggenberg,,premiership
Ale Loman,Ale Loman,Prop,Leicester Tigers,,,,,,,,A,,Leicester Tigers (2025 - ),,,,Leicester Tigers (2025 - ),Ale Loman,,premiership
T. Maka,T. Maka,Prop,Leicester Tigers,,,,,,,,A,,Leicester Tigers (2025 - ),,,,Leicester Tigers (2025 - ),T. Maka,,premiership
J. Manz,J. Manz,Flanker,Leicester Tigers,,,,,,,,A,,Leicester Tigers (2025 - ),,,,Leicester Tigers (2025 - ),J. Manz,,premiership
T. Manz,T. Manz,Lock,Leicester Tigers,,,,,,,,A,,Leicester Tigers (2025 - ),,,,Leicester Tigers (2025 - ),T. Manz,,premiership
G. Marsh,G. Marsh,Lock,Leicester Tigers,,,,,,,,A,,Leicester Tigers (2025 - ),,,,Leicester Tigers (2025 - ),G. Marsh,,premiership
George Martin,George Martin,Lock,Leicester Tigers,,,,,,,,A,,Leicester Tigers (2025 - ),,,,Leicester Tigers (2025 - ),George Martin,,premiership
C. Miell,C. Miell,Flanker,Leicester Tigers,,,,,,,,A,,Leicester Tigers (2025 - ),,,,Leicester Tigers (2025 - ),C. Miell,,premiership
Joaquín Moro,Joaquín Moro,Flanker,Leicester Tigers,,,,,,,,A,,Leicester Tigers (2025 - ),,,,Leicester Tigers (2025 - ),Joaquín Moro,,premiership
H. Palmer,H. Palmer,Lock,Leicester Tigers,,,,,,,,A,,Leicester Tigers (2025 - ),,,,Leicester Tigers (2025 - ),H. Palmer,,premiership
Tommy Reffell,Tommy Reffell,Flanker,Leicester Tigers,,,,,,,,A,,Leicester Tigers (2025 - ),,,,Leicester Tigers (2025 - ),Tommy Reffell,,premiership
Nicky Smith,Nicky Smith,Prop,Leicester Tigers,,,,,,,,A,,Leicester Tigers (2025 - ),,,,Leicester Tigers (2025 - ),Nicky Smith,,premiership
J. Stewart,J. Stewart,Hooker,Leicester Tigers,,,,,,,,A,,Leicester Tigers (2025 - ),,,,Leicester Tigers (2025 - ),J. Stewart,,premiership
F. Theobald-Thomas,F. Theobald-Thomas,Hooker,Leicester Tigers,,,,,,,,A,,Leicester Tigers (2025 - ),,,,Leicester Tigers (2025 - ),F. Theobald-Thomas,,premiership
O. Thomas,O. Thomas,Flanker,Leicester Tigers,,,,,,,,A,,Leicester Tigers (2025 - ),,,,Leicester Tigers (2025 - ),O. Thomas,,premiership
J. Thompson,J. Thompson,Lock,Leicester Tigers,,,,,,,,A,,Leicester Tigers (2025 - ),,,,Leicester Tigers (2025 - ),J. Thompson,,premiership
Harry Wells,Harry Wells,Lock,Leicester Tigers,,,,,,,,A,,Leicester Tigers (2025 - ),,,,Leicester Tigers (2025 - ),Harry Wells,,premiership
S. Williams,S. Williams,Flanker,Leicester Tigers,,,,,,,,A,,Leicester Tigers (2025 - ),,,,Leicester Tigers (2025 - ),S. Williams,,premiership
A. van der Flier,A. van der Flier,Prop,Leicester Tigers,,,,,,,,A,,Leicester Tigers (2025 - ),,,,Leicester Tigers (2025 - ),A. van der Flier,,premiership
O. Allan,O. Allan,Scrum-half,Leicester Tigers,,,,,,,,A,,Leicester Tigers (2025 - ),,,,Leicester Tigers (2025 - ),O. Allan,,premiership
O. Bailey,O. Bailey,Fly-half,Leicester Tigers,,,,,,,,A,,Leicester Tigers (2025 - ),,,,Leicester Tigers (2025 - ),O. Bailey,,premiership
C. Bemand,C. Bemand,Scrum-half,Leicester Tigers,,,,,,,,A,,Leicester Tigers (2025 - ),,,,Leicester Tigers (2025 - ),C. Bemand,,premiership
R. Crowley,R. Crowley,Centre,Leicester Tigers,,,,,,,,A,,Leicester Tigers (2025 - ),,,,Leicester Tigers (2025 - ),R. Crowley,,premiership
Gabriel Hamer-Webb,Gabriel Hamer-Webb,Wing,Leicester Tigers,,,,,,,,A,,Leicester Tigers (2025 - ),,,,Leicester Tigers (2025 - ),Gabriel Hamer-Webb,,premiership
Ollie Hassell-Collins,Ollie Hassell-Collins,Wing,Leicester Tigers,,,,,,,,A,,Leicester Tigers (2025 - ),,,,Leicester Tigers (2025 - ),Ollie Hassell-Collins,,premiership
K. Izu,K. Izu,Fullback,Leicester Tigers,,,,,,,,A,,Leicester Tigers (2025 - ),,,,Leicester Tigers (2025 - ),K. Izu,,premiership
Solomone Kata,Solomone Kata,Centre,Leicester Tigers,,,,,,,,A,,Leicester Tigers (2025 - ),,,,Leicester Tigers (2025 - ),Solomone Kata,,premiership
W. McCarthy,W. McCarthy,Centre,Leicester Tigers,,,,,,,,A,,Leicester Tigers (2025 - ),,,,Leicester Tigers (2025 - ),W. McCarthy,,premiership
S. Mercer,S. Mercer,Wing,Leicester Tigers,,,,,,,,A,,Leicester Tigers (2025 - ),,,,Leicester Tigers (2025 - ),S. Mercer,,premiership
C. Myall,C. Myall,Centre,Leicester Tigers,,,,,,,,A,,Leicester Tigers (2025 - ),,,,Leicester Tigers (2025 - ),C. Myall,,premiership
James O'Connor,James O'Connor,Fly-half,Leicester Tigers,,,,,,,,A,,Leicester Tigers (2025 - ),,,,Leicester Tigers (2025 - ),James O'Connor,,premiership
G. Pearson,G. Pearson,Wing,Leicester Tigers,,,,,,,,A,,Leicester Tigers (2025 - ),,,,Leicester Tigers (2025 - ),G. Pearson,,premiership
Izaia Perese,Izaia Perese,Centre,Leicester Tigers,,,,,,,,A,,Leicester Tigers (2025 - ),,,,Leicester Tigers (2025 - ),Izaia Perese,,premiership
Adam Radwan,Adam Radwan,Wing,Leicester Tigers,,,,,,,,A,,Leicester Tigers (2025 - ),,,,Leicester Tigers (2025 - ),Adam Radwan,,premiership
B. Searle,B. Searle,Fly-half,Leicester Tigers,,,,,,,,A,,Leicester Tigers (2025 - ),,,,Leicester Tigers (2025 - ),B. Searle,,premiership
Freddie Steward,Freddie Steward,Fullback,Leicester Tigers,,,,,,,,A,,Leicester Tigers (2025 - ),,,,Leicester Tigers (2025 - ),Freddie Steward,,premiership
T. Threlfall,T. Threlfall,Fly-half,Leicester Tigers,,,,,,,,A,,Leicester Tigers (2025 - ),,,,Leicester Tigers (2025 - ),T. Threlfall,,premiership
C. Titcombe,C. Titcombe,Fly-half,Leicester Tigers,,,,,,,,A,,Leicester Tigers (2025 - ),,,,Leicester Tigers (2025 - ),C. Titcombe,,premiership
W. Wand,W. Wand,Centre,Leicester Tigers,,,,,,,,A,,Leicester Tigers (2025 - ),,,,Leicester Tigers (2025 - ),W. Wand,,premiership
T. Whiteley,T. Whiteley,Scrum-half,Leicester Tigers,,,,,,,,A,,Leicester Tigers (2025 - ),,,,Leicester Tigers (2025 - ),T. Whiteley,,premiership
J. Woodward,J. Woodward,Centre,Leicester Tigers,,,,,,,,A,,Leicester Tigers (2025 - ),,,,Leicester Tigers (2025 - ),J. Woodward,,premiership
Jack van Poortvliet,Jack van Poortvliet,Scrum-half,Leicester Tigers,,,,,,,,A,,Leicester Tigers (2025 - ),,,,Leicester Tigers (2025 - ),Jack van Poortvliet,,premiership
S. Adejimi,S. Adejimi,Hooker,Newcastle Falcons,,,,,,,,A,,Newcastle Falcons (2025 - ),,,,Newcastle Falcons (2025 - ),S. Adejimi,,premiership
F. Baker,F. Baker,Lock,Newcastle Falcons,,,,,,,,A,,Newcastle Falcons (2025 - ),,,,Newcastle Falcons (2025 - ),F. Baker,,premiership
Eduardo Bello,Eduardo Bello,Prop,Newcastle Falcons,,,,,,,,A,,Newcastle Falcons (2025 - ),,,,Newcastle Falcons (2025 - ),Eduardo Bello,,premiership
G. Bolam,G. Bolam,Flanker,Newcastle Falcons,,,,,,,,A,,Newcastle Falcons (2025 - ),,,,Newcastle Falcons (2025 - ),G. Bolam,,premiership
A. Brocklebank,A. Brocklebank,Prop,Newcastle Falcons,,,,,,,,A,,Newcastle Falcons (2025 - ),,,,Newcastle Falcons (2025 - ),A. Brocklebank,,premiership
T. Cardall,T. Cardall,Lock,Newcastle Falcons,,,,,,,,A,,Newcastle Falcons (2025 - ),,,,Newcastle Falcons (2025 - ),T. Cardall,,premiership
T. Christie,T. Christie,Flanker,Newcastle Falcons,,,,,,,,A,,Newcastle Falcons (2025 - ),,,,Newcastle Falcons (2025 - ),T. Christie,,premiership
F. Clarke,F. Clarke,Lock,Newcastle Falcons,,,,,,,,A,,Newcastle Falcons (2025 - ),,,,Newcastle Falcons (2025 - ),F. Clarke,,premiership
H. Faiva,H. Faiva,Hooker,Newcastle Falcons,,,,,,,,A,,Newcastle Falcons (2025 - ),,,,Newcastle Falcons (2025 - ),H. Faiva,,premiership
O. Fletcher,O. Fletcher,Hooker,Newcastle Falcons,,,,,,,,A,,Newcastle Falcons (2025 - ),,,,Newcastle Falcons (2025 - ),O. Fletcher,,premiership
T. Gordon,T. Gordon,Flanker,Newcastle Falcons,,,,,,,,A,,Newcastle Falcons (2025 - ),,,,Newcastle Falcons (2025 - ),T. Gordon,,premiership
B. Gordon,B. Gordon,Hooker,Newcastle Falcons,,,,,,,,A,,Newcastle Falcons (2025 - ),,,,Newcastle Falcons (2025 - ),B. Gordon,,premiership
C. Hancock,C. Hancock,Prop,Newcastle Falcons,,,,,,,,A,,Newcastle Falcons (2025 - ),,,,Newcastle Falcons (2025 - ),C. Hancock,,premiership
C. Hancock,C. Hancock,Prop,Newcastle Falcons,,,,,,,,A,,Newcastle Falcons (2025 - ),,,,Newcastle Falcons (2025 - ),C. Hancock,,premiership
J. Hawkins,J. Hawkins,Lock,Newcastle Falcons,,,,,,,,A,,Newcastle Falcons (2025 - ),,,,Newcastle Falcons (2025 - ),J. Hawkins,,premiership
Jamie Hodgson,Jamie Hodgson,Lock,Newcastle Falcons,,,,,,,,A,,Newcastle Falcons (2025 - ),,,,Newcastle Falcons (2025 - ),Jamie Hodgson,,premiership
E. Kitenge-Fuki,E. Kitenge-Fuki,Prop,Newcastle Falcons,,,,,,,,A,,Newcastle Falcons (2025 - ),,,,Newcastle Falcons (2025 - ),E. Kitenge-Fuki,,premiership
O. Leatherbarrow,O. Leatherbarrow,Flanker,Newcastle Falcons,,,,,,,,A,,Newcastle Falcons (2025 - ),,,,Newcastle Falcons (2025 - ),O. Leatherbarrow,,premiership
F. Lee-Warner,F. Lee-Warner,Lock,Newcastle Falcons,,,,,,,,A,,Newcastle Falcons (2025 - ),,,,Newcastle Falcons (2025 - ),F. Lee-Warner,,premiership
F. Lockwood,F. Lockwood,Flanker,Newcastle Falcons,,,,,,,,A,,Newcastle Falcons (2025 - ),,,,Newcastle Falcons (2025 - ),F. Lockwood,,premiership
Amanaki Mafi,Amanaki Mafi,Flanker,Newcastle Falcons,,,,,,,,A,,Newcastle Falcons (2025 - ),,,,Newcastle Falcons (2025 - ),Amanaki Mafi,,premiership
Murray McCallum,Murray McCallum,Prop,Newcastle Falcons,,,,,,,,A,,Newcastle Falcons (2025 - ),,,,Newcastle Falcons (2025 - ),Murray McCallum,,premiership
G. McGuigan,G. McGuigan,Hooker,Newcastle Falcons,,,,,,,,A,,Newcastle Falcons (2025 - ),,,,Newcastle Falcons (2025 - ),G. McGuigan,,premiership
C. Neild,C. Neild,Flanker,Newcastle Falcons,,,,,,,,A,,Newcastle Falcons (2025 - ),,,,Newcastle Falcons (2025 - ),C. Neild,,premiership
R. Palframan,R. Palframan,Prop,Newcastle Falcons,,,,,,,,A,,Newcastle Falcons (2025 - ),,,,Newcastle Falcons (2025 - ),R. Palframan,,premiership
R. Parsons,R. Parsons,Flanker,Newcastle Falcons,,,,,,,,A,,Newcastle Falcons (2025 - ),,,,Newcastle Falcons (2025 - ),R. Parsons,,premiership
F. Renwick,F. Renwick,Hooker,Newcastle Falcons,,,,,,,,A,,Newcastle Falcons (2025 - ),,,,Newcastle Falcons (2025 - ),F. Renwick,,premiership
M. Rewcastle,M. Rewcastle,Prop,Newcastle Falcons,,,,,,,,A,,Newcastle Falcons (2025 - ),,,,Newcastle Falcons (2025 - ),M. Rewcastle,,premiership
A. Scott,A. Scott,Lock,Newcastle Falcons,,,,,,,,A,,Newcastle Falcons (2025 - ),,,,Newcastle Falcons (2025 - ),A. Scott,,premiership
C. Turnbull,C. Turnbull,Hooker,Newcastle Falcons,,,,,,,,A,,Newcastle Falcons (2025 - ),,,,Newcastle Falcons (2025 - ),C. Turnbull,,premiership
O. Usher,O. Usher,Lock,Newcastle Falcons,,,,,,,,A,,Newcastle Falcons (2025 - ),,,,Newcastle Falcons (2025 - ),O. Usher,,premiership
L. de Bruin,L. de Bruin,Prop,Newcastle Falcons,,,,,,,,A,,Newcastle Falcons (2025 - ),,,,Newcastle Falcons (2025 - ),L. de Bruin,,premiership
S. de Chaves,S. de Chaves,Lock,Newcastle Falcons,,,,,,,,A,,Newcastle Falcons (2025 - ),,,,Newcastle Falcons (2025 - ),S. de Chaves,,premiership
Sammy Arnold,Sammy Arnold,Centre,Newcastle Falcons,,,,,,,,A,,Newcastle Falcons (2025 - ),,,,Newcastle Falcons (2025 - ),Sammy Arnold,,premiership
R. Beeckmans,R. Beeckmans,Centre,Newcastle Falcons,,,,,,,,A,,Newcastle Falcons (2025 - ),,,,Newcastle Falcons (2025 - ),R. Beeckmans,,premiership
S. Benitez Cruz,S. Benitez Cruz,Scrum-half,Newcastle Falcons,,,,,,,,A,,Newcastle Falcons (2025 - ),,,,Newcastle Falcons (2025 - ),S. Benitez Cruz,,premiership
B. Chamberlain,B. Chamberlain,Fly-half,Newcastle Falcons,,,,,,,,A,,Newcastle Falcons (2025 - ),,,,Newcastle Falcons (2025 - ),B. Chamberlain,,premiership
M. Clark,M. Clark,Centre,Newcastle Falcons,,,,,,,,A,,Newcastle Falcons (2025 - ),,,,Newcastle Falcons (2025 - ),M. Clark,,premiership
S. Coetzee,S. Coetzee,Wing,Newcastle Falcons,,,,,,,,A,,Newcastle Falcons (2025 - ),,,,Newcastle Falcons (2025 - ),S. Coetzee,,premiership
B. Connon,B. Connon,Fly-half,Newcastle Falcons,,,,,,,,A,,Newcastle Falcons (2025 - ),,,,Newcastle Falcons (2025 - ),B. Connon,,premiership
J. Davis,J. Davis,Scrum-half,Newcastle Falcons,,,,,,,,A,,Newcastle Falcons (2025 - ),,,,Newcastle Falcons (2025 - ),J. Davis,,premiership
J. Dickens,J. Dickens,Scrum-half,Newcastle Falcons,,,,,,,,A,,Newcastle Falcons (2025 - ),,,,Newcastle Falcons (2025 - ),J. Dickens,,premiership
C. Doherty,C. Doherty,Centre,Newcastle Falcons,,,,,,,,A,,Newcastle Falcons (2025 - ),,,,Newcastle Falcons (2025 - ),C. Doherty,,premiership
J. Elliott,J. Elliott,Scrum-half,Newcastle Falcons,,,,,,,,A,,Newcastle Falcons (2025 - ),,,,Newcastle Falcons (2025 - ),J. Elliott,,premiership
E. Grayson,E. Grayson,Fly-half,Newcastle Falcons,,,,,,,,A,,Newcastle Falcons (2025 - ),,,,Newcastle Falcons (2025 - ),E. Grayson,,premiership
J. Grayson,J. Grayson,Wing,Newcastle Falcons,,,,,,,,A,,Newcastle Falcons (2025 - ),,,,Newcastle Falcons (2025 - ),J. Grayson,,premiership
N. Greenwood,N. Greenwood,Wing,Newcastle Falcons,,,,,,,,A,,Newcastle Falcons (2025 - ),,,,Newcastle Falcons (2025 - ),N. Greenwood,,premiership
A. Hearle,A. Hearle,Centre,Newcastle Falcons,,,,,,,,A,,Newcastle Falcons (2025 - ),,,,Newcastle Falcons (2025 - ),A. Hearle,,premiership
C. Hutchison,C. Hutchison,Centre,Newcastle Falcons,,,,,,,,A,,Newcastle Falcons (2025 - ),,,,Newcastle Falcons (2025 - ),C. Hutchison,,premiership
S. Moore,S. Moore,Centre,Newcastle Falcons,,,,,,,,A,,Newcastle Falcons (2025 - ),,,,Newcastle Falcons (2025 - ),S. Moore,,premiership
J. Newton,J. Newton,Fly-half,Newcastle Falcons,,,,,,,,A,,Newcastle Falcons (2025 - ),,,,Newcastle Falcons (2025 - ),J. Newton,,premiership
H. Obatoyinbo,H. Obatoyinbo,Wing,Newcastle Falcons,,,,,,,,A,,Newcastle Falcons (2025 - ),,,,Newcastle Falcons (2025 - ),H. Obatoyinbo,,premiership
E. Obatoyinbo,E. Obatoyinbo,Fullback,Newcastle Falcons,,,,,,,,A,,Newcastle Falcons (2025 - ),,,,Newcastle Falcons (2025 - ),E. Obatoyinbo,,premiership
O. Spencer,O. Spencer,Centre,Newcastle Falcons,,,,,,,,A,,Newcastle Falcons (2025 - ),,,,Newcastle Falcons (2025 - ),O. Spencer,,premiership
S. Stuart,S. Stuart,Scrum-half,Newcastle Falcons,,,,,,,,A,,Newcastle Falcons (2025 - ),,,,Newcastle Falcons (2025 - ),S. Stuart,,premiership
Christian Wade,Christian Wade,Wing,Newcastle Falcons,,,,,,,,A,,Newcastle Falcons (2025 - ),,,,Newcastle Falcons (2025 - ),Christian Wade,,premiership
S. Waugh,S. Waugh,Centre,Newcastle Falcons,,,,,,,,A,,Newcastle Falcons (2025 - ),,,,Newcastle Falcons (2025 - ),S. Waugh,,premiership
Liam Williams,Liam Williams,Fullback,Newcastle Falcons,,,,,,,,A,,Newcastle Falcons (2025 - ),,,,Newcastle Falcons (2025 - ),Liam Williams,,premiership
A. Ainsworth-Cave,A. Ainsworth-Cave,Flanker,Northampton Saints,,,,,,,,A,,Northampton Saints (2025 - ),,,,Northampton Saints (2025 - ),A. Ainsworth-Cave,,premiership
B. Alexander,B. Alexander,Hooker,Northampton Saints,,,,,,,,A,,Northampton Saints (2025 - ),,,,Northampton Saints (2025 - ),B. Alexander,,premiership
E. Atuanya,E. Atuanya,Lock,Northampton Saints,,,,,,,,A,,Northampton Saints (2025 - ),,,,Northampton Saints (2025 - ),E. Atuanya,,premiership
J. Bennett,J. Bennett,Lock,Northampton Saints,,,,,,,,A,,Northampton Saints (2025 - ),,,,Northampton Saints (2025 - ),J. Bennett,,premiership
A. Benson,A. Benson,Flanker,Northampton Saints,,,,,,,,A,,Northampton Saints (2025 - ),,,,Northampton Saints (2025 - ),A. Benson,,premiership
F. Brown,F. Brown,Lock,Northampton Saints,,,,,,,,A,,Northampton Saints (2025 - ),,,,Northampton Saints (2025 - ),F. Brown,,premiership
Callum Chick,Callum Chick,Flanker,Northampton Saints,,,,,,,,A,,Northampton Saints (2025 - ),,,,Northampton Saints (2025 - ),Callum Chick,,premiership
Alex Coles,Alex Coles,Lock,Northampton Saints,,,,,,,,A,,Northampton Saints (2025 - ),,,,Northampton Saints (2025 - ),Alex Coles,,premiership
J. Cowell,J. Cowell,Prop,Northampton Saints,,,,,,,,A,,Northampton Saints (2025 - ),,,,Northampton Saints (2025 - ),J. Cowell,,premiership
Trevor Davison,Trevor Davison,Prop,Northampton Saints,,,,,,,,A,,Northampton Saints (2025 - ),,,,Northampton Saints (2025 - ),Trevor Davison,,premiership
Danilo Fischetti,Danilo Fischetti,Prop,Northampton Saints,,,,,,,,A,,Northampton Saints (2025 - ),,,,Northampton Saints (2025 - ),Danilo Fischetti,,premiership
S. Graham,S. Graham,Flanker,Northampton Saints,,,,,,,,A,,Northampton Saints (2025 - ),,,,Northampton Saints (2025 - ),S. Graham,,premiership
L. Green,L. Green,Prop,Northampton Saints,,,,,,,,A,,Northampton Saints (2025 - ),,,,Northampton Saints (2025 - ),L. Green,,premiership
E. Iyogun,E. Iyogun,Prop,Northampton Saints,,,,,,,,A,,Northampton Saints (2025 - ),,,,Northampton Saints (2025 - ),E. Iyogun,,premiership
Josh Kemeny,Josh Kemeny,Flanker,Northampton Saints,,,,,,,,A,,Northampton Saints (2025 - ),,,,Northampton Saints (2025 - ),Josh Kemeny,,premiership
Cleopas Kundiona,Cleopas Kundiona,Prop,Northampton Saints,,,,,,,,A,,Northampton Saints (2025 - ),,,,Northampton Saints (2025 - ),Cleopas Kundiona,,premiership
Curtis Langdon,Curtis Langdon,Hooker,Northampton Saints,,,,,,,,A,,Northampton Saints (2025 - ),,,,Northampton Saints (2025 - ),Curtis Langdon,,premiership
J. Lewis,J. Lewis,Flanker,Northampton Saints,,,,,,,,A,,Northampton Saints (2025 - ),,,,Northampton Saints (2025 - ),J. Lewis,,premiership
T. Lockett,T. Lockett,Lock,Northampton Saints,,,,,,,,A,,Northampton Saints (2025 - ),,,,Northampton Saints (2025 - ),T. Lockett,,premiership
Marco Manfredi,Marco Manfredi,Hooker,Northampton Saints,,,,,,,,A,,Northampton Saints (2025 - ),,,,Northampton Saints (2025 - ),Marco Manfredi,,premiership
E. Millar-Mills,E. Millar-Mills,Prop,Northampton Saints,,,,,,,,A,,Northampton Saints (2025 - ),,,,Northampton Saints (2025 - ),E. Millar-Mills,,premiership
C. Munga,C. Munga,Lock,Northampton Saints,,,,,,,,A,,Northampton Saints (2025 - ),,,,Northampton Saints (2025 - ),C. Munga,,premiership
Tom Pearson,Tom Pearson,Flanker,Northampton Saints,,,,,,,,A,,Northampton Saints (2025 - ),,,,Northampton Saints (2025 - ),Tom Pearson,,premiership
Henry Pollock,Henry Pollock,Flanker,Northampton Saints,,,,,,,,A,,Northampton Saints (2025 - ),,,,Northampton Saints (2025 - ),Henry Pollock,,premiership
E. Prowse,E. Prowse,Lock,Northampton Saints,,,,,,,,A,,Northampton Saints (2025 - ),,,,Northampton Saints (2025 - ),E. Prowse,,premiership
O. Scola,O. Scola,Prop,Northampton Saints,,,,,,,,A,,Northampton Saints (2025 - ),,,,Northampton Saints (2025 - ),O. Scola,,premiership
A. Scott-Young,A. Scott-Young,Flanker,Northampton Saints,,,,,,,,A,,Northampton Saints (2025 - ),,,,Northampton Saints (2025 - ),A. Scott-Young,,premiership
Robbie Smith,Robbie Smith,Hooker,Northampton Saints,,,,,,,,A,,Northampton Saints (2025 - ),,,,Northampton Saints (2025 - ),Robbie Smith,,premiership
S. Tonga'uiha,S. Tonga'uiha,Prop,Northampton Saints,,,,,,,,A,,Northampton Saints (2025 - ),,,,Northampton Saints (2025 - ),S. Tonga'uiha,,premiership
C. Ulcoq,C. Ulcoq,Flanker,Northampton Saints,,,,,,,,A,,Northampton Saints (2025 - ),,,,Northampton Saints (2025 - ),C. Ulcoq,,premiership
H. Walker,H. Walker,Hooker,Northampton Saints,,,,,,,,A,,Northampton Saints (2025 - ),,,,Northampton Saints (2025 - ),H. Walker,,premiership
T. West,T. West,Prop,Northampton Saints,,,,,,,,A,,Northampton Saints (2025 - ),,,,Northampton Saints (2025 - ),T. West,,premiership
C. Wright,C. Wright,Hooker,Northampton Saints,,,,,,,,A,,Northampton Saints (2025 - ),,,,Northampton Saints (2025 - ),C. Wright,,premiership
J. van der Mescht,J. van der Mescht,Lock,Northampton Saints,,,,,,,,A,,Northampton Saints (2025 - ),,,,Northampton Saints (2025 - ),J. van der Mescht,,premiership
Anthony Belleau,Anthony Belleau,Fly-half,Northampton Saints,,,,,,,,A,,Northampton Saints (2025 - ),,,,Northampton Saints (2025 - ),Anthony Belleau,,premiership
A. Caqusau,A. Caqusau,Wing,Northampton Saints,,,,,,,,A,,Northampton Saints (2025 - ),,,,Northampton Saints (2025 - ),A. Caqusau,,premiership
Fraser Dingwall,Fraser Dingwall,Centre,Northampton Saints,,,,,,,,A,,Northampton Saints (2025 - ),,,,Northampton Saints (2025 - ),Fraser Dingwall,,premiership
Tommy Freeman,Tommy Freeman,Wing,Northampton Saints,,,,,,,,A,,Northampton Saints (2025 - ),,,,Northampton Saints (2025 - ),Tommy Freeman,,premiership
George Furbank,George Furbank,Fullback,Northampton Saints,,,,,,,,A,,Northampton Saints (2025 - ),,,,Northampton Saints (2025 - ),George Furbank,,premiership
W. Glister,W. Glister,Wing,Northampton Saints,,,,,,,,A,,Northampton Saints (2025 - ),,,,Northampton Saints (2025 - ),W. Glister,,premiership
G. Hendy,G. Hendy,Fullback,Northampton Saints,,,,,,,,A,,Northampton Saints (2025 - ),,,,Northampton Saints (2025 - ),G. Hendy,,premiership
Rory Hutchinson,Rory Hutchinson,Centre,Northampton Saints,,,,,,,,A,,Northampton Saints (2025 - ),,,,Northampton Saints (2025 - ),Rory Hutchinson,,premiership
T. James,T. James,Scrum-half,Northampton Saints,,,,,,,,A,,Northampton Saints (2025 - ),,,,Northampton Saints (2025 - ),T. James,,premiership
T. Litchfield,T. Litchfield,Centre,Northampton Saints,,,,,,,,A,,Northampton Saints (2025 - ),,,,Northampton Saints (2025 - ),T. Litchfield,,premiership
H. Lumley,H. Lumley,Centre,Northampton Saints,,,,,,,,A,,Northampton Saints (2025 - ),,,,Northampton Saints (2025 - ),H. Lumley,,premiership
J. Martin,J. Martin,Wing,Northampton Saints,,,,,,,,A,,Northampton Saints (2025 - ),,,,Northampton Saints (2025 - ),J. Martin,,premiership
A. McParland,A. McParland,Scrum-half,Northampton Saints,,,,,,,,A,,Northampton Saints (2025 - ),,,,Northampton Saints (2025 - ),A. McParland,,premiership
Alex Mitchell,Alex Mitchell,Scrum-half,Northampton Saints,,,,,,,,A,,Northampton Saints (2025 - ),,,,Northampton Saints (2025 - ),Alex Mitchell,,premiership
B. Pasco,B. Pasco,Centre,Northampton Saints,,,,,,,,A,,Northampton Saints (2025 - ),,,,Northampton Saints (2025 - ),B. Pasco,,premiership
J. Pater,J. Pater,Fullback,Northampton Saints,,,,,,,,A,,Northampton Saints (2025 - ),,,,Northampton Saints (2025 - ),J. Pater,,premiership
A. Pugh,A. Pugh,Scrum-half,Northampton Saints,,,,,,,,A,,Northampton Saints (2025 - ),,,,Northampton Saints (2025 - ),A. Pugh,,premiership
J. Ramm,J. Ramm,Wing,Northampton Saints,,,,,,,,A,,Northampton Saints (2025 - ),,,,Northampton Saints (2025 - ),J. Ramm,,premiership
T. Rowe,T. Rowe,Wing,Northampton Saints,,,,,,,,A,,Northampton Saints (2025 - ),,,,Northampton Saints (2025 - ),T. Rowe,,premiership
Ollie Sleightholme,Ollie Sleightholme,Wing,Northampton Saints,,,,,,,,A,,Northampton Saints (2025 - ),,,,Northampton Saints (2025 - ),Ollie Sleightholme,,premiership
Fin Smith,Fin Smith,Fly-half,Northampton Saints,,,,,,,,A,,Northampton Saints (2025 - ),,,,Northampton Saints (2025 - ),Fin Smith,,premiership
F. St John,F. St John,Centre,Northampton Saints,,,,,,,,A,,Northampton Saints (2025 - ),,,,Northampton Saints (2025 - ),F. St John,,premiership
T. Thame,T. Thame,Centre,Northampton Saints,,,,,,,,A,,Northampton Saints (2025 - ),,,,Northampton Saints (2025 - ),T. Thame,,premiership
E. Todaro,E. Todaro,Centre,Northampton Saints,,,,,,,,A,,Northampton Saints (2025 - ),,,,Northampton Saints (2025 - ),E. Todaro,,premiership
J. Weimann,J. Weimann,Scrum-half,Northampton Saints,,,,,,,,A,,Northampton Saints (2025 - ),,,,Northampton Saints (2025 - ),J. Weimann,,premiership
H. Andrews,H. Andrews,Lock,Sale Sharks,,,,,,,,A,,Sale Sharks (2025 - ),,,,Sale Sharks (2025 - ),H. Andrews,,premiership
B. Bamber,B. Bamber,Lock,Sale Sharks,,,,,,,,A,,Sale Sharks (2025 - ),,,,Sale Sharks (2025 - ),B. Bamber,,premiership
P. Bell,P. Bell,Prop,Sale Sharks,,,,,,,,A,,Sale Sharks (2025 - ),,,,Sale Sharks (2025 - ),P. Bell,,premiership
R. Birch,R. Birch,Flanker,Sale Sharks,,,,,,,,A,,Sale Sharks (2025 - ),,,,Sale Sharks (2025 - ),R. Birch,,premiership
T. Burrow,T. Burrow,Lock,Sale Sharks,,,,,,,,A,,Sale Sharks (2025 - ),,,,Sale Sharks (2025 - ),T. Burrow,,premiership
E. Caine,E. Caine,Hooker,Sale Sharks,,,,,,,,A,,Sale Sharks (2025 - ),,,,Sale Sharks (2025 - ),E. Caine,,premiership
Luke Cowan-Dickie,Luke Cowan-Dickie,Hooker,Sale Sharks,,,,,,,,A,,Sale Sharks (2025 - ),,,,Sale Sharks (2025 - ),Luke Cowan-Dickie,,premiership
Ben Curry,Ben Curry,Flanker,Sale Sharks,,,,,,,,A,,Sale Sharks (2025 - ),,,,Sale Sharks (2025 - ),Ben Curry,,premiership
Tom Curry,Tom Curry,Flanker,Sale Sharks,,,,,,,,A,,Sale Sharks (2025 - ),,,,Sale Sharks (2025 - ),Tom Curry,,premiership
H. Davies,H. Davies,Flanker,Sale Sharks,,,,,,,,A,,Sale Sharks (2025 - ),,,,Sale Sharks (2025 - ),H. Davies,,premiership
S. Dugdale,S. Dugdale,Flanker,Sale Sharks,,,,,,,,A,,Sale Sharks (2025 - ),,,,Sale Sharks (2025 - ),S. Dugdale,,premiership
J. Gilmore,J. Gilmore,Lock,Sale Sharks,,,,,,,,A,,Sale Sharks (2025 - ),,,,Sale Sharks (2025 - ),J. Gilmore,,premiership
J. Harper,J. Harper,Prop,Sale Sharks,,,,,,,,A,,Sale Sharks (2025 - ),,,,Sale Sharks (2025 - ),J. Harper,,premiership
D. Hodkinson,D. Hodkinson,Lock,Sale Sharks,,,,,,,,A,,Sale Sharks (2025 - ),,,,Sale Sharks (2025 - ),D. Hodkinson,,premiership
P. Hogg,P. Hogg,Lock,Sale Sharks,,,,,,,,A,,Sale Sharks (2025 - ),,,,Sale Sharks (2025 - ),P. Hogg,,premiership
N. Jibulu,N. Jibulu,Hooker,Sale Sharks,,,,,,,,A,,Sale Sharks (2025 - ),,,,Sale Sharks (2025 - ),N. Jibulu,,premiership
WillGriff John,WillGriff John,Prop,Sale Sharks,,,,,,,,A,,Sale Sharks (2025 - ),,,,Sale Sharks (2025 - ),WillGriff John,,premiership
S. Kelly,S. Kelly,Flanker,Sale Sharks,,,,,,,,A,,Sale Sharks (2025 - ),,,,Sale Sharks (2025 - ),S. Kelly,,premiership
R. Logan,R. Logan,Flanker,Sale Sharks,,,,,,,,A,,Sale Sharks (2025 - ),,,,Sale Sharks (2025 - ),R. Logan,,premiership
A. Longstaff,A. Longstaff,Hooker,Sale Sharks,,,,,,,,A,,Sale Sharks (2025 - ),,,,Sale Sharks (2025 - ),A. Longstaff,,premiership
R. McEachran,R. McEachran,Prop,Sale Sharks,,,,,,,,A,,Sale Sharks (2025 - ),,,,Sale Sharks (2025 - ),R. McEachran,,premiership
T. McElroy,T. McElroy,Hooker,Sale Sharks,,,,,,,,A,,Sale Sharks (2025 - ),,,,Sale Sharks (2025 - ),T. McElroy,,premiership
S. McIntyre,S. McIntyre,Prop,Sale Sharks,,,,,,,,A,,Sale Sharks (2025 - ),,,,Sale Sharks (2025 - ),S. McIntyre,,premiership
T. Onasanya,T. Onasanya,Prop,Sale Sharks,,,,,,,,A,,Sale Sharks (2025 - ),,,,Sale Sharks (2025 - ),T. Onasanya,,premiership
Asher Opoku-Fordjour,Asher Opoku-Fordjour,Prop,Sale Sharks,,,,,,,,A,,Sale Sharks (2025 - ),,,,Sale Sharks (2025 - ),Asher Opoku-Fordjour,,premiership
T. Raymont,T. Raymont,Prop,Sale Sharks,,,,,,,,A,,Sale Sharks (2025 - ),,,,Sale Sharks (2025 - ),T. Raymont,,premiership
Bevan Rodd,Bevan Rodd,Prop,Sale Sharks,,,,,,,,A,,Sale Sharks (2025 - ),,,,Sale Sharks (2025 - ),Bevan Rodd,,premiership
J. Vermeulen,J. Vermeulen,Flanker,Sale Sharks,,,,,,,,A,,Sale Sharks (2025 - ),,,,Sale Sharks (2025 - ),J. Vermeulen,,premiership
T. Woodman,T. Woodman,Flanker,Sale Sharks,,,,,,,,A,,Sale Sharks (2025 - ),,,,Sale Sharks (2025 - ),T. Woodman,,premiership
Dan du Preez,Dan du Preez,Flanker,Sale Sharks,,,,,,,,A,,Sale Sharks (2025 - ),,,,Sale Sharks (2025 - ),Dan du Preez,,premiership
E. van Rhyn,E. van Rhyn,Lock,Sale Sharks,,,,,,,,A,,Sale Sharks (2025 - ),,,,Sale Sharks (2025 - ),E. van Rhyn,,premiership
S. Bedlow,S. Bedlow,Centre,Sale Sharks,,,,,,,,A,,Sale Sharks (2025 - ),,,,Sale Sharks (2025 - ),S. Bedlow,,premiership
J. Bedlow,J. Bedlow,Centre,Sale Sharks,,,,,,,,A,,Sale Sharks (2025 - ),,,,Sale Sharks (2025 - ),J. Bedlow,,premiership
A. Bradshaw,A. Bradshaw,Wing,Sale Sharks,,,,,,,,A,,Sale Sharks (2025 - ),,,,Sale Sharks (2025 - ),A. Bradshaw,,premiership
J. Carpenter,J. Carpenter,Fullback,Sale Sharks,,,,,,,,A,,Sale Sharks (2025 - ),,,,Sale Sharks (2025 - ),J. Carpenter,,premiership
T. Curtis,T. Curtis,Fly-half,Sale Sharks,,,,,,,,A,,Sale Sharks (2025 - ),,,,Sale Sharks (2025 - ),T. Curtis,,premiership
O. Davies,O. Davies,Fly-half,Sale Sharks,,,,,,,,A,,Sale Sharks (2025 - ),,,,Sale Sharks (2025 - ),O. Davies,,premiership
O. Ene,O. Ene,Wing,Sale Sharks,,,,,,,,A,,Sale Sharks (2025 - ),,,,Sale Sharks (2025 - ),O. Ene,,premiership
George Ford,George Ford,Fly-half,Sale Sharks,,,,,,,,A,,Sale Sharks (2025 - ),,,,Sale Sharks (2025 - ),George Ford,,premiership
R. Grace,R. Grace,Wing,Sale Sharks,,,,,,,,A,,Sale Sharks (2025 - ),,,,Sale Sharks (2025 - ),R. Grace,,premiership
D. Hanson,D. Hanson,Scrum-half,Sale Sharks,,,,,,,,A,,Sale Sharks (2025 - ),,,,Sale Sharks (2025 - ),D. Hanson,,premiership
L. James,L. James,Centre,Sale Sharks,,,,,,,,A,,Sale Sharks (2025 - ),,,,Sale Sharks (2025 - ),L. James,,premiership
S. Krippner,S. Krippner,Wing,Sale Sharks,,,,,,,,A,,Sale Sharks (2025 - ),,,,Sale Sharks (2025 - ),S. Krippner,,premiership
M. Louw,M. Louw,Centre,Sale Sharks,,,,,,,,A,,Sale Sharks (2025 - ),,,,Sale Sharks (2025 - ),M. Louw,,premiership
R. Ma'asi-White,R. Ma'asi-White,Centre,Sale Sharks,,,,,,,,A,,Sale Sharks (2025 - ),,,,Sale Sharks (2025 - ),R. Ma'asi-White,,premiership
T. O'Flaherty,T. O'Flaherty,Wing,Sale Sharks,,,,,,,,A,,Sale Sharks (2025 - ),,,,Sale Sharks (2025 - ),T. O'Flaherty,,premiership
Raffi Quirke,Raffi Quirke,Scrum-half,Sale Sharks,,,,,,,,A,,Sale Sharks (2025 - ),,,,Sale Sharks (2025 - ),Raffi Quirke,,premiership
Arron Reed,Arron Reed,Wing,Sale Sharks,,,,,,,,A,,Sale Sharks (2025 - ),,,,Sale Sharks (2025 - ),Arron Reed,,premiership
O. Roberts,O. Roberts,Centre,Sale Sharks,,,,,,,,A,,Sale Sharks (2025 - ),,,,Sale Sharks (2025 - ),O. Roberts,,premiership
Tom Roebuck,Tom Roebuck,Wing,Sale Sharks,,,,,,,,A,,Sale Sharks (2025 - ),,,,Sale Sharks (2025 - ),Tom Roebuck,,premiership
N. Thomas,N. Thomas,Scrum-half,Sale Sharks,,,,,,,,A,,Sale Sharks (2025 - ),,,,Sale Sharks (2025 - ),N. Thomas,,premiership
Gus Warr,Gus Warr,Scrum-half,Sale Sharks,,,,,,,,A,,Sale Sharks (2025 - ),,,,Sale Sharks (2025 - ),Gus Warr,,premiership
G. Wehr,G. Wehr,Wing,Sale Sharks,,,,,,,,A,,Sale Sharks (2025 - ),,,,Sale Sharks (2025 - ),G. Wehr,,premiership
A. Wills,A. Wills,Wing,Sale Sharks,,,,,,,,A,,Sale Sharks (2025 - ),,,,Sale Sharks (2025 - ),A. Wills,,premiership
T. Wilson,T. Wilson,Centre,Sale Sharks,,,,,,,,A,,Sale Sharks (2025 - ),,,,Sale Sharks (2025 - ),T. Wilson,,premiership
W. Wootton,W. Wootton,Scrum-half,Sale Sharks,,,,,,,,A,,Sale Sharks (2025 - ),,,,Sale Sharks (2025 - ),W. Wootton,,premiership
Robert du Preez,Robert du Preez,Fly-half,Sale Sharks,,,,,,,,A,,Sale Sharks (2025 - ),,,,Sale Sharks (2025 - ),Robert du Preez,,premiership
T. Adegbemile,T. Adegbemile,Lock,Saracens,,,,,,,,A,,Saracens (2025 - ),,,,Saracens (2025 - ),T. Adegbemile,,premiership
S. Adejimi,S. Adejimi,Hooker,Saracens,,,,,,,,A,,Saracens (2025 - ),,,,Saracens (2025 - ),S. Adejimi,,premiership
H. Beaton,H. Beaton,Prop,Saracens,,,,,,,,A,,Saracens (2025 - ),,,,Saracens (2025 - ),H. Beaton,,premiership
P. Brantingham,P. Brantingham,Prop,Saracens,,,,,,,,A,,Saracens (2025 - ),,,,Saracens (2025 - ),P. Brantingham,,premiership
R. Carre,R. Carre,Prop,Saracens,,,,,,,,A,,Saracens (2025 - ),,,,Saracens (2025 - ),R. Carre,,premiership
A. Clarey,A. Clarey,Prop,Saracens,,,,,,,,A,,Saracens (2025 - ),,,,Saracens (2025 - ),A. Clarey,,premiership
E. Clarke,E. Clarke,Hooker,Saracens,,,,,,,,A,,Saracens (2025 - ),,,,Saracens (2025 - ),E. Clarke,,premiership
Theo Dan,Theo Dan,Hooker,Saracens,,,,,,,,A,,Saracens (2025 - ),,,,Saracens (2025 - ),Theo Dan,,premiership
M. Dehauteur,M. Dehauteur,Lock,Saracens,,,,,,,,A,,Saracens (2025 - ),,,,Saracens (2025 - ),M. Dehauteur,,premiership
B. Earl,B. Earl,Flanker,Saracens,,,,,,,,A,,Saracens (2025 - ),,,,Saracens (2025 - ),B. Earl,,premiership
J. George,J. George,Hooker,Saracens,,,,,,,,A,,Saracens (2025 - ),,,,Saracens (2025 - ),J. George,,premiership
J. Gonzalez,J. Gonzalez,Flanker,Saracens,,,,,,,,A,,Saracens (2025 - ),,,,Saracens (2025 - ),J. Gonzalez,,premiership
J. Hadfield,J. Hadfield,Hooker,Saracens,,,,,,,,A,,Saracens (2025 - ),,,,Saracens (2025 - ),J. Hadfield,,premiership
R. Hammick,R. Hammick,Flanker,Saracens,,,,,,,,A,,Saracens (2025 - ),,,,Saracens (2025 - ),R. Hammick,,premiership
Nick Isiekwe,Nick Isiekwe,Lock,Saracens,,,,,,,,A,,Saracens (2025 - ),,,,Saracens (2025 - ),Nick Isiekwe,,premiership
M. Itoje,M. Itoje,Lock,Saracens,,,,,,,,A,,Saracens (2025 - ),,,,Saracens (2025 - ),M. Itoje,,premiership
T. Knight,T. Knight,Flanker,Saracens,,,,,,,,A,,Saracens (2025 - ),,,,Saracens (2025 - ),T. Knight,,premiership
Eroni Mawi,Eroni Mawi,Prop,Saracens,,,,,,,,A,,Saracens (2025 - ),,,,Saracens (2025 - ),Eroni Mawi,,premiership
Theo McFarland,Theo McFarland,Flanker,Saracens,,,,,,,,A,,Saracens (2025 - ),,,,Saracens (2025 - ),Theo McFarland,,premiership
N. Michelow,N. Michelow,Flanker,Saracens,,,,,,,,A,,Saracens (2025 - ),,,,Saracens (2025 - ),N. Michelow,,premiership
V. Nairau,V. Nairau,Prop,Saracens,,,,,,,,A,,Saracens (2025 - ),,,,Saracens (2025 - ),V. Nairau,,premiership
A. O'Driscoll,A. O'Driscoll,Prop,Saracens,,,,,,,,A,,Saracens (2025 - ),,,,Saracens (2025 - ),A. O'Driscoll,,premiership
Andy Onyeama-Christie,Andy Onyeama-Christie,Flanker,Saracens,,,,,,,,A,,Saracens (2025 - ),,,,Saracens (2025 - ),Andy Onyeama-Christie,,premiership
K. Pearce-Paul,K. Pearce-Paul,Lock,Saracens,,,,,,,,A,,Saracens (2025 - ),,,,Saracens (2025 - ),K. Pearce-Paul,,premiership
Marco Riccioni,Marco Riccioni,Prop,Saracens,,,,,,,,A,,Saracens (2025 - ),,,,Saracens (2025 - ),Marco Riccioni,,premiership
O. Sodeke,O. Sodeke,Lock,Saracens,,,,,,,,A,,Saracens (2025 - ),,,,Saracens (2025 - ),O. Sodeke,,premiership
M. Street,M. Street,Prop,Saracens,,,,,,,,A,,Saracens (2025 - ),,,,Saracens (2025 - ),M. Street,,premiership
K. Sylvester-Junior,K. Sylvester-Junior,Lock,Saracens,,,,,,,,A,,Saracens (2025 - ),,,,Saracens (2025 - ),K. Sylvester-Junior,,premiership
H. Tizard,H. Tizard,Lock,Saracens,,,,,,,,A,,Saracens (2025 - ),,,,Saracens (2025 - ),H. Tizard,,premiership
Tietie Tuimauga,Tietie Tuimauga,Prop,Saracens,,,,,,,,A,,Saracens (2025 - ),,,,Saracens (2025 - ),Tietie Tuimauga,,premiership
C. West,C. West,Flanker,Saracens,,,,,,,,A,,Saracens (2025 - ),,,,Saracens (2025 - ),C. West,,premiership
T. Willis,T. Willis,No. 8,Saracens,,,,,,,,A,,Saracens (2025 - ),,,,Saracens (2025 - ),T. Willis,,premiership
H. Wilson,H. Wilson,Lock,Saracens,,,,,,,,A,,Saracens (2025 - ),,,,Saracens (2025 - ),H. Wilson,,premiership
L. Young,L. Young,Hooker,Saracens,,,,,,,,A,,Saracens (2025 - ),,,,Saracens (2025 - ),L. Young,,premiership
C. Bracken,C. Bracken,Scrum-half,Saracens,,,,,,,,A,,Saracens (2025 - ),,,,Saracens (2025 - ),C. Bracken,,premiership
J. Bracken,J. Bracken,Wing,Saracens,,,,,,,,A,,Saracens (2025 - ),,,,Saracens (2025 - ),J. Bracken,,premiership
Fergus Burke,Fergus Burke,Fly-half,Saracens,,,,,,,,A,,Saracens (2025 - ),,,,Saracens (2025 - ),Fergus Burke,,premiership
N. Caluori,N. Caluori,Wing,Saracens,,,,,,,,A,,Saracens (2025 - ),,,,Saracens (2025 - ),N. Caluori,,premiership
Lucio Cinti,Lucio Cinti,Centre,Saracens,,,,,,,,A,,Saracens (2025 - ),,,,Saracens (2025 - ),Lucio Cinti,,premiership
E. Daly,E. Daly,Centre,Saracens,,,,,,,,A,,Saracens (2025 - ),,,,Saracens (2025 - ),E. Daly,,premiership
L. Davidson,L. Davidson,Fly-half,Saracens,,,,,,,,A,,Saracens (2025 - ),,,,Saracens (2025 - ),L. Davidson,,premiership
T. Elliott,T. Elliott,Wing,Saracens,,,,,,,,A,,Saracens (2025 - ),,,,Saracens (2025 - ),T. Elliott,,premiership
Owen Farrell,Owen Farrell,Fly-half,Saracens,,,,,,,,A,,Saracens (2025 - ),,,,Saracens (2025 - ),Owen Farrell,,premiership
A. Hall,A. Hall,Centre,Saracens,,,,,,,,A,,Saracens (2025 - ),,,,Saracens (2025 - ),A. Hall,,premiership
O. Hartley,O. Hartley,Centre,Saracens,,,,,,,,A,,Saracens (2025 - ),,,,Saracens (2025 - ),O. Hartley,,premiership
C. Hutchison,C. Hutchison,Centre,Saracens,,,,,,,,A,,Saracens (2025 - ),,,,Saracens (2025 - ),C. Hutchison,,premiership
B. Jackson,B. Jackson,Wing,Saracens,,,,,,,,A,,Saracens (2025 - ),,,,Saracens (2025 - ),B. Jackson,,premiership
L. Johnson,L. Johnson,Fly-half,Saracens,,,,,,,,A,,Saracens (2025 - ),,,,Saracens (2025 - ),L. Johnson,,premiership
S. Kava,S. Kava,Wing,Saracens,,,,,,,,A,,Saracens (2025 - ),,,,Saracens (2025 - ),S. Kava,,premiership
F. Keylock,F. Keylock,Fly-half,Saracens,,,,,,,,A,,Saracens (2025 - ),,,,Saracens (2025 - ),F. Keylock,,premiership
Alex Lozowski,Alex Lozowski,Centre,Saracens,,,,,,,,A,,Saracens (2025 - ),,,,Saracens (2025 - ),Alex Lozowski,,premiership
Max Malins,Max Malins,Wing,Saracens,,,,,,,,A,,Saracens (2025 - ),,,,Saracens (2025 - ),Max Malins,,premiership
B. Morrow,B. Morrow,Wing,Saracens,,,,,,,,A,,Saracens (2025 - ),,,,Saracens (2025 - ),B. Morrow,,premiership
R. Segun,R. Segun,Wing,Saracens,,,,,,,,A,,Saracens (2025 - ),,,,Saracens (2025 - ),R. Segun,,premiership
G. Simpson,G. Simpson,Scrum-half,Saracens,,,,,,,,A,,Saracens (2025 - ),,,,Saracens (2025 - ),G. Simpson,,premiership
S. Spink,S. Spink,Centre,Saracens,,,,,,,,A,,Saracens (2025 - ),,,,Saracens (2025 - ),S. Spink,,premiership
Nick Tompkins,Nick Tompkins,Centre,Saracens,,,,,,,,A,,Saracens (2025 - ),,,,Saracens (2025 - ),Nick Tompkins,,premiership
Ivan van Zyl,Ivan van Zyl,Scrum-half,Saracens,,,,,,,,A,,Saracens (2025 - ),,,,Saracens (2025 - ),Ivan van Zyl,,premiership
