name_en,first_name,last_name,position,team,league
A. Barbeary,A.,Barbeary,Flanker,Bath Rugby,premiership
J. Bayliss,J.,Bayliss,Flanker,Bath Rugby,premiership
J. Bennett,J.,Bennett,Lock,Bath Rugby,premiership
J. Coetzee,J.,Coetzee,No. 8,Bath Rugby,premiership
T. Cowan,T.,Cowan,Flanker,Bath Rugby,premiership
H. Cuckson,H.,Cuckson,Lock,Bath Rugby,premiership
C. Donoghue,C.,Donoghue,Flanker,Bath Rugby,premiership
T. Dunn,T.,Dunn,Hooker,Bath Rugby,premiership
I. Emanuel,I.,Emanuel,Prop,Bath Rugby,premiership
C. Ewels,C.,Ewels,Lock,Bath Rugby,premiership
D. Frost,D.,Frost,Hooker,Bath Rugby,premiership
A. Green,A.,Green,Flanker,Bath Rugby,premiership
A. Griffin,A.,Griffin,Prop,Bath Rugby,premiership
A. Griffin,A.,Griffin,Prop,Bath Rugby,premiership
T. Hill,T.,Hill,Flanker,Bath Rugby,premiership
W. Jeanes,W.,Jeanes,Lock,Bath Rugby,premiership
S. Kirk,S.,Kirk,Prop,Bath Rugby,premiership
J. Maloney,J.,Maloney,Lock,Bath Rugby,premiership
R. Molony,R.,Molony,Lock,Bath Rugby,premiership
B. Obano,B.,Obano,Prop,Bath Rugby,premiership
E. Opoku Gyamfi,E.,Opoku Gyamfi,Lock,Bath Rugby,premiership
M. Pearce,M.,Pearce,Hooker,Bath Rugby,premiership
G. Pepper,G.,Pepper,Flanker,Bath Rugby,premiership
M. Reid,M.,Reid,Flanker,Bath Rugby,premiership
E. Richards,E.,Richards,Flanker,Bath Rugby,premiership
A. Ridgway,A.,Ridgway,No. 8,Bath Rugby,premiership
Q. Roux,Q.,Roux,Lock,Bath Rugby,premiership
B. Sela,B.,Sela,Prop,Bath Rugby,premiership
J. Spandler,J.,Spandler,Hooker,Bath Rugby,premiership
E. Staddon,E.,Staddon,Flanker,Bath Rugby,premiership
W. Stuart,W.,Stuart,Prop,Bath Rugby,premiership
M. Summerfield,M.,Summerfield,Prop,Bath Rugby,premiership
G. Timmins,G.,Timmins,Flanker,Bath Rugby,premiership
C. Treacey,C.,Treacey,Flanker,Bath Rugby,premiership
K. Tuipulotu,K.,Tuipulotu,Hooker,Bath Rugby,premiership
S. Underhill,S.,Underhill,Flanker,Bath Rugby,premiership
K. Verden,K.,Verden,Prop,Bath Rugby,premiership
T. du Toit,T.,du Toit,Prop,Bath Rugby,premiership
F. van Wyk,F.,van Wyk,Prop,Bath Rugby,premiership
H. Arundell,H.,Arundell,Wing,Bath Rugby,premiership
W. Butt,W.,Butt,Centre,Bath Rugby,premiership
T. Carr-Smith,T.,Carr-Smith,Scrum-half,Bath Rugby,premiership
S. Carreras,S.,Carreras,Fullback,Bath Rugby,premiership
J. Cokanasiga,J.,Cokanasiga,Wing,Bath Rugby,premiership
I. Davies,I.,Davies,Scrum-half,Bath Rugby,premiership
A. Emens,A.,Emens,Wing,Bath Rugby,premiership
C. Griffin,C.,Griffin,Centre,Bath Rugby,premiership
S. Harris,S.,Harris,Fly-half,Bath Rugby,premiership
C. Harris,C.,Harris,Centre,Bath Rugby,premiership
J. Harrison,J.,Harrison,Centre,Bath Rugby,premiership
L. Hennessey,L.,Hennessey,Centre,Bath Rugby,premiership
O. Lawrence,O.,Lawrence,Centre,Bath Rugby,premiership
J. Linegar,J.,Linegar,Fly-half,Bath Rugby,premiership
T. Mason,T.,Mason,Centre,Bath Rugby,premiership
I. Mears,I.,Mears,Scrum-half,Bath Rugby,premiership
W. Muir,W.,Muir,Wing,Bath Rugby,premiership
T. Offiah,T.,Offiah,Wing,Bath Rugby,premiership
M. Ojomoh,M.,Ojomoh,Centre,Bath Rugby,premiership
C. Redpath,C.,Redpath,Centre,Bath Rugby,premiership
W. Roue,W.,Roue,Fly-half,Bath Rugby,premiership
F. Russell,F.,Russell,Fly-half,Bath Rugby,premiership
B. Spencer,B.,Spencer,Scrum-half,Bath Rugby,premiership
S. Winters,S.,Winters,Wing,Bath Rugby,premiership
J. Woods,J.,Woods,Fullback,Bath Rugby,premiership
T. de Glanville,T.,de Glanville,Fullback,Bath Rugby,premiership
N. le Roux,N.,le Roux,Scrum-half,Bath Rugby,premiership
B. van der Linde,B.,van der Linde,Scrum-half,Bath Rugby,premiership
S. Barker,S.,Barker,Flanker,Bristol Bears,premiership
J. Batley,J.,Batley,Lock,Bristol Bears,premiership
W. Capon,W.,Capon,Hooker,Bristol Bears,premiership
L. Chawatama,L.,Chawatama,Prop,Bristol Bears,premiership
K. Cripps,K.,Cripps,Flanker,Bristol Bears,premiership
J. Dun,J.,Dun,Lock,Bristol Bears,premiership
J. Edwards,J.,Edwards,Flanker,Bristol Bears,premiership
E. Genge,E.,Genge,Prop,Bristol Bears,premiership
S. Grahamslaw,S.,Grahamslaw,Prop,Bristol Bears,premiership
B. Grondona,B.,Grondona,No. 8,Bristol Bears,premiership
S. Grondona,S.,Grondona,Flanker,Bristol Bears,premiership
T. Gwilliam,T.,Gwilliam,Hooker,Bristol Bears,premiership
J. Halliwell,J.,Halliwell,Prop,Bristol Bears,premiership
F. Harding,F.,Harding,Flanker,Bristol Bears,premiership
K. Hill,K.,Hill,Hooker,Bristol Bears,premiership
L. Ivanishvili,L.,Ivanishvili,Flanker,Bristol Bears,premiership
K. Jenkins,K.,Jenkins,Lock,Bristol Bears,premiership
G. Kloska,G.,Kloska,Prop,Bristol Bears,premiership
M. Lahiff,M.,Lahiff,Prop,Bristol Bears,premiership
S. Luatua,S.,Luatua,Flanker,Bristol Bears,premiership
B. Mata,B.,Mata,Flanker,Bristol Bears,premiership
G. Oghre,G.,Oghre,Hooker,Bristol Bears,premiership
J. Owen,J.,Owen,Lock,Bristol Bears,premiership
P. Pearce,P.,Pearce,Flanker,Bristol Bears,premiership
W. Ramply,W.,Ramply,Lock,Bristol Bears,premiership
P. Rubiolo,P.,Rubiolo,Lock,Bristol Bears,premiership
S. Scott,S.,Scott,Prop,Bristol Bears,premiership
E. Surrey,E.,Surrey,Lock,Bristol Bears,premiership
G. Taylor,G.,Taylor,Lock,Bristol Bears,premiership
H. Thacker,H.,Thacker,Hooker,Bristol Bears,premiership
L. Trevett,L.,Trevett,Prop,Bristol Bears,premiership
J. Woolmore,J.,Woolmore,Prop,Bristol Bears,premiership
T. Baker,T.,Baker,Centre,Bristol Bears,premiership
J. Bates,J.,Bates,Centre,Bristol Bears,premiership
E. Bevan,E.,Bevan,Scrum-half,Bristol Bears,premiership
A. Boshoff,A.,Boshoff,Wing,Bristol Bears,premiership
J. Carrington,J.,Carrington,Fullback,Bristol Bears,premiership
B. Elizalde,B.,Elizalde,Fullback,Bristol Bears,premiership
T. Fricker,T.,Fricker,Wing,Bristol Bears,premiership
O. Harris,O.,Harris,Wing,Bristol Bears,premiership
N. Heward,N.,Heward,Wing,Bristol Bears,premiership
G. Ibitoye,G.,Ibitoye,Wing,Bristol Bears,premiership
B. Janse van Rensburg,B.,Janse van Rensburg,Centre,Bristol Bears,premiership
J. Jenkins,J.,Jenkins,Centre,Bristol Bears,premiership
T. Jordan,T.,Jordan,Centre,Bristol Bears,premiership
R. Lane,R.,Lane,Wing,Bristol Bears,premiership
O. Lennon,O.,Lennon,Scrum-half,Bristol Bears,premiership
A. MacGinty,A.,MacGinty,Fly-half,Bristol Bears,premiership
K. Marmion,K.,Marmion,Scrum-half,Bristol Bears,premiership
M. Moroni,M.,Moroni,Centre,Bristol Bears,premiership
E. Morris,E.,Morris,Centre,Bristol Bears,premiership
M. Pepper,M.,Pepper,Scrum-half,Bristol Bears,premiership
C. Powell,C.,Powell,Wing,Bristol Bears,premiership
M. Protheroe,M.,Protheroe,Wing,Bristol Bears,premiership
H. Randall,H.,Randall,Scrum-half,Bristol Bears,premiership
K. Ravouvou,K.,Ravouvou,Centre,Bristol Bears,premiership
L. Rees-Zammit,L.,Rees-Zammit,Wing,Bristol Bears,premiership
R. Weston,R.,Weston,Fly-half,Bristol Bears,premiership
J. Williams,J.,Williams,Centre,Bristol Bears,premiership
S. Wolstenholme,S.,Wolstenholme,Scrum-half,Bristol Bears,premiership
S. Worsley,S.,Worsley,Fly-half,Bristol Bears,premiership
V. Worsnip,V.,Worsnip,Centre,Bristol Bears,premiership
J. Bailey,J.,Bailey,Lock,Exeter Chiefs,premiership
O. Beckerleg,O.,Beckerleg,Lock,Exeter Chiefs,premiership
A. Bell,A.,Bell,Lock,Exeter Chiefs,premiership
C. Bell,C.,Bell,Lock,Exeter Chiefs,premiership
K. Blose,K.,Blose,Prop,Exeter Chiefs,premiership
E. Burger,E.,Burger,Prop,Exeter Chiefs,premiership
R. Capstick,R.,Capstick,Flanker,Exeter Chiefs,premiership
J. Dweba,J.,Dweba,Hooker,Exeter Chiefs,premiership
A. Evans-Fecci,A.,Evans-Fecci,Prop,Exeter Chiefs,premiership
G. Fisilau,G.,Fisilau,Flanker,Exeter Chiefs,premiership
J. Forsythe,J.,Forsythe,Flanker,Exeter Chiefs,premiership
W. Goodrick-Clarke,W.,Goodrick-Clarke,Prop,Exeter Chiefs,premiership
L. Gulley,L.,Gulley,Hooker,Exeter Chiefs,premiership
J. Heaven,J.,Heaven,Hooker,Exeter Chiefs,premiership
T. Hooper,T.,Hooper,Flanker,Exeter Chiefs,premiership
J. Iosefa-Scott,J.,Iosefa-Scott,Prop,Exeter Chiefs,premiership
K. James,K.,James,Flanker,Exeter Chiefs,premiership
D. Jenkins,D.,Jenkins,Lock,Exeter Chiefs,premiership
M. Moloney,M.,Moloney,Flanker,Exeter Chiefs,premiership
K. Mona,K.,Mona,Prop,Exeter Chiefs,premiership
S. Moody,S.,Moody,Hooker,Exeter Chiefs,premiership
M. Norey,M.,Norey,Hooker,Exeter Chiefs,premiership
E. Painter,E.,Painter,Prop,Exeter Chiefs,premiership
L. Pearson,L.,Pearson,Lock,Exeter Chiefs,premiership
E. Roots,E.,Roots,Flanker,Exeter Chiefs,premiership
J. Roots,J.,Roots,Prop,Exeter Chiefs,premiership
S. Sio,S.,Sio,Prop,Exeter Chiefs,premiership
B. Tchumbadze,B.,Tchumbadze,Prop,Exeter Chiefs,premiership
C. Tshiunza,C.,Tshiunza,Lock,Exeter Chiefs,premiership
R. Tuima,R.,Tuima,Lock,Exeter Chiefs,premiership
R. Vintcent,R.,Vintcent,Flanker,Exeter Chiefs,premiership
F. Worley-Brady,F.,Worley-Brady,Flanker,Exeter Chiefs,premiership
J. Yeandle,J.,Yeandle,Hooker,Exeter Chiefs,premiership
A. Zambonin,A.,Zambonin,Lock,Exeter Chiefs,premiership
I. Akinrowo,I.,Akinrowo,Centre,Exeter Chiefs,premiership
N. Allison,N.,Allison,Centre,Exeter Chiefs,premiership
H. Ascherl,H.,Ascherl,Centre,Exeter Chiefs,premiership
O. Batson,O.,Batson,Centre,Exeter Chiefs,premiership
W. Becconsall,W.,Becconsall,Scrum-half,Exeter Chiefs,premiership
P. Brown-Bampoe,P.,Brown-Bampoe,Wing,Exeter Chiefs,premiership
T. Cairns,T.,Cairns,Scrum-half,Exeter Chiefs,premiership
C. Chapman,C.,Chapman,Scrum-half,Exeter Chiefs,premiership
B. Coen,B.,Coen,Fly-half,Exeter Chiefs,premiership
N. Fenton,N.,Fenton,Centre,Exeter Chiefs,premiership
I. Feyi-Waboso,I.,Feyi-Waboso,Wing,Exeter Chiefs,premiership
K. Gentry,K.,Gentry,Centre,Exeter Chiefs,premiership
B. Hammersley,B.,Hammersley,Wing,Exeter Chiefs,premiership
W. Haydon-Wood,W.,Haydon-Wood,Fly-half,Exeter Chiefs,premiership
J. Hodge,J.,Hodge,Fullback,Exeter Chiefs,premiership
L. Ikitau,L.,Ikitau,Centre,Exeter Chiefs,premiership
O. James,O.,James,Scrum-half,Exeter Chiefs,premiership
I. Jenkins,I.,Jenkins,Fly-half,Exeter Chiefs,premiership
D. John,D.,John,Wing,Exeter Chiefs,premiership
N. Lilley,N.,Lilley,Centre,Exeter Chiefs,premiership
G. Newman,G.,Newman,Scrum-half,Exeter Chiefs,premiership
C. Ridl,C.,Ridl,Centre,Exeter Chiefs,premiership
W. Rigg,W.,Rigg,Centre,Exeter Chiefs,premiership
L. Sinclair,L.,Sinclair,Fly-half,Exeter Chiefs,premiership
H. Skinner,H.,Skinner,Fly-half,Exeter Chiefs,premiership
H. Slade,H.,Slade,Centre,Exeter Chiefs,premiership
T. Tua,T.,Tua,Centre,Exeter Chiefs,premiership
S. Varney,S.,Varney,Scrum-half,Exeter Chiefs,premiership
Z. Wimbush,Z.,Wimbush,Wing,Exeter Chiefs,premiership
O. Woodburn,O.,Woodburn,Wing,Exeter Chiefs,premiership
T. Wyatt,T.,Wyatt,Wing,Exeter Chiefs,premiership
M. Alemanno,M.,Alemanno,Lock,Gloucester Rugby,premiership
G. Alexander,G.,Alexander,Prop,Gloucester Rugby,premiership
O. Allport,O.,Allport,Flanker,Gloucester Rugby,premiership
J. Basham,J.,Basham,Flanker,Gloucester Rugby,premiership
H. Bellamy,H.,Bellamy,Prop,Gloucester Rugby,premiership
J. Benz-Salomon,J.,Benz-Salomon,Prop,Gloucester Rugby,premiership
S. Blake,S.,Blake,Hooker,Gloucester Rugby,premiership
D. Bleuler,D.,Bleuler,Prop,Gloucester Rugby,premiership
H. Bokenham,H.,Bokenham,No. 8,Gloucester Rugby,premiership
M. Boyle-Tiatia,M.,Boyle-Tiatia,Hooker,Gloucester Rugby,premiership
A. Clark,A.,Clark,Lock,Gloucester Rugby,premiership
J. Clement,J.,Clement,Flanker,Gloucester Rugby,premiership
W. Crane,W.,Crane,Hooker,Gloucester Rugby,premiership
R. Davies,R.,Davies,Prop,Gloucester Rugby,premiership
D. Eite,D.,Eite,Lock,Gloucester Rugby,premiership
A. Fasogbon,A.,Fasogbon,Prop,Gloucester Rugby,premiership
J. Ford-Robinson,J.,Ford-Robinson,Prop,Gloucester Rugby,premiership
K. Freeman Price,K.,Freeman Price,Hooker,Gloucester Rugby,premiership
J. Gilbert,J.,Gilbert,Flanker,Gloucester Rugby,premiership
K. Gotovtsev,K.,Gotovtsev,Prop,Gloucester Rugby,premiership
D. Gwynne,D.,Gwynne,Flanker,Gloucester Rugby,premiership
J. Innard,J.,Innard,Hooker,Gloucester Rugby,premiership
C. James,C.,James,Flanker,Gloucester Rugby,premiership
C. Jordan,C.,Jordan,Lock,Gloucester Rugby,premiership
C. Knight,C.,Knight,Prop,Gloucester Rugby,premiership
G. Knowles,G.,Knowles,Hooker,Gloucester Rugby,premiership
N. Laulala,N.,Laulala,Prop,Gloucester Rugby,premiership
L. Ludlow,L.,Ludlow,Flanker,Gloucester Rugby,premiership
J. Mann,J.,Mann,Flanker,Gloucester Rugby,premiership
A. McArthur,A.,McArthur,Prop,Gloucester Rugby,premiership
O. Minnis,O.,Minnis,Prop,Gloucester Rugby,premiership
P. Paramore,P.,Paramore,Lock,Gloucester Rugby,premiership
V. Rapava Ruskin,V.,Rapava Ruskin,Prop,Gloucester Rugby,premiership
J. Singleton,J.,Singleton,Hooker,Gloucester Rugby,premiership
F. Stevens,F.,Stevens,Flanker,Gloucester Rugby,premiership
H. Taylor,H.,Taylor,Flanker,Gloucester Rugby,premiership
F. Thomas,F.,Thomas,Flanker,Gloucester Rugby,premiership
W. Trenholm,W.,Trenholm,No. 8,Gloucester Rugby,premiership
J. Venter,J.,Venter,Flanker,Gloucester Rugby,premiership
H. Wright,H.,Wright,Prop,Gloucester Rugby,premiership
C. Atkinson,C.,Atkinson,Fly-half,Gloucester Rugby,premiership
S. Atkinson,S.,Atkinson,Centre,Gloucester Rugby,premiership
M. Austin,M.,Austin,Scrum-half,Gloucester Rugby,premiership
G. Barton,G.,Barton,Fly-half,Gloucester Rugby,premiership
C. Braley,C.,Braley,Scrum-half,Gloucester Rugby,premiership
W. Butler,W.,Butler,Centre,Gloucester Rugby,premiership
R. Byrne,R.,Byrne,Fly-half,Gloucester Rugby,premiership
E. Caven,E.,Caven,Centre,Gloucester Rugby,premiership
J. Cotgreave,J.,Cotgreave,Wing,Gloucester Rugby,premiership
G. Dufty,G.,Dufty,Wing,Gloucester Rugby,premiership
R. Ebanks,R.,Ebanks,Scrum-half,Gloucester Rugby,premiership
J. Edwards-Giraud,J.,Edwards-Giraud,Wing,Gloucester Rugby,premiership
C. Englefield,C.,Englefield,Scrum-half,Gloucester Rugby,premiership
J. Hathaway,J.,Hathaway,Fullback,Gloucester Rugby,premiership
H. James,H.,James,Centre,Gloucester Rugby,premiership
W. Joseph,W.,Joseph,Centre,Gloucester Rugby,premiership
M. Knight,M.,Knight,Fly-half,Gloucester Rugby,premiership
W. Knight,W.,Knight,Centre,Gloucester Rugby,premiership
M. Llewellyn,M.,Llewellyn,Centre,Gloucester Rugby,premiership
B. Loader,B.,Loader,Wing,Gloucester Rugby,premiership
J. Morris,J.,Morris,Wing,Gloucester Rugby,premiership
R. Price,R.,Price,Scrum-half,Gloucester Rugby,premiership
B. Redshaw,B.,Redshaw,Wing,Gloucester Rugby,premiership
R. Russell,R.,Russell,Wing,Gloucester Rugby,premiership
O. Thorley,O.,Thorley,Wing,Gloucester Rugby,premiership
T. Williams,T.,Williams,Scrum-half,Gloucester Rugby,premiership
F. Baxter,F.,Baxter,Prop,Harlequins,premiership
S. Bland,S.,Bland,Prop,Harlequins,premiership
H. Browne,H.,Browne,Lock,Harlequins,premiership
Z. Carr,Z.,Carr,Flanker,Harlequins,premiership
E. Clarke,E.,Clarke,Prop,Harlequins,premiership
C. Cunningham-South,C.,Cunningham-South,Flanker,Harlequins,premiership
P. Delgado,P.,Delgado,Prop,Harlequins,premiership
C. Doak,C.,Doak,Prop,Harlequins,premiership
A. Dombrandt,A.,Dombrandt,No. 8,Harlequins,premiership
J. Doorey-Palmer,J.,Doorey-Palmer,Hooker,Harlequins,premiership
S. Driscoll,S.,Driscoll,Flanker,Harlequins,premiership
J. Els,J.,Els,Prop,Harlequins,premiership
W. Evans,W.,Evans,Flanker,Harlequins,premiership
J. Gorleku,J.,Gorleku,Hooker,Harlequins,premiership
J. Green,J.,Green,Lock,Harlequins,premiership
A. Heaney,A.,Heaney,Prop,Harlequins,premiership
W. Hobson,W.,Hobson,Prop,Harlequins,premiership
J. Jones,J.,Jones,Prop,Harlequins,premiership
J. Kenningham,J.,Kenningham,Flanker,Harlequins,premiership
S. Kerrod,S.,Kerrod,Prop,Harlequins,premiership
T. Lamositele,T.,Lamositele,Prop,Harlequins,premiership
B. Langton-Cryer,B.,Langton-Cryer,Lock,Harlequins,premiership
J. Launchbury,J.,Launchbury,Lock,Harlequins,premiership
T. Lawday,T.,Lawday,Flanker,Harlequins,premiership
S. Lewies,S.,Lewies,Lock,Harlequins,premiership
O. McCormack,O.,McCormack,Flanker,Harlequins,premiership
J. Miller,J.,Miller,Prop,Harlequins,premiership
B. Murphy,B.,Murphy,Prop,Harlequins,premiership
J. Musk,J.,Musk,Hooker,Harlequins,premiership
G. Petti,G.,Petti,Flanker,Harlequins,premiership
S. Riley,S.,Riley,Hooker,Harlequins,premiership
L. Schmid,L.,Schmid,Flanker,Harlequins,premiership
J. Staples,J.,Staples,Hooker,Harlequins,premiership
O. Streeter,O.,Streeter,Prop,Harlequins,premiership
K. Treadwell,K.,Treadwell,Lock,Harlequins,premiership
G. Turner,G.,Turner,Hooker,Harlequins,premiership
J. Walker,J.,Walker,Hooker,Harlequins,premiership
B. Wenger,B.,Wenger,Prop,Harlequins,premiership
T. Williams,T.,Williams,No. 8,Harlequins,premiership
E. Williams,E.,Williams,Lock,Harlequins,premiership
H. Williams,H.,Williams,Prop,Harlequins,premiership
L. Yendle,L.,Yendle,Prop,Harlequins,premiership
C. Anderson,C.,Anderson,Fullback,Harlequins,premiership
O. Beard,O.,Beard,Centre,Harlequins,premiership
J. Bellamy,J.,Bellamy,Fullback,Harlequins,premiership
J. Benson,J.,Benson,Fly-half,Harlequins,premiership
B. Bradley,B.,Bradley,Centre,Harlequins,premiership
C. Byrne,C.,Byrne,Wing,Harlequins,premiership
C. Cleaves,C.,Cleaves,Wing,Harlequins,premiership
N. David,N.,David,Wing,Harlequins,premiership
J. Evans,J.,Evans,Fly-half,Harlequins,premiership
L. Friday,L.,Friday,Scrum-half,Harlequins,premiership
M. Green,M.,Green,Scrum-half,Harlequins,premiership
T. Green,T.,Green,Fullback,Harlequins,premiership
H. Hyde,H.,Hyde,Centre,Harlequins,premiership
R. Isgro,R.,Isgro,Wing,Harlequins,premiership
S. Kerr,S.,Kerr,Centre,Harlequins,premiership
L. Kolade,L.,Kolade,Centre,Harlequins,premiership
F. McMillan,F.,McMillan,Centre,Harlequins,premiership
C. Murley,C.,Murley,Wing,Harlequins,premiership
J. Murray,J.,Murray,Scrum-half,Harlequins,premiership
L. Northmore,L.,Northmore,Centre,Harlequins,premiership
W. Porter,W.,Porter,Scrum-half,Harlequins,premiership
T. Povey,T.,Povey,Wing,Harlequins,premiership
C. Slevin,C.,Slevin,Fullback,Harlequins,premiership
M. Smith,M.,Smith,Fly-half,Harlequins,premiership
S. Townsend,S.,Townsend,Scrum-half,Harlequins,premiership
B. Waghorn,B.,Waghorn,Centre,Harlequins,premiership
J. Blamire,J.,Blamire,Hooker,Leicester Tigers,premiership
J. Cherry,J.,Cherry,Flanker,Leicester Tigers,premiership
L. Chessum,L.,Chessum,Lock,Leicester Tigers,premiership
O. Chessum,O.,Chessum,Lock,Leicester Tigers,premiership
C. Clare,C.,Clare,Hooker,Leicester Tigers,premiership
O. Cracknell,O.,Cracknell,Flanker,Leicester Tigers,premiership
T. Haffar,T.,Haffar,Prop,Leicester Tigers,premiership
C. Henderson,C.,Henderson,Lock,Leicester Tigers,premiership
J. Heyes,J.,Heyes,Prop,Leicester Tigers,premiership
W. Hurd,W.,Hurd,Prop,Leicester Tigers,premiership
E. Ilione,E.,Ilione,Flanker,Leicester Tigers,premiership
T. Kofe,T.,Kofe,Prop,Leicester Tigers,premiership
H. Liebenberg,H.,Liebenberg,Flanker,Leicester Tigers,premiership
M. Loggenberg,M.,Loggenberg,Flanker,Leicester Tigers,premiership
A. Loman,A.,Loman,Prop,Leicester Tigers,premiership
T. Maka,T.,Maka,Prop,Leicester Tigers,premiership
J. Manz,J.,Manz,Flanker,Leicester Tigers,premiership
T. Manz,T.,Manz,Lock,Leicester Tigers,premiership
G. Marsh,G.,Marsh,Lock,Leicester Tigers,premiership
G. Martin,G.,Martin,Lock,Leicester Tigers,premiership
C. Miell,C.,Miell,Flanker,Leicester Tigers,premiership
J. Moro,J.,Moro,Flanker,Leicester Tigers,premiership
H. Palmer,H.,Palmer,Lock,Leicester Tigers,premiership
T. Reffell,T.,Reffell,Flanker,Leicester Tigers,premiership
N. Smith,N.,Smith,Prop,Leicester Tigers,premiership
J. Stewart,J.,Stewart,Hooker,Leicester Tigers,premiership
F. Theobald-Thomas,F.,Theobald-Thomas,Hooker,Leicester Tigers,premiership
O. Thomas,O.,Thomas,Flanker,Leicester Tigers,premiership
J. Thompson,J.,Thompson,Lock,Leicester Tigers,premiership
H. Wells,H.,Wells,Lock,Leicester Tigers,premiership
S. Williams,S.,Williams,Flanker,Leicester Tigers,premiership
A. van der Flier,A.,van der Flier,Prop,Leicester Tigers,premiership
O. Allan,O.,Allan,Scrum-half,Leicester Tigers,premiership
O. Bailey,O.,Bailey,Fly-half,Leicester Tigers,premiership
C. Bemand,C.,Bemand,Scrum-half,Leicester Tigers,premiership
R. Crowley,R.,Crowley,Centre,Leicester Tigers,premiership
G. Hamer-Webb,G.,Hamer-Webb,Wing,Leicester Tigers,premiership
O. Hassell-Collins,O.,Hassell-Collins,Wing,Leicester Tigers,premiership
K. Izu,K.,Izu,Fullback,Leicester Tigers,premiership
S. Kata,S.,Kata,Centre,Leicester Tigers,premiership
W. McCarthy,W.,McCarthy,Centre,Leicester Tigers,premiership
S. Mercer,S.,Mercer,Wing,Leicester Tigers,premiership
C. Myall,C.,Myall,Centre,Leicester Tigers,premiership
J. O'Connor,J.,O'Connor,Fly-half,Leicester Tigers,premiership
G. Pearson,G.,Pearson,Wing,Leicester Tigers,premiership
I. Perese,I.,Perese,Centre,Leicester Tigers,premiership
A. Radwan,A.,Radwan,Wing,Leicester Tigers,premiership
B. Searle,B.,Searle,Fly-half,Leicester Tigers,premiership
F. Steward,F.,Steward,Fullback,Leicester Tigers,premiership
T. Threlfall,T.,Threlfall,Fly-half,Leicester Tigers,premiership
C. Titcombe,C.,Titcombe,Fly-half,Leicester Tigers,premiership
W. Wand,W.,Wand,Centre,Leicester Tigers,premiership
T. Whiteley,T.,Whiteley,Scrum-half,Leicester Tigers,premiership
J. Woodward,J.,Woodward,Centre,Leicester Tigers,premiership
J. van Poortvliet,J.,van Poortvliet,Scrum-half,Leicester Tigers,premiership
S. Adejimi,S.,Adejimi,Hooker,Newcastle Falcons,premiership
F. Baker,F.,Baker,Lock,Newcastle Falcons,premiership
E. Bello,E.,Bello,Prop,Newcastle Falcons,premiership
G. Bolam,G.,Bolam,Flanker,Newcastle Falcons,premiership
A. Brocklebank,A.,Brocklebank,Prop,Newcastle Falcons,premiership
T. Cardall,T.,Cardall,Lock,Newcastle Falcons,premiership
T. Christie,T.,Christie,Flanker,Newcastle Falcons,premiership
F. Clarke,F.,Clarke,Lock,Newcastle Falcons,premiership
H. Faiva,H.,Faiva,Hooker,Newcastle Falcons,premiership
O. Fletcher,O.,Fletcher,Hooker,Newcastle Falcons,premiership
T. Gordon,T.,Gordon,Flanker,Newcastle Falcons,premiership
B. Gordon,B.,Gordon,Hooker,Newcastle Falcons,premiership
C. Hancock,C.,Hancock,Prop,Newcastle Falcons,premiership
C. Hancock,C.,Hancock,Prop,Newcastle Falcons,premiership
J. Hawkins,J.,Hawkins,Lock,Newcastle Falcons,premiership
J. Hodgson,J.,Hodgson,Lock,Newcastle Falcons,premiership
E. Kitenge-Fuki,E.,Kitenge-Fuki,Prop,Newcastle Falcons,premiership
O. Leatherbarrow,O.,Leatherbarrow,Flanker,Newcastle Falcons,premiership
F. Lee-Warner,F.,Lee-Warner,Lock,Newcastle Falcons,premiership
F. Lockwood,F.,Lockwood,Flanker,Newcastle Falcons,premiership
A. Mafi,A.,Mafi,Flanker,Newcastle Falcons,premiership
M. McCallum,M.,McCallum,Prop,Newcastle Falcons,premiership
G. McGuigan,G.,McGuigan,Hooker,Newcastle Falcons,premiership
C. Neild,C.,Neild,Flanker,Newcastle Falcons,premiership
R. Palframan,R.,Palframan,Prop,Newcastle Falcons,premiership
R. Parsons,R.,Parsons,Flanker,Newcastle Falcons,premiership
F. Renwick,F.,Renwick,Hooker,Newcastle Falcons,premiership
M. Rewcastle,M.,Rewcastle,Prop,Newcastle Falcons,premiership
A. Scott,A.,Scott,Lock,Newcastle Falcons,premiership
C. Turnbull,C.,Turnbull,Hooker,Newcastle Falcons,premiership
O. Usher,O.,Usher,Lock,Newcastle Falcons,premiership
L. de Bruin,L.,de Bruin,Prop,Newcastle Falcons,premiership
S. de Chaves,S.,de Chaves,Lock,Newcastle Falcons,premiership
S. Arnold,S.,Arnold,Centre,Newcastle Falcons,premiership
R. Beeckmans,R.,Beeckmans,Centre,Newcastle Falcons,premiership
S. Benitez Cruz,S.,Benitez Cruz,Scrum-half,Newcastle Falcons,premiership
B. Chamberlain,B.,Chamberlain,Fly-half,Newcastle Falcons,premiership
M. Clark,M.,Clark,Centre,Newcastle Falcons,premiership
S. Coetzee,S.,Coetzee,Wing,Newcastle Falcons,premiership
B. Connon,B.,Connon,Fly-half,Newcastle Falcons,premiership
J. Davis,J.,Davis,Scrum-half,Newcastle Falcons,premiership
J. Dickens,J.,Dickens,Scrum-half,Newcastle Falcons,premiership
C. Doherty,C.,Doherty,Centre,Newcastle Falcons,premiership
J. Elliott,J.,Elliott,Scrum-half,Newcastle Falcons,premiership
E. Grayson,E.,Grayson,Fly-half,Newcastle Falcons,premiership
J. Grayson,J.,Grayson,Wing,Newcastle Falcons,premiership
N. Greenwood,N.,Greenwood,Wing,Newcastle Falcons,premiership
A. Hearle,A.,Hearle,Centre,Newcastle Falcons,premiership
C. Hutchison,C.,Hutchison,Centre,Newcastle Falcons,premiership
S. Moore,S.,Moore,Centre,Newcastle Falcons,premiership
J. Newton,J.,Newton,Fly-half,Newcastle Falcons,premiership
H. Obatoyinbo,H.,Obatoyinbo,Wing,Newcastle Falcons,premiership
E. Obatoyinbo,E.,Obatoyinbo,Fullback,Newcastle Falcons,premiership
O. Spencer,O.,Spencer,Centre,Newcastle Falcons,premiership
S. Stuart,S.,Stuart,Scrum-half,Newcastle Falcons,premiership
C. Wade,C.,Wade,Wing,Newcastle Falcons,premiership
S. Waugh,S.,Waugh,Centre,Newcastle Falcons,premiership
L. Williams,L.,Williams,Fullback,Newcastle Falcons,premiership
A. Ainsworth-Cave,A.,Ainsworth-Cave,Flanker,Northampton Saints,premiership
B. Alexander,B.,Alexander,Hooker,Northampton Saints,premiership
E. Atuanya,E.,Atuanya,Lock,Northampton Saints,premiership
J. Bennett,J.,Bennett,Lock,Northampton Saints,premiership
A. Benson,A.,Benson,Flanker,Northampton Saints,premiership
F. Brown,F.,Brown,Lock,Northampton Saints,premiership
C. Chick,C.,Chick,Flanker,Northampton Saints,premiership
A. Coles,A.,Coles,Lock,Northampton Saints,premiership
J. Cowell,J.,Cowell,Prop,Northampton Saints,premiership
T. Davison,T.,Davison,Prop,Northampton Saints,premiership
D. Fischetti,D.,Fischetti,Prop,Northampton Saints,premiership
S. Graham,S.,Graham,Flanker,Northampton Saints,premiership
L. Green,L.,Green,Prop,Northampton Saints,premiership
E. Iyogun,E.,Iyogun,Prop,Northampton Saints,premiership
J. Kemeny,J.,Kemeny,Flanker,Northampton Saints,premiership
C. Kundiona,C.,Kundiona,Prop,Northampton Saints,premiership
C. Langdon,C.,Langdon,Hooker,Northampton Saints,premiership
J. Lewis,J.,Lewis,Flanker,Northampton Saints,premiership
T. Lockett,T.,Lockett,Lock,Northampton Saints,premiership
M. Manfredi,M.,Manfredi,Hooker,Northampton Saints,premiership
E. Millar-Mills,E.,Millar-Mills,Prop,Northampton Saints,premiership
C. Munga,C.,Munga,Lock,Northampton Saints,premiership
T. Pearson,T.,Pearson,Flanker,Northampton Saints,premiership
H. Pollock,H.,Pollock,Flanker,Northampton Saints,premiership
E. Prowse,E.,Prowse,Lock,Northampton Saints,premiership
O. Scola,O.,Scola,Prop,Northampton Saints,premiership
A. Scott-Young,A.,Scott-Young,Flanker,Northampton Saints,premiership
R. Smith,R.,Smith,Hooker,Northampton Saints,premiership
S. Tonga'uiha,S.,Tonga'uiha,Prop,Northampton Saints,premiership
C. Ulcoq,C.,Ulcoq,Flanker,Northampton Saints,premiership
H. Walker,H.,Walker,Hooker,Northampton Saints,premiership
T. West,T.,West,Prop,Northampton Saints,premiership
C. Wright,C.,Wright,Hooker,Northampton Saints,premiership
J. van der Mescht,J.,van der Mescht,Lock,Northampton Saints,premiership
A. Belleau,A.,Belleau,Fly-half,Northampton Saints,premiership
A. Caqusau,A.,Caqusau,Wing,Northampton Saints,premiership
F. Dingwall,F.,Dingwall,Centre,Northampton Saints,premiership
T. Freeman,T.,Freeman,Wing,Northampton Saints,premiership
G. Furbank,G.,Furbank,Fullback,Northampton Saints,premiership
W. Glister,W.,Glister,Wing,Northampton Saints,premiership
G. Hendy,G.,Hendy,Fullback,Northampton Saints,premiership
R. Hutchinson,R.,Hutchinson,Centre,Northampton Saints,premiership
T. James,T.,James,Scrum-half,Northampton Saints,premiership
T. Litchfield,T.,Litchfield,Centre,Northampton Saints,premiership
H. Lumley,H.,Lumley,Centre,Northampton Saints,premiership
J. Martin,J.,Martin,Wing,Northampton Saints,premiership
A. McParland,A.,McParland,Scrum-half,Northampton Saints,premiership
A. Mitchell,A.,Mitchell,Scrum-half,Northampton Saints,premiership
B. Pasco,B.,Pasco,Centre,Northampton Saints,premiership
J. Pater,J.,Pater,Fullback,Northampton Saints,premiership
A. Pugh,A.,Pugh,Scrum-half,Northampton Saints,premiership
J. Ramm,J.,Ramm,Wing,Northampton Saints,premiership
T. Rowe,T.,Rowe,Wing,Northampton Saints,premiership
O. Sleightholme,O.,Sleightholme,Wing,Northampton Saints,premiership
F. Smith,F.,Smith,Fly-half,Northampton Saints,premiership
F. St John,F.,St John,Centre,Northampton Saints,premiership
T. Thame,T.,Thame,Centre,Northampton Saints,premiership
E. Todaro,E.,Todaro,Centre,Northampton Saints,premiership
J. Weimann,J.,Weimann,Scrum-half,Northampton Saints,premiership
H. Andrews,H.,Andrews,Lock,Sale Sharks,premiership
B. Bamber,B.,Bamber,Lock,Sale Sharks,premiership
P. Bell,P.,Bell,Prop,Sale Sharks,premiership
R. Birch,R.,Birch,Flanker,Sale Sharks,premiership
T. Burrow,T.,Burrow,Lock,Sale Sharks,premiership
E. Caine,E.,Caine,Hooker,Sale Sharks,premiership
L. Cowan-Dickie,L.,Cowan-Dickie,Hooker,Sale Sharks,premiership
B. Curry,B.,Curry,Flanker,Sale Sharks,premiership
T. Curry,T.,Curry,Flanker,Sale Sharks,premiership
H. Davies,H.,Davies,Flanker,Sale Sharks,premiership
S. Dugdale,S.,Dugdale,Flanker,Sale Sharks,premiership
J. Gilmore,J.,Gilmore,Lock,Sale Sharks,premiership
J. Harper,J.,Harper,Prop,Sale Sharks,premiership
D. Hodkinson,D.,Hodkinson,Lock,Sale Sharks,premiership
P. Hogg,P.,Hogg,Lock,Sale Sharks,premiership
N. Jibulu,N.,Jibulu,Hooker,Sale Sharks,premiership
W. John,W.,John,Prop,Sale Sharks,premiership
S. Kelly,S.,Kelly,Flanker,Sale Sharks,premiership
R. Logan,R.,Logan,Flanker,Sale Sharks,premiership
A. Longstaff,A.,Longstaff,Hooker,Sale Sharks,premiership
R. McEachran,R.,McEachran,Prop,Sale Sharks,premiership
T. McElroy,T.,McElroy,Hooker,Sale Sharks,premiership
S. McIntyre,S.,McIntyre,Prop,Sale Sharks,premiership
T. Onasanya,T.,Onasanya,Prop,Sale Sharks,premiership
A. Opoku-Fordjour,A.,Opoku-Fordjour,Prop,Sale Sharks,premiership
T. Raymont,T.,Raymont,Prop,Sale Sharks,premiership
B. Rodd,B.,Rodd,Prop,Sale Sharks,premiership
J. Vermeulen,J.,Vermeulen,Flanker,Sale Sharks,premiership
T. Woodman,T.,Woodman,Flanker,Sale Sharks,premiership
D. du Preez,D.,du Preez,Flanker,Sale Sharks,premiership
E. van Rhyn,E.,van Rhyn,Lock,Sale Sharks,premiership
S. Bedlow,S.,Bedlow,Centre,Sale Sharks,premiership
J. Bedlow,J.,Bedlow,Centre,Sale Sharks,premiership
A. Bradshaw,A.,Bradshaw,Wing,Sale Sharks,premiership
J. Carpenter,J.,Carpenter,Fullback,Sale Sharks,premiership
T. Curtis,T.,Curtis,Fly-half,Sale Sharks,premiership
O. Davies,O.,Davies,Fly-half,Sale Sharks,premiership
O. Ene,O.,Ene,Wing,Sale Sharks,premiership
G. Ford,G.,Ford,Fly-half,Sale Sharks,premiership
R. Grace,R.,Grace,Wing,Sale Sharks,premiership
D. Hanson,D.,Hanson,Scrum-half,Sale Sharks,premiership
L. James,L.,James,Centre,Sale Sharks,premiership
S. Krippner,S.,Krippner,Wing,Sale Sharks,premiership
M. Louw,M.,Louw,Centre,Sale Sharks,premiership
R. Ma'asi-White,R.,Ma'asi-White,Centre,Sale Sharks,premiership
T. O'Flaherty,T.,O'Flaherty,Wing,Sale Sharks,premiership
R. Quirke,R.,Quirke,Scrum-half,Sale Sharks,premiership
A. Reed,A.,Reed,Wing,Sale Sharks,premiership
O. Roberts,O.,Roberts,Centre,Sale Sharks,premiership
T. Roebuck,T.,Roebuck,Wing,Sale Sharks,premiership
N. Thomas,N.,Thomas,Scrum-half,Sale Sharks,premiership
G. Warr,G.,Warr,Scrum-half,Sale Sharks,premiership
G. Wehr,G.,Wehr,Wing,Sale Sharks,premiership
A. Wills,A.,Wills,Wing,Sale Sharks,premiership
T. Wilson,T.,Wilson,Centre,Sale Sharks,premiership
W. Wootton,W.,Wootton,Scrum-half,Sale Sharks,premiership
R. du Preez,R.,du Preez,Fly-half,Sale Sharks,premiership
T. Adegbemile,T.,Adegbemile,Lock,Saracens,premiership
S. Adejimi,S.,Adejimi,Hooker,Saracens,premiership
H. Beaton,H.,Beaton,Prop,Saracens,premiership
P. Brantingham,P.,Brantingham,Prop,Saracens,premiership
R. Carre,R.,Carre,Prop,Saracens,premiership
A. Clarey,A.,Clarey,Prop,Saracens,premiership
E. Clarke,E.,Clarke,Hooker,Saracens,premiership
T. Dan,T.,Dan,Hooker,Saracens,premiership
M. Dehauteur,M.,Dehauteur,Lock,Saracens,premiership
B. Earl,B.,Earl,Flanker,Saracens,premiership
J. George,J.,George,Hooker,Saracens,premiership
J. Gonzalez,J.,Gonzalez,Flanker,Saracens,premiership
J. Hadfield,J.,Hadfield,Hooker,Saracens,premiership
R. Hammick,R.,Hammick,Flanker,Saracens,premiership
N. Isiekwe,N.,Isiekwe,Lock,Saracens,premiership
M. Itoje,M.,Itoje,Lock,Saracens,premiership
T. Knight,T.,Knight,Flanker,Saracens,premiership
E. Mawi,E.,Mawi,Prop,Saracens,premiership
T. McFarland,T.,McFarland,Flanker,Saracens,premiership
N. Michelow,N.,Michelow,Flanker,Saracens,premiership
V. Nairau,V.,Nairau,Prop,Saracens,premiership
A. O'Driscoll,A.,O'Driscoll,Prop,Saracens,premiership
A. Onyeama-Christie,A.,Onyeama-Christie,Flanker,Saracens,premiership
K. Pearce-Paul,K.,Pearce-Paul,Lock,Saracens,premiership
M. Riccioni,M.,Riccioni,Prop,Saracens,premiership
O. Sodeke,O.,Sodeke,Lock,Saracens,premiership
M. Street,M.,Street,Prop,Saracens,premiership
K. Sylvester-Junior,K.,Sylvester-Junior,Lock,Saracens,premiership
H. Tizard,H.,Tizard,Lock,Saracens,premiership
T. Tuimauga,T.,Tuimauga,Prop,Saracens,premiership
C. West,C.,West,Flanker,Saracens,premiership
T. Willis,T.,Willis,No. 8,Saracens,premiership
H. Wilson,H.,Wilson,Lock,Saracens,premiership
L. Young,L.,Young,Hooker,Saracens,premiership
C. Bracken,C.,Bracken,Scrum-half,Saracens,premiership
J. Bracken,J.,Bracken,Wing,Saracens,premiership
F. Burke,F.,Burke,Fly-half,Saracens,premiership
N. Caluori,N.,Caluori,Wing,Saracens,premiership
L. Cinti,L.,Cinti,Centre,Saracens,premiership
E. Daly,E.,Daly,Centre,Saracens,premiership
L. Davidson,L.,Davidson,Fly-half,Saracens,premiership
T. Elliott,T.,Elliott,Wing,Saracens,premiership
O. Farrell,O.,Farrell,Fly-half,Saracens,premiership
A. Hall,A.,Hall,Centre,Saracens,premiership
O. Hartley,O.,Hartley,Centre,Saracens,premiership
C. Hutchison,C.,Hutchison,Centre,Saracens,premiership
B. Jackson,B.,Jackson,Wing,Saracens,premiership
L. Johnson,L.,Johnson,Fly-half,Saracens,premiership
S. Kava,S.,Kava,Wing,Saracens,premiership
F. Keylock,F.,Keylock,Fly-half,Saracens,premiership
A. Lozowski,A.,Lozowski,Centre,Saracens,premiership
M. Malins,M.,Malins,Wing,Saracens,premiership
B. Morrow,B.,Morrow,Wing,Saracens,premiership
R. Segun,R.,Segun,Wing,Saracens,premiership
G. Simpson,G.,Simpson,Scrum-half,Saracens,premiership
S. Spink,S.,Spink,Centre,Saracens,premiership
N. Tompkins,N.,Tompkins,Centre,Saracens,premiership
I. van Zyl,I.,van Zyl,Scrum-half,Saracens,premiership
