Full_Name,Position,Age,Height,Weight,Team,League,Source_URL
Alex HERNANDEZ,Prop,24 y/o,18/02/2002,1.88 m,The Anthem Rugby Carolina rugby team for 2024/2025,MLR,https://all.rugby/player/alex-hernandez
Dan HANSON,Prop,27 y/o,02/03/1999,1.83 m,The Anthem Rugby Carolina rugby team for 2024/2025,MLR,https://all.rugby/player/dan-hanson
Jake TURNBULL,Prop,32 y/o,17/07/1993,1.88 m,The Anthem Rugby Carolina rugby team for 2024/2025,MLR,https://all.rugby/player/jake-turnbull
Quinton TINDEL,Prop,24 y/o,09/09/2001,1.83 m,The Anthem Rugby Carolina rugby team for 2024/2025,MLR,https://all.rugby/player/quinton-tindel
Stephan BERNAL-WENDT,Prop,26 y/o,25/04/1999,1.85 m,The Anthem Rugby Carolina rugby team for 2024/2025,MLR,https://all.rugby/player/stephan-bernal-wendt
Alex MAUGHAN,Hooker,30 y/o,24/04/1995,1.83 m,The Anthem Rugby Carolina rugby team for 2024/2025,MLR,https://all.rugby/player/alex-maughan
Connor ROBINSON,Hooker,26 y/o,12/07/1999,1.78 m,The Anthem Rugby Carolina rugby team for 2024/2025,MLR,https://all.rugby/player/connor-robinson
Declan MOORE,Hooker,29 y/o,15/09/1996,1.84 m,The Anthem Rugby Carolina rugby team for 2024/2025,MLR,https://all.rugby/player/declan-moore
Ethan HOWARD,Hooker,24 y/o,20/12/2001,1.83 m,The Anthem Rugby Carolina rugby team for 2024/2025,MLR,https://all.rugby/player/ethan-howard
Neil TRAINOR,Hooker,25 y/o,20/03/2001,1.80 m,The Anthem Rugby Carolina rugby team for 2024/2025,MLR,https://all.rugby/player/neil-trainor
Javon CAMP-VILLALOVOS,Lock,27 y/o,05/02/1999,1.98 m,The Anthem Rugby Carolina rugby team for 2024/2025,MLR,https://all.rugby/player/javon-camp-villalovos
Le'Donn MATHIS,Lock,24 y/o,28/08/2001,1.94 m,The Anthem Rugby Carolina rugby team for 2024/2025,MLR,https://all.rugby/player/le-donn-mathis
Rhys MITCHELL,Lock,21 y/o,//2005,1.99 m,The Anthem Rugby Carolina rugby team for 2024/2025,MLR,https://all.rugby/player/rhys-mitchell
Sam GOLLA,Lock,26 y/o,07/05/1999,1.93 m,The Anthem Rugby Carolina rugby team for 2024/2025,MLR,https://all.rugby/player/sam-golla
Shawn CLARK,Lock,30 y/o,07/09/1995,2.06 m,The Anthem Rugby Carolina rugby team for 2024/2025,MLR,https://all.rugby/player/shawn-clark
Viliami VULI,Lock,30 y/o,30/10/1995,2.01 m,The Anthem Rugby Carolina rugby team for 2024/2025,MLR,https://all.rugby/player/viliami-vuli
Albert O'SHANNESSEY,Back row,26 y/o,12/10/1999,1.88 m,The Anthem Rugby Carolina rugby team for 2024/2025,MLR,https://all.rugby/player/albert-o-shannessey
Alejandro MARTINEZ TAPIA,Back row,23 y/o,17/06/2002,1.94 m,The Anthem Rugby Carolina rugby team for 2024/2025,MLR,https://all.rugby/player/alejandro-martinez-tapia
Colin TURNER,Back row,24 y/o,06/04/2001,1.85 m,The Anthem Rugby Carolina rugby team for 2024/2025,MLR,https://all.rugby/player/colin-turner
Dylan FORTUNE,Back row,21 y/o,//2004,1.91 m,The Anthem Rugby Carolina rugby team for 2024/2025,MLR,https://all.rugby/player/dylan-fortune
Graeme PEDEGANA,Back row,21 y/o,//2004,1.90 m,The Anthem Rugby Carolina rugby team for 2024/2025,MLR,https://all.rugby/player/graeme-pedegana
Makeen ALIKHAN,Back row,24 y/o,10/10/2001,1.90 m,The Anthem Rugby Carolina rugby team for 2024/2025,MLR,https://all.rugby/player/makeen-alikhan
Michael MA'AFU,Back row,26 y/o,08/01/2000,1.90 m,The Anthem Rugby Carolina rugby team for 2024/2025,MLR,https://all.rugby/player/michael-ma-afu
Mikey GRANDY,Back row,27 y/o,29/05/1998,1.94 m,The Anthem Rugby Carolina rugby team for 2024/2025,MLR,https://all.rugby/player/mikey-grandy
Carlo DE NYSSCHEN,Scrum-half,29 y/o,01/08/1996,1.78 m,The Anthem Rugby Carolina rugby team for 2024/2025,MLR,https://all.rugby/player/carlo-de-nysschen
Ishy SAFODIEN,Scrum-half,25 y/o,04/03/2001,1.68 m,The Anthem Rugby Carolina rugby team for 2024/2025,MLR,https://all.rugby/player/ishma-eel-safodien
Karl KEANE,Scrum-half,24 y/o,30/03/2001,1.84 m,The Anthem Rugby Carolina rugby team for 2024/2025,MLR,https://all.rugby/player/karl-keane
Cliven LOUBSER,Fly-half,29 y/o,24/02/1997,1.77 m,The Anthem Rugby Carolina rugby team for 2024/2025,MLR,https://all.rugby/player/cliven-loubser
EJ FREEMAN,Centre,23 y/o,08/07/2002,1.83 m,The Anthem Rugby Carolina rugby team for 2024/2025,MLR,https://all.rugby/player/ej-freeman
Erich STORTI,Centre,25 y/o,14/10/2000,1.83 m,The Anthem Rugby Carolina rugby team for 2024/2025,MLR,https://all.rugby/player/erich-storti
Junior GAFA,Centre,25 y/o,05/03/2001,1.78 m,The Anthem Rugby Carolina rugby team for 2024/2025,MLR,https://all.rugby/player/junior-gafa
Watson FILIKITONGA,Centre,28 y/o,23/07/1997,1.85 m,The Anthem Rugby Carolina rugby team for 2024/2025,MLR,https://all.rugby/player/watson-filikitonga
Ashawnty STAPLES,Winger,25 y/o,24/10/2000,1.78 m,The Anthem Rugby Carolina rugby team for 2024/2025,MLR,https://all.rugby/player/ashawnty-staples
Conner MOONEYHAM,Winger,29 y/o,28/03/1996,1.83 m,The Anthem Rugby Carolina rugby team for 2024/2025,MLR,https://all.rugby/player/conner-mooneyham
Jason TIDWELL,Winger,26 y/o,15/09/1999,1.76 m,The Anthem Rugby Carolina rugby team for 2024/2025,MLR,https://all.rugby/player/jason-tidwell
Mateo GADSDEN,Winger,26 y/o,21/01/2000,1.93 m,The Anthem Rugby Carolina rugby team for 2024/2025,MLR,https://all.rugby/player/mateo-gadsden
Toby FRICKER,Winger,30 y/o,20/07/1995,1.86 m,The Anthem Rugby Carolina rugby team for 2024/2025,MLR,https://all.rugby/player/toby-fricker
Cam GERLACH,Fullback,-,-,-,The Anthem Rugby Carolina rugby team for 2024/2025,MLR,https://all.rugby/player/cam-gerlach
Corbin SMITH,Fullback,21 y/o,//2004,1.80 m,The Anthem Rugby Carolina rugby team for 2024/2025,MLR,https://all.rugby/player/corbin-smith
Jeron PANTOR,Fullback,27 y/o,14/01/1999,1.78 m,The Anthem Rugby Carolina rugby team for 2024/2025,MLR,https://all.rugby/player/jeron-pantor
Line LATU,Fullback,28 y/o,08/05/1997,1.78 m,The Anthem Rugby Carolina rugby team for 2024/2025,MLR,https://all.rugby/player/line-latu
Mitch WILSON,Fullback,29 y/o,15/04/1996,1.75 m,The Anthem Rugby Carolina rugby team for 2024/2025,MLR,https://all.rugby/player/mitch-wilson
Ezekiel LINDENMUTH,Prop,28 y/o,14/07/1997,1.88 m,The Houston Sabercats rugby team for 2024/2025,MLR,https://all.rugby/player/ezekiel-lindenmuth
Jacob MERKLINGER,Prop,22 y/o,10/10/2003,1.86 m,The Houston Sabercats rugby team for 2024/2025,MLR,https://all.rugby/player/jacob-merklinger
LaRome WHITE,Prop,31 y/o,05/07/1994,1.89 m,The Houston Sabercats rugby team for 2024/2025,MLR,https://all.rugby/player/larome-white
Michael SCOTT,Prop,28 y/o,23/09/1997,1.83 m,The Houston Sabercats rugby team for 2024/2025,MLR,https://all.rugby/player/michael-scott
Pita ANAE AH-SUE,Prop,33 y/o,16/12/1992,1.83 m,The Houston Sabercats rugby team for 2024/2025,MLR,https://all.rugby/player/pita-anae-ah-sue
Pono DAVIS,Prop,28 y/o,04/08/1997,1.85 m,The Houston Sabercats rugby team for 2024/2025,MLR,https://all.rugby/player/pono-davis
Val LEE-LO,Prop,30 y/o,06/04/1995,1.85 m,The Houston Sabercats rugby team for 2024/2025,MLR,https://all.rugby/player/val-lee-lo
Wilton REBOLO,Prop,30 y/o,02/08/1995,1.83 m,The Houston Sabercats rugby team for 2024/2025,MLR,https://all.rugby/player/wilton-rebolo
Seth SMITH,Hooker,20 y/o,//2005,1.73 m,The Houston Sabercats rugby team for 2024/2025,MLR,https://all.rugby/player/seth-smith
Javon CAMP-VILLALOVOS,Lock,27 y/o,05/02/1999,1.98 m,The Houston Sabercats rugby team for 2024/2025,MLR,https://all.rugby/player/javon-camp-villalovos
Johan MOMSEN,Lock,30 y/o,21/08/1995,1.93 m,The Houston Sabercats rugby team for 2024/2025,MLR,https://all.rugby/player/johan-momsen
Justin BASSON,Lock,32 y/o,10/02/1994,1.95 m,The Houston Sabercats rugby team for 2024/2025,MLR,https://all.rugby/player/justin-basson
Nathan DEN HOEDT,Lock,28 y/o,01/06/1997,1.99 m,The Houston Sabercats rugby team for 2024/2025,MLR,https://all.rugby/player/nathan-den-hoedt
Aiden KERR,Back row,22 y/o,25/05/2003,1.83 m,The Houston Sabercats rugby team for 2024/2025,MLR,https://all.rugby/player/aiden-kerr
Dom AKINA,Back row,31 y/o,13/06/1994,1.88 m,The Houston Sabercats rugby team for 2024/2025,MLR,https://all.rugby/player/dominic-akina
Emmanuel ALBERT,Back row,26 y/o,11/05/1999,1.93 m,The Houston Sabercats rugby team for 2024/2025,MLR,https://all.rugby/player/emmanuel-albert
Keni NASOQEQE,Back row,32 y/o,27/07/1993,1.93 m,The Houston Sabercats rugby team for 2024/2025,MLR,https://all.rugby/player/keni-nasoqeqe
Marno REDELINGHUYS,Back row,33 y/o,06/01/1993,1.95 m,The Houston Sabercats rugby team for 2024/2025,MLR,https://all.rugby/player/marno-redelinghuys
Ronan MURPHY,Back row,27 y/o,05/05/1998,1.90 m,The Houston Sabercats rugby team for 2024/2025,MLR,https://all.rugby/player/ronan-murphy
Sam TUIFUA,Back row,24 y/o,23/02/2002,1.88 m,The Houston Sabercats rugby team for 2024/2025,MLR,https://all.rugby/player/sam-tuifua
Tinashe MUCHENA,Back row,28 y/o,26/11/1997,1.90 m,The Houston Sabercats rugby team for 2024/2025,MLR,https://all.rugby/player/tinashe-muchena
André Riaan WARNER,Scrum-half,32 y/o,02/09/1993,1.84 m,The Houston Sabercats rugby team for 2024/2025,MLR,https://all.rugby/player/andre-riaan-warner
Juan-Dee OLIVER,Scrum-half,23 y/o,19/04/2002,1.75 m,The Houston Sabercats rugby team for 2024/2025,MLR,https://all.rugby/player/juan-dee-oliver
AJ ALATIMU,Fly-half,33 y/o,25/03/1993,1.73 m,The Houston Sabercats rugby team for 2024/2025,MLR,https://all.rugby/player/aj-alatimu
Davy COETZER,Fly-half,27 y/o,05/02/1999,1.78 m,The Houston Sabercats rugby team for 2024/2025,MLR,https://all.rugby/player/david-coetzer
Jay RENTON,Fly-half,28 y/o,16/03/1998,1.79 m,The Houston Sabercats rugby team for 2024/2025,MLR,https://all.rugby/player/jay-renton
Jeremy MISAILEGALU,Centre,32 y/o,04/11/1993,1.80 m,The Houston Sabercats rugby team for 2024/2025,MLR,https://all.rugby/player/jeremy-misailegalu
Louritz VAN DER SCHYFF,Centre,27 y/o,20/05/1998,1.90 m,The Houston Sabercats rugby team for 2024/2025,MLR,https://all.rugby/player/louritz-van-der-schyff
Sam HILL,Centre,32 y/o,14/07/1993,1.84 m,The Houston Sabercats rugby team for 2024/2025,MLR,https://all.rugby/player/sam-hill
Tautalatasi TASI,Centre,31 y/o,22/11/1994,1.81 m,The Houston Sabercats rugby team for 2024/2025,MLR,https://all.rugby/player/tautalatasi-tasi
Drake DAVIS,Winger,29 y/o,14/12/1996,1.93 m,The Houston Sabercats rugby team for 2024/2025,MLR,https://all.rugby/player/drake-davis
Drew WILD,Winger,25 y/o,14/07/2000,1.81 m,The Houston Sabercats rugby team for 2024/2025,MLR,https://all.rugby/player/drew-wild
Gerrie LABUSCHAGNÉ,Winger,30 y/o,05/12/1995,1.96 m,The Houston Sabercats rugby team for 2024/2025,MLR,https://all.rugby/player/gerrie-labuschagne
Seimou SMITH,Winger,29 y/o,17/09/1996,1.86 m,The Houston Sabercats rugby team for 2024/2025,MLR,https://all.rugby/player/seimou-smith
Mat DE VILLIERS,Fullback,30 y/o,03/01/1996,1.80 m,The Houston Sabercats rugby team for 2024/2025,MLR,https://all.rugby/player/mat-de-villiers
Max SCHUMACHER,Fullback,24 y/o,03/06/2001,1.78 m,The Houston Sabercats rugby team for 2024/2025,MLR,https://all.rugby/player/max-schumacher
Rufus MCLEAN,Fullback,26 y/o,02/03/2000,1.81 m,The Houston Sabercats rugby team for 2024/2025,MLR,https://all.rugby/player/rufus-mclean
Alec MCDONNELL,Prop,29 y/o,16/07/1996,1.78 m,The Miami Sharks rugby team for 2024/2025,MLR,https://all.rugby/player/alec-mcdonnell
Alex TUCCI,Prop,34 y/o,18/12/1991,1.91 m,The Miami Sharks rugby team for 2024/2025,MLR,https://all.rugby/player/alex-tucci
Jonas PETRAKOPOULOS,Prop,27 y/o,15/09/1998,1.81 m,The Miami Sharks rugby team for 2024/2025,MLR,https://all.rugby/player/jonas-petrakopoulos
Ma'ake MUTI,Prop,28 y/o,11/08/1997,1.86 m,The Miami Sharks rugby team for 2024/2025,MLR,https://all.rugby/player/ma-ake-muti
Reinaldo PIUSSI,Prop,26 y/o,18/05/1999,1.92 m,The Miami Sharks rugby team for 2024/2025,MLR,https://all.rugby/player/reinaldo-piussi
Setu VOLE,Prop,24 y/o,15/06/2001,1.83 m,The Miami Sharks rugby team for 2024/2025,MLR,https://all.rugby/player/vole-setu
Tau KOLOAMATANGI,Prop,31 y/o,03/01/1995,1.72 m,The Miami Sharks rugby team for 2024/2025,MLR,https://all.rugby/player/tau-koloamatangi
Isaac BALES,Hooker,26 y/o,08/11/1999,1.76 m,The Miami Sharks rugby team for 2024/2025,MLR,https://all.rugby/player/isaac-bales
Kirby MYHILL,Hooker,34 y/o,05/02/1992,1.83 m,The Miami Sharks rugby team for 2024/2025,MLR,https://all.rugby/player/kirby-myhill
Sean MCNULTY,Hooker,30 y/o,07/10/1995,1.88 m,The Miami Sharks rugby team for 2024/2025,MLR,https://all.rugby/player/sean-mcnulty
Tomás BEKERMAN,Hooker,24 y/o,09/03/2002,1.80 m,The Miami Sharks rugby team for 2024/2025,MLR,https://all.rugby/player/tomas-bekerman
Federico GUTIÉRREZ,Lock,33 y/o,13/06/1992,2.01 m,The Miami Sharks rugby team for 2024/2025,MLR,https://all.rugby/player/federico-gutierrez
Mauro REBUSSONE,Lock,33 y/o,06/02/1993,1.93 m,The Miami Sharks rugby team for 2024/2025,MLR,https://all.rugby/player/mauro-rebussone
Rick ROSE,Lock,24 y/o,28/07/2001,2.01 m,The Miami Sharks rugby team for 2024/2025,MLR,https://all.rugby/player/rick-rose
Tomás CASARES,Lock,26 y/o,11/04/1999,1.93 m,The Miami Sharks rugby team for 2024/2025,MLR,https://all.rugby/player/tomas-casares
Benjamin BONASSO,Back row,28 y/o,01/06/1997,1.93 m,The Miami Sharks rugby team for 2024/2025,MLR,https://all.rugby/player/benjamin-bonasso
Braemar MURRAY,Back row,21 y/o,//2004,1.92 m,The Miami Sharks rugby team for 2024/2025,MLR,https://all.rugby/player/braemar-murray
Calvin IHRIG,Back row,24 y/o,07/07/2001,1.93 m,The Miami Sharks rugby team for 2024/2025,MLR,https://all.rugby/player/calvin-ihrig
Chase SCHOR-HASKIN,Back row,26 y/o,23/05/1999,1.89 m,The Miami Sharks rugby team for 2024/2025,MLR,https://all.rugby/player/chase-schor-haskin
Manuel ARDAO,Back row,27 y/o,09/09/1998,1.77 m,The Miami Sharks rugby team for 2024/2025,MLR,https://all.rugby/player/manuel-ardao
Marques FUALA'AU,Back row,26 y/o,11/10/1999,1.87 m,The Miami Sharks rugby team for 2024/2025,MLR,https://all.rugby/player/marques-fuala-au
Ronan FOLEY,Back row,27 y/o,26/08/1998,1.90 m,The Miami Sharks rugby team for 2024/2025,MLR,https://all.rugby/player/ronan-foley
Damian MORLEY,Scrum-half,23 y/o,19/12/2002,1.77 m,The Miami Sharks rugby team for 2024/2025,MLR,https://all.rugby/player/damian-morley
Tomás CUBELLI,Scrum-half,36 y/o,12/06/1989,1.77 m,The Miami Sharks rugby team for 2024/2025,MLR,https://all.rugby/player/tomas-cubelli
Martin ELIAS,Fly-half,29 y/o,16/10/1996,1.83 m,The Miami Sharks rugby team for 2024/2025,MLR,https://all.rugby/player/martin-elias
Shane O'LEARY,Fly-half,33 y/o,12/03/1993,1.78 m,The Miami Sharks rugby team for 2024/2025,MLR,https://all.rugby/player/shane-o-leary
Guiseppe DU TOIT,Centre,30 y/o,29/07/1995,1.83 m,The Miami Sharks rugby team for 2024/2025,MLR,https://all.rugby/player/guiseppe-du-toit
Josh MCADAM,Centre,28 y/o,24/06/1997,1.91 m,The Miami Sharks rugby team for 2024/2025,MLR,https://all.rugby/player/josh-mcadam
Lautaro SOTO,Centre,23 y/o,05/04/2002,1.83 m,The Miami Sharks rugby team for 2024/2025,MLR,https://all.rugby/player/lautaro-soto
Matias ORLANDO,Centre,34 y/o,14/11/1991,1.83 m,The Miami Sharks rugby team for 2024/2025,MLR,https://all.rugby/player/matias-orlando
Santiago VIDELA,Centre,28 y/o,16/01/1998,1.80 m,The Miami Sharks rugby team for 2024/2025,MLR,https://all.rugby/player/santiago-videla
Tomás CUBILLA,Centre,28 y/o,07/02/1998,1.85 m,The Miami Sharks rugby team for 2024/2025,MLR,https://all.rugby/player/tomas-cubilla
Tomás INCIARTE,Centre,29 y/o,22/10/1996,1.84 m,The Miami Sharks rugby team for 2024/2025,MLR,https://all.rugby/player/tomas-inciarte
Blake PEREDA,Winger,-,-,-,The Miami Sharks rugby team for 2024/2025,MLR,https://all.rugby/player/blake-pereda
Jake NEGRETE,Winger,24 y/o,10/04/2001,1.78 m,The Miami Sharks rugby team for 2024/2025,MLR,https://all.rugby/player/jake-negrete
Jake NEGRETE,Winger,24 y/o,10/04/2001,1.78 m,The Miami Sharks rugby team for 2024/2025,MLR,https://all.rugby/player/jake-negrete
Josiah MORRA,Winger,28 y/o,07/02/1998,1.80 m,The Miami Sharks rugby team for 2024/2025,MLR,https://all.rugby/player/josiah-morra
Marcos YOUNG,Winger,27 y/o,14/11/1998,1.83 m,The Miami Sharks rugby team for 2024/2025,MLR,https://all.rugby/player/marcos-young
Tomy MALANOS,Winger,28 y/o,04/07/1997,1.78 m,The Miami Sharks rugby team for 2024/2025,MLR,https://all.rugby/player/tomas-malanos
Zach BASTRES,Winger,26 y/o,12/07/1999,1.87 m,The Miami Sharks rugby team for 2024/2025,MLR,https://all.rugby/player/zach-bastres
Connor BURNS,Fullback,28 y/o,06/01/1998,1.91 m,The Miami Sharks rugby team for 2024/2025,MLR,https://all.rugby/player/connor-burns
Marcos ELIÇAGARAY,Fullback,26 y/o,05/01/2000,1.85 m,The Miami Sharks rugby team for 2024/2025,MLR,https://all.rugby/player/marcos-elicagaray
Cole KEITH,Prop,28 y/o,07/05/1997,1.83 m,The New England Free Jacks rugby team for 2024/2025,MLR,https://all.rugby/player/cole-keith
Ivan PULA,Prop,26 y/o,09/09/1999,1.85 m,The New England Free Jacks rugby team for 2024/2025,MLR,https://all.rugby/player/ivan-pula
Jone KOROIDUADUA,Prop,29 y/o,23/02/1997,1.82 m,The New England Free Jacks rugby team for 2024/2025,MLR,https://all.rugby/player/jone-koroiduadua
Kaleb GEIGER,Prop,29 y/o,04/05/1996,1.85 m,The New England Free Jacks rugby team for 2024/2025,MLR,https://all.rugby/player/kaleb-geiger
Kyle CIQUERA,Prop,28 y/o,14/06/1997,1.83 m,The New England Free Jacks rugby team for 2024/2025,MLR,https://all.rugby/player/kyle-ciquera
Kyle STEEVES,Prop,25 y/o,12/05/2000,1.85 m,The New England Free Jacks rugby team for 2024/2025,MLR,https://all.rugby/player/kyle-steeves
Malakai HALA,Prop,23 y/o,07/01/2003,1.84 m,The New England Free Jacks rugby team for 2024/2025,MLR,https://all.rugby/player/malakai-hala
Tevita SOLE,Prop,27 y/o,30/01/1999,1.83 m,The New England Free Jacks rugby team for 2024/2025,MLR,https://all.rugby/player/tevita-sole
Andrew QUATTRIN,Hooker,29 y/o,29/08/1996,1.83 m,The New England Free Jacks rugby team for 2024/2025,MLR,https://all.rugby/player/andrew-quattrin
Connal MCINERNEY,Hooker,31 y/o,02/03/1995,1.81 m,The New England Free Jacks rugby team for 2024/2025,MLR,https://all.rugby/player/connal-mcinerney
Foster DEWITT,Hooker,29 y/o,26/05/1996,1.86 m,The New England Free Jacks rugby team for 2024/2025,MLR,https://all.rugby/player/foster-dewitt
Lindsey STEVENS,Hooker,30 y/o,27/08/1995,1.78 m,The New England Free Jacks rugby team for 2024/2025,MLR,https://all.rugby/player/lindsey-stevens
Conor KEYS,Lock,29 y/o,09/07/1996,1.98 m,The New England Free Jacks rugby team for 2024/2025,MLR,https://all.rugby/player/conor-keys
Jackson THIEBES,Lock,32 y/o,15/02/1994,1.98 m,The New England Free Jacks rugby team for 2024/2025,MLR,https://all.rugby/player/jackson-thiebes
Josh LARSEN,Lock,31 y/o,04/04/1994,1.96 m,The New England Free Jacks rugby team for 2024/2025,MLR,https://all.rugby/player/josh-larsen
Kyle BAILLIE,Lock,34 y/o,07/04/1991,1.97 m,The New England Free Jacks rugby team for 2024/2025,MLR,https://all.rugby/player/kyle-baillie
Ethan FRYER,Back row,23 y/o,27/05/2002,1.88 m,The New England Free Jacks rugby team for 2024/2025,MLR,https://all.rugby/player/ethan-fryer
Jed MELVIN,Back row,25 y/o,13/12/2000,1.83 m,The New England Free Jacks rugby team for 2024/2025,MLR,https://all.rugby/player/jed-melvin
Jero GOMEZ VARA,Back row,25 y/o,10/01/2001,1.89 m,The New England Free Jacks rugby team for 2024/2025,MLR,https://all.rugby/player/jeronimo-gomez-vara
Joe JOHNSTON,Back row,28 y/o,31/01/1998,1.88 m,The New England Free Jacks rugby team for 2024/2025,MLR,https://all.rugby/player/joe-johnston
Kaipono KAYOSHI,Back row,26 y/o,19/02/2000,1.84 m,The New England Free Jacks rugby team for 2024/2025,MLR,https://all.rugby/player/kaipono-kayoshi
Matt CARRION,Back row,24 y/o,22/04/2001,1.85 m,The New England Free Jacks rugby team for 2024/2025,MLR,https://all.rugby/player/matt-carrion
Piers VON DADELSZEN,Back row,25 y/o,25/03/2000,1.93 m,The New England Free Jacks rugby team for 2024/2025,MLR,https://all.rugby/player/piers-von-dadelszen
Wian CONRADIE,Back row,31 y/o,14/10/1994,1.85 m,The New England Free Jacks rugby team for 2024/2025,MLR,https://all.rugby/player/wian-conradie
Cameron NORDLI-KELEMETI,Scrum-half,26 y/o,20/09/1999,1.77 m,The New England Free Jacks rugby team for 2024/2025,MLR,https://all.rugby/player/cameron-nordli-kelemeti
Emanuel LAI,Scrum-half,23 y/o,05/06/2002,1.74 m,The New England Free Jacks rugby team for 2024/2025,MLR,https://all.rugby/player/emanuel-lai
John POLAND,Scrum-half,29 y/o,21/11/1996,1.70 m,The New England Free Jacks rugby team for 2024/2025,MLR,https://all.rugby/player/john-poland
Oscar LENNON,Scrum-half,25 y/o,15/05/2000,1.75 m,The New England Free Jacks rugby team for 2024/2025,MLR,https://all.rugby/player/oscar-lennon
Dan HOLLINSHEAD,Fly-half,30 y/o,07/06/1995,1.85 m,The New England Free Jacks rugby team for 2024/2025,MLR,https://all.rugby/player/dan-hollinshead
Harrison BOYLE,Fly-half,26 y/o,19/01/2000,1.94 m,The New England Free Jacks rugby team for 2024/2025,MLR,https://all.rugby/player/harrison-boyle
Ben LESAGE,Centre,30 y/o,24/11/1995,1.82 m,The New England Free Jacks rugby team for 2024/2025,MLR,https://all.rugby/player/ben-lesage
Faletoi PENI,Centre,25 y/o,06/04/2000,1.73 m,The New England Free Jacks rugby team for 2024/2025,MLR,https://all.rugby/player/faletoi-peni
Jack REEVES,Centre,25 y/o,05/05/2000,1.80 m,The New England Free Jacks rugby team for 2024/2025,MLR,https://all.rugby/player/jack-reeves
Le Roux MALAN,Centre,26 y/o,31/03/1999,1.91 m,The New England Free Jacks rugby team for 2024/2025,MLR,https://all.rugby/player/le-roux-malan
Wayne VAN DER BANK,Centre,29 y/o,07/01/1997,1.84 m,The New England Free Jacks rugby team for 2024/2025,MLR,https://all.rugby/player/wayne-van-der-bank
Brock WEBSTER,Winger,25 y/o,21/08/2000,1.82 m,The New England Free Jacks rugby team for 2024/2025,MLR,https://all.rugby/player/brock-webster
Isaac OLSON,Winger,25 y/o,01/07/2000,1.90 m,The New England Free Jacks rugby team for 2024/2025,MLR,https://all.rugby/player/isaac-olson
Josiah MORRA,Winger,28 y/o,07/02/1998,1.80 m,The New England Free Jacks rugby team for 2024/2025,MLR,https://all.rugby/player/josiah-morra
Noah BAIN,Winger,28 y/o,13/10/1997,1.88 m,The New England Free Jacks rugby team for 2024/2025,MLR,https://all.rugby/player/noah-bain
Paula BALEKANA,Winger,32 y/o,18/05/1993,1.83 m,The New England Free Jacks rugby team for 2024/2025,MLR,https://all.rugby/player/paula-balekana
Jayson POTROZ,Fullback,34 y/o,26/11/1991,1.83 m,The New England Free Jacks rugby team for 2024/2025,MLR,https://all.rugby/player/jayson-potroz
Killian COGHLAN,Fullback,25 y/o,04/07/2000,1.88 m,The New England Free Jacks rugby team for 2024/2025,MLR,https://all.rugby/player/killian-coghlan
Alejandro PRADILLO,Prop,34 y/o,18/03/1992,1.83 m,NOLA Gold rugby team for 2024/2025,MLR,https://all.rugby/player/alejandro-pradillo
Bart VERMEULEN,Prop,26 y/o,16/09/1999,1.89 m,NOLA Gold rugby team for 2024/2025,MLR,https://all.rugby/player/bart-vermeulen
Doc IREY,Prop,39 y/o,26/02/1987,1.86 m,NOLA Gold rugby team for 2024/2025,MLR,https://all.rugby/player/james-irey
Isaac SALMON,Prop,29 y/o,05/09/1996,1.80 m,NOLA Gold rugby team for 2024/2025,MLR,https://all.rugby/player/isaac-salmon
Jarred ADAMS,Prop,29 y/o,26/09/1996,1.86 m,NOLA Gold rugby team for 2024/2025,MLR,https://all.rugby/player/jarred-adams
Matt HARMON,Prop,30 y/o,04/12/1995,1.79 m,NOLA Gold rugby team for 2024/2025,MLR,https://all.rugby/player/matt-harmon
Paul MULLEN,Prop,34 y/o,16/11/1991,1.83 m,NOLA Gold rugby team for 2024/2025,MLR,https://all.rugby/player/paul-mullen
Tyler MATCHEM,Prop,22 y/o,04/10/2003,1.78 m,NOLA Gold rugby team for 2024/2025,MLR,https://all.rugby/player/tyler-matchem
Ale LOPETI,Hooker,25 y/o,12/04/2000,1.79 m,NOLA Gold rugby team for 2024/2025,MLR,https://all.rugby/player/alex-lopeti
Joe TAUFETE'E,Hooker,33 y/o,04/10/1992,1.83 m,NOLA Gold rugby team for 2024/2025,MLR,https://all.rugby/player/joe-taufete-e
Pat O'TOOLE,Hooker,31 y/o,01/02/1995,1.82 m,NOLA Gold rugby team for 2024/2025,MLR,https://all.rugby/player/pat-o-toole
Callum BOTCHAR,Lock,28 y/o,03/10/1997,1.94 m,NOLA Gold rugby team for 2024/2025,MLR,https://all.rugby/player/callum-botchar
Cam DOLAN,Lock,36 y/o,07/03/1990,1.99 m,NOLA Gold rugby team for 2024/2025,MLR,https://all.rugby/player/cam-dolan
Jay TUIVAITI,Lock,29 y/o,30/12/1996,1.93 m,NOLA Gold rugby team for 2024/2025,MLR,https://all.rugby/player/jay-tuivaiti
Kaden DUGUID,Lock,26 y/o,24/08/1999,2.03 m,NOLA Gold rugby team for 2024/2025,MLR,https://all.rugby/player/kaden-duguid
William WAGUESPACK,Lock,28 y/o,03/03/1998,1.98 m,NOLA Gold rugby team for 2024/2025,MLR,https://all.rugby/player/william-waguespack
Abe TURPEN,Back row,24 y/o,14/11/2001,1.83 m,NOLA Gold rugby team for 2024/2025,MLR,https://all.rugby/player/abe-turpen
Aidan KING,Back row,23 y/o,14/06/2002,1.86 m,NOLA Gold rugby team for 2024/2025,MLR,https://all.rugby/player/aidan-king-
Chase JONES,Back row,26 y/o,08/07/1999,1.94 m,NOLA Gold rugby team for 2024/2025,MLR,https://all.rugby/player/chase-jones
Cian DARLING,Back row,26 y/o,08/11/1999,1.91 m,NOLA Gold rugby team for 2024/2025,MLR,https://all.rugby/player/cian-darling
Kélian GALLETIER,Back row,34 y/o,18/03/1992,1.90 m,NOLA Gold rugby team for 2024/2025,MLR,https://all.rugby/player/kelian-galletier
Malcolm MAY,Back row,30 y/o,24/03/1996,1.86 m,NOLA Gold rugby team for 2024/2025,MLR,https://all.rugby/player/malcolm-may
Moni TONGA'UIHA,Back row,31 y/o,05/10/1994,1.88 m,NOLA Gold rugby team for 2024/2025,MLR,https://all.rugby/player/tesimoni-tonga-uiha
Osaiasi TONGA'UIHA,Back row,27 y/o,06/10/1998,1.86 m,NOLA Gold rugby team for 2024/2025,MLR,https://all.rugby/player/osaiasi-tonga-uiha
Tupou MA'AFU-AFUNGIA,Back row,26 y/o,12/09/1999,1.87 m,NOLA Gold rugby team for 2024/2025,MLR,https://all.rugby/player/tupou-ma-afu-afungia
Damian STEVENS,Scrum-half,30 y/o,02/06/1995,1.65 m,NOLA Gold rugby team for 2024/2025,MLR,https://all.rugby/player/damian-stevens
Ruben DE HAAS,Scrum-half,27 y/o,09/10/1998,1.83 m,NOLA Gold rugby team for 2024/2025,MLR,https://all.rugby/player/ruben-de-haas
Dalton MUSSELMAN,Fly-half,25 y/o,22/12/2000,1.78 m,NOLA Gold rugby team for 2024/2025,MLR,https://all.rugby/player/dalton-musselman
Dorian JONES,Fly-half,34 y/o,27/09/1991,1.75 m,NOLA Gold rugby team for 2024/2025,MLR,https://all.rugby/player/dorian-jones
Luke CARTY,Fly-half,28 y/o,24/09/1997,1.83 m,NOLA Gold rugby team for 2024/2025,MLR,https://all.rugby/player/luke-carty
Reece BOTHA,Fly-half,25 y/o,16/09/2000,1.91 m,NOLA Gold rugby team for 2024/2025,MLR,https://all.rugby/player/reece-botha
Jordan JACKSON-HOPE,Centre,29 y/o,05/04/1996,1.75 m,NOLA Gold rugby team for 2024/2025,MLR,https://all.rugby/player/jordan-jackson-hope
JP DU PLESSIS,Centre,34 y/o,29/04/1991,1.84 m,NOLA Gold rugby team for 2024/2025,MLR,https://all.rugby/player/jp-du-plessis
Nikolai FOLIAKI,Centre,28 y/o,25/12/1997,1.90 m,NOLA Gold rugby team for 2024/2025,MLR,https://all.rugby/player/nikolai-foliaki
Ross DEPPERSCHMIDT,Centre,33 y/o,29/12/1992,1.83 m,NOLA Gold rugby team for 2024/2025,MLR,https://all.rugby/player/ross-depperschmidt
Ed FIDOW,Winger,32 y/o,11/09/1993,1.88 m,NOLA Gold rugby team for 2024/2025,MLR,https://all.rugby/player/ed-fidow
Harley WHEELER,Winger,28 y/o,23/04/1997,1.83 m,NOLA Gold rugby team for 2024/2025,MLR,https://all.rugby/player/harley-wheeler
Jack WEBSTER,Winger,28 y/o,15/11/1997,1.88 m,NOLA Gold rugby team for 2024/2025,MLR,https://all.rugby/player/jack-webster
Julian ROBERTS,Winger,25 y/o,11/05/2000,1.75 m,NOLA Gold rugby team for 2024/2025,MLR,https://all.rugby/player/julian-roberts
Vilimoni KOROI,Winger,27 y/o,17/04/1998,1.80 m,NOLA Gold rugby team for 2024/2025,MLR,https://all.rugby/player/vilimoni-koroi
Xavier MIGNOT,Winger,32 y/o,27/01/1994,1.88 m,NOLA Gold rugby team for 2024/2025,MLR,https://all.rugby/player/xavier-mignot
Cooper COATS,Fullback,29 y/o,06/10/1996,1.83 m,NOLA Gold rugby team for 2024/2025,MLR,https://all.rugby/player/cooper-coats
Cali MARTINEZ,Prop,29 y/o,13/10/1996,1.74 m,The Old Glory DC RFC rugby team for 2024/2025,MLR,https://all.rugby/player/calixto-martinez
Isikeli KAVA,Prop,24 y/o,30/08/2001,1.87 m,The Old Glory DC RFC rugby team for 2024/2025,MLR,https://all.rugby/player/isikeli-kava
Jack ISCARO,Prop,28 y/o,04/08/1997,1.85 m,The Old Glory DC RFC rugby team for 2024/2025,MLR,https://all.rugby/player/jack-iscaro
Joe REES,Prop,35 y/o,31/08/1990,1.86 m,The Old Glory DC RFC rugby team for 2024/2025,MLR,https://all.rugby/player/joe-rees
Joe WRAFTER,Prop,30 y/o,29/01/1996,1.83 m,The Old Glory DC RFC rugby team for 2024/2025,MLR,https://all.rugby/player/joe-wrafter
Quentin NEWCOMER,Prop,29 y/o,16/07/1996,1.86 m,The Old Glory DC RFC rugby team for 2024/2025,MLR,https://all.rugby/player/quentin-newcomer
Sam DAVIES,Prop,23 y/o,07/06/2002,1.88 m,The Old Glory DC RFC rugby team for 2024/2025,MLR,https://all.rugby/player/sam-davies-2002
Facundo GATTAS,Hooker,30 y/o,02/07/1995,1.83 m,The Old Glory DC RFC rugby team for 2024/2025,MLR,https://all.rugby/player/facundo-gattas
KoiKoi NELLIGAN,Hooker,26 y/o,02/11/1999,1.83 m,The Old Glory DC RFC rugby team for 2024/2025,MLR,https://all.rugby/player/koikoi-nelligan
Martín VACA,Hooker,24 y/o,02/06/2001,1.87 m,The Old Glory DC RFC rugby team for 2024/2025,MLR,https://all.rugby/player/martin-vaca
Bill WHITESIDE,Lock,26 y/o,31/08/1999,1.96 m,The Old Glory DC RFC rugby team for 2024/2025,MLR,https://all.rugby/player/bill-whiteside
Charlie OVERTON,Lock,26 y/o,22/09/1999,2.01 m,The Old Glory DC RFC rugby team for 2024/2025,MLR,https://all.rugby/player/charlie-overton
Ignacio DOTTI,Lock,31 y/o,18/08/1994,1.95 m,The Old Glory DC RFC rugby team for 2024/2025,MLR,https://all.rugby/player/ignacio-dotti
Rob HARLEY,Lock,35 y/o,26/05/1990,1.97 m,The Old Glory DC RFC rugby team for 2024/2025,MLR,https://all.rugby/player/rob-harley
Tevita NAQALI,Lock,29 y/o,21/06/1996,1.98 m,The Old Glory DC RFC rugby team for 2024/2025,MLR,https://all.rugby/player/tevita-naqali
Brady DANIEL,Back row,26 y/o,22/06/1999,1.81 m,The Old Glory DC RFC rugby team for 2024/2025,MLR,https://all.rugby/player/brady-daniel
Collin GROSSE,Back row,26 y/o,07/12/1999,1.91 m,The Old Glory DC RFC rugby team for 2024/2025,MLR,https://all.rugby/player/collin-grosse
Cory GILLILAND-DANIEL,Back row,30 y/o,11/09/1995,1.90 m,The Old Glory DC RFC rugby team for 2024/2025,MLR,https://all.rugby/player/cory-gilliland-daniel
Jamason FA'ANANA-SCHULTZ,Back row,29 y/o,13/06/1996,1.88 m,The Old Glory DC RFC rugby team for 2024/2025,MLR,https://all.rugby/player/jamason-fa-anana-schultz
Lautaro BAVARO,Back row,31 y/o,09/04/1994,1.86 m,The Old Glory DC RFC rugby team for 2024/2025,MLR,https://all.rugby/player/lautaro-bavaro
Logan WEIDNER,Back row,24 y/o,07/02/2002,1.94 m,The Old Glory DC RFC rugby team for 2024/2025,MLR,https://all.rugby/player/logan-weidner
Connor BUCKLEY,Scrum-half,27 y/o,05/03/1999,1.71 m,The Old Glory DC RFC rugby team for 2024/2025,MLR,https://all.rugby/player/connor-buckley
Ethan MCVEIGH,Scrum-half,26 y/o,14/12/1999,1.76 m,The Old Glory DC RFC rugby team for 2024/2025,MLR,https://all.rugby/player/ethan-mcveigh
John LEFEVRE,Scrum-half,27 y/o,25/05/1998,1.75 m,The Old Glory DC RFC rugby team for 2024/2025,MLR,https://all.rugby/player/john-lefevre
Jason ROBERTSON,Fly-half,31 y/o,17/11/1994,1.75 m,The Old Glory DC RFC rugby team for 2024/2025,MLR,https://all.rugby/player/jason-robertson
Owen SHEEHY,Fly-half,27 y/o,21/03/1999,1.85 m,The Old Glory DC RFC rugby team for 2024/2025,MLR,https://all.rugby/player/owen-sheehy
Declan O'LOUGHLIN,Centre,23 y/o,28/09/2002,1.90 m,The Old Glory DC RFC rugby team for 2024/2025,MLR,https://all.rugby/player/declan-o-loughlin
Jason EMERY,Centre,32 y/o,21/09/1993,1.83 m,The Old Glory DC RFC rugby team for 2024/2025,MLR,https://all.rugby/player/jason-emery
John POWERS,Centre,28 y/o,08/07/1997,1.83 m,The Old Glory DC RFC rugby team for 2024/2025,MLR,https://all.rugby/player/john-powers
Nick GRIGG,Centre,33 y/o,18/09/1992,1.74 m,The Old Glory DC RFC rugby team for 2024/2025,MLR,https://all.rugby/player/nick-grigg
Steff HUGHES,Centre,32 y/o,17/02/1994,1.80 m,The Old Glory DC RFC rugby team for 2024/2025,MLR,https://all.rugby/player/steff-hughes
Tommaso BONI,Centre,33 y/o,15/01/1993,1.87 m,The Old Glory DC RFC rugby team for 2024/2025,MLR,https://all.rugby/player/tommaso-boni
Axel MULLER,Winger,32 y/o,25/11/1993,1.86 m,The Old Glory DC RFC rugby team for 2024/2025,MLR,https://all.rugby/player/axel-muller-aranda
Damien HOYLAND,Winger,32 y/o,11/01/1994,1.78 m,The Old Glory DC RFC rugby team for 2024/2025,MLR,https://all.rugby/player/damien-hoyland
John RIZZO,Winger,27 y/o,20/06/1998,1.83 m,The Old Glory DC RFC rugby team for 2024/2025,MLR,https://all.rugby/player/john-rizzo
Perry HUMPHREYS,Winger,31 y/o,17/10/1994,1.83 m,The Old Glory DC RFC rugby team for 2024/2025,MLR,https://all.rugby/player/perry-humphreys
Alessandro HEANEY,Prop,23 y/o,21/07/2002,1.85 m,The RFC Los Angeles rugby team for 2024/2025,MLR,https://all.rugby/player/alessandro-heaney
Conor YOUNG,Prop,30 y/o,15/08/1995,1.88 m,The RFC Los Angeles rugby team for 2024/2025,MLR,https://all.rugby/player/conor-young
Cronan GLEESON,Prop,33 y/o,10/03/1993,1.90 m,The RFC Los Angeles rugby team for 2024/2025,MLR,https://all.rugby/player/cronan-gleeson
Dane ZANDER,Prop,26 y/o,23/08/1999,1.90 m,The RFC Los Angeles rugby team for 2024/2025,MLR,https://all.rugby/player/dane-zander
Declan LEANEY,Prop,26 y/o,30/03/1999,1.85 m,The RFC Los Angeles rugby team for 2024/2025,MLR,https://all.rugby/player/declan-leaney
Franco VAN DEN BERG,Prop,29 y/o,31/10/1996,1.83 m,The RFC Los Angeles rugby team for 2024/2025,MLR,https://all.rugby/player/franco-van-den-berg
Justus TAVAI,Prop,27 y/o,26/06/1998,1.91 m,The RFC Los Angeles rugby team for 2024/2025,MLR,https://all.rugby/player/justus-tavai
Lincoln SI'I,Prop,28 y/o,08/05/1997,1.83 m,The RFC Los Angeles rugby team for 2024/2025,MLR,https://all.rugby/player/lincoln-sii
Maliu NIUAFE,Prop,22 y/o,03/07/2003,-,The RFC Los Angeles rugby team for 2024/2025,MLR,https://all.rugby/player/maliu-niuafe
Paddy BEATTIE,Prop,24 y/o,25/04/2001,1.90 m,The RFC Los Angeles rugby team for 2024/2025,MLR,https://all.rugby/player/paddy-beattie
Timmy OHLWEIN,Prop,28 y/o,21/02/1998,1.88 m,The RFC Los Angeles rugby team for 2024/2025,MLR,https://all.rugby/player/timmy-ohlwein
Ben STRANG,Hooker,24 y/o,23/12/2001,1.78 m,The RFC Los Angeles rugby team for 2024/2025,MLR,https://all.rugby/player/ben-strang
Ben SUGARS,Hooker,24 y/o,06/04/2001,1.88 m,The RFC Los Angeles rugby team for 2024/2025,MLR,https://all.rugby/player/ben-sugars
Mike SOSENE-FEAGAI,Hooker,32 y/o,17/04/1993,1.85 m,The RFC Los Angeles rugby team for 2024/2025,MLR,https://all.rugby/player/michelangelo-sosene-feagai
Jurie VAN VUUREN,Lock,32 y/o,07/06/1993,1.93 m,The RFC Los Angeles rugby team for 2024/2025,MLR,https://all.rugby/player/jurie-van-vuuren
Lucas BUR,Lock,26 y/o,28/02/2000,1.95 m,The RFC Los Angeles rugby team for 2024/2025,MLR,https://all.rugby/player/lucas-bur
Mikaea WYNYARD,Lock,22 y/o,13/07/2003,2.00 m,The RFC Los Angeles rugby team for 2024/2025,MLR,https://all.rugby/player/mikaea-wynyard
Reegan O'GORMAN,Lock,29 y/o,07/05/1996,1.98 m,The RFC Los Angeles rugby team for 2024/2025,MLR,https://all.rugby/player/reegan-o-gorman
Ben HOUSTON,Back row,26 y/o,30/04/1999,1.96 m,The RFC Los Angeles rugby team for 2024/2025,MLR,https://all.rugby/player/ben-houston
Ed TIMPSON,Back row,24 y/o,15/11/2001,1.83 m,The RFC Los Angeles rugby team for 2024/2025,MLR,https://all.rugby/player/ed-timpson
Jason DAMM,Back row,31 y/o,26/01/1995,1.93 m,The RFC Los Angeles rugby team for 2024/2025,MLR,https://all.rugby/player/jason-damm
Matt HEATON,Back row,33 y/o,09/02/1993,1.88 m,The RFC Los Angeles rugby team for 2024/2025,MLR,https://all.rugby/player/matt-heaton
Semi KUNATANI,Back row,35 y/o,27/10/1990,1.92 m,The RFC Los Angeles rugby team for 2024/2025,MLR,https://all.rugby/player/semi-kunatani
Tim ANSTEE,Back row,28 y/o,19/05/1997,1.94 m,The RFC Los Angeles rugby team for 2024/2025,MLR,https://all.rugby/player/tim-anstee
Danny CHRISTENSEN,Scrum-half,35 y/o,11/05/1990,1.76 m,The RFC Los Angeles rugby team for 2024/2025,MLR,https://all.rugby/player/danny-christensen
Gonzalo BERTRANOU,Scrum-half,32 y/o,31/12/1993,1.77 m,The RFC Los Angeles rugby team for 2024/2025,MLR,https://all.rugby/player/gonzalo-bertranou
Tas SMITH,Scrum-half,24 y/o,07/11/2001,1.82 m,The RFC Los Angeles rugby team for 2024/2025,MLR,https://all.rugby/player/tas-smith
Christian LEALI'IFANO,Fly-half,38 y/o,24/09/1987,1.79 m,The RFC Los Angeles rugby team for 2024/2025,MLR,https://all.rugby/player/christian-lealiifano
Matt ANTICEV,Fly-half,-,-,1.83 m,The RFC Los Angeles rugby team for 2024/2025,MLR,https://all.rugby/player/matt-anticev
Reece MACDONALD,Fly-half,28 y/o,10/12/1997,1.75 m,The RFC Los Angeles rugby team for 2024/2025,MLR,https://all.rugby/player/reece-macdonald
Sean NOLAN,Fly-half,25 y/o,11/12/2000,1.91 m,The RFC Los Angeles rugby team for 2024/2025,MLR,https://all.rugby/player/sean-nolan
Vaughen ISAACS,Fly-half,26 y/o,29/03/1999,1.76 m,The RFC Los Angeles rugby team for 2024/2025,MLR,https://all.rugby/player/vaughen-isaacs
Billy MEAKES,Centre,35 y/o,23/02/1991,1.87 m,The RFC Los Angeles rugby team for 2024/2025,MLR,https://all.rugby/player/bill-meakes
Matias JENSEN,Centre,22 y/o,11/06/2003,1.88 m,The RFC Los Angeles rugby team for 2024/2025,MLR,https://all.rugby/player/matias-jensen
Nick CHAN,Centre,25 y/o,19/01/2001,1.86 m,The RFC Los Angeles rugby team for 2024/2025,MLR,https://all.rugby/player/nick-chan
Seth PURDEY,Centre,27 y/o,15/12/1998,1.84 m,The RFC Los Angeles rugby team for 2024/2025,MLR,https://all.rugby/player/seth-purdey
Will LEONARD,Centre,30 y/o,22/09/1995,1.88 m,The RFC Los Angeles rugby team for 2024/2025,MLR,https://all.rugby/player/will-leonard
Christian DYER,Winger,28 y/o,26/12/1997,1.88 m,The RFC Los Angeles rugby team for 2024/2025,MLR,https://all.rugby/player/christian-dyer
Jack SHAW,Winger,26 y/o,14/02/2000,1.88 m,The RFC Los Angeles rugby team for 2024/2025,MLR,https://all.rugby/player/jack-shaw
Robert MAPA,Winger,20 y/o,//2005,1.78 m,The RFC Los Angeles rugby team for 2024/2025,MLR,https://all.rugby/player/robert-mapa
Andrew COE,Fullback,29 y/o,08/04/1996,1.87 m,The RFC Los Angeles rugby team for 2024/2025,MLR,https://all.rugby/player/andrew-coe
Rory VAN VUGT,Fullback,28 y/o,08/10/1997,1.88 m,The RFC Los Angeles rugby team for 2024/2025,MLR,https://all.rugby/player/rory-van-vugt
Brook TO'OMALATAI,Prop,32 y/o,29/03/1993,1.83 m,The San Diego Legion rugby team for 2024/2025,MLR,https://all.rugby/player/brook-toomalatai
Darcy BREEN,Prop,26 y/o,28/04/1999,1.87 m,The San Diego Legion rugby team for 2024/2025,MLR,https://all.rugby/player/darcy-breen
Djustice SEARS-DURU,Prop,31 y/o,24/05/1994,1.85 m,The San Diego Legion rugby team for 2024/2025,MLR,https://all.rugby/player/djustice-sears-duru
Nathan SYLVIA,Prop,32 y/o,17/03/1994,1.83 m,The San Diego Legion rugby team for 2024/2025,MLR,https://all.rugby/player/nathan-sylvia
Oliver KANE,Prop,28 y/o,25/04/1997,1.93 m,The San Diego Legion rugby team for 2024/2025,MLR,https://all.rugby/player/oliver-kane
Payton TELEA-ILALIO,Prop,27 y/o,17/08/1998,1.80 m,The San Diego Legion rugby team for 2024/2025,MLR,https://all.rugby/player/payton-telea-ilalio
Cyrille CAMA,Hooker,24 y/o,23/04/2001,1.80 m,The San Diego Legion rugby team for 2024/2025,MLR,https://all.rugby/player/cyrille-cama
Hugh ROACH,Hooker,33 y/o,11/09/1992,1.78 m,The San Diego Legion rugby team for 2024/2025,MLR,https://all.rugby/player/hugh-roach
Liki CHAN-TUNG,Hooker,25 y/o,16/03/2001,1.75 m,The San Diego Legion rugby team for 2024/2025,MLR,https://all.rugby/player/liki-chan-tung
Lolenisi VEIMAU,Hooker,28 y/o,09/09/1997,1.76 m,The San Diego Legion rugby team for 2024/2025,MLR,https://all.rugby/player/lolenisi-veimau
Shilo KLEIN,Hooker,26 y/o,05/05/1999,1.81 m,The San Diego Legion rugby team for 2024/2025,MLR,https://all.rugby/player/shilo-klein
Brandon HARVEY,Lock,23 y/o,13/06/2002,1.99 m,The San Diego Legion rugby team for 2024/2025,MLR,https://all.rugby/player/brandon-harvey
Charlie HEWITT,Lock,31 y/o,06/02/1995,2.01 m,The San Diego Legion rugby team for 2024/2025,MLR,https://all.rugby/player/charlie-hewitt
Chris TURORI,Lock,32 y/o,27/11/1993,1.93 m,The San Diego Legion rugby team for 2024/2025,MLR,https://all.rugby/player/chris-turori
James RIVERS,Lock,25 y/o,19/07/2000,1.98 m,The San Diego Legion rugby team for 2024/2025,MLR,https://all.rugby/player/james-rivers
Jed HOLLOWAY,Lock,33 y/o,02/11/1992,1.95 m,The San Diego Legion rugby team for 2024/2025,MLR,https://all.rugby/player/jed-holloway
Zak FARRANCE,Lock,29 y/o,18/05/1996,1.97 m,The San Diego Legion rugby team for 2024/2025,MLR,https://all.rugby/player/zack-farrance
Aminae AMIATU-TANOI,Back row,21 y/o,//2004,1.90 m,The San Diego Legion rugby team for 2024/2025,MLR,https://all.rugby/player/aminae-amiatu-tanoi
Brad WILKIN,Back row,30 y/o,08/12/1995,1.89 m,The San Diego Legion rugby team for 2024/2025,MLR,https://all.rugby/player/brad-wilkin
Christian POIDEVIN,Back row,27 y/o,09/09/1998,1.88 m,The San Diego Legion rugby team for 2024/2025,MLR,https://all.rugby/player/christian-poidevin
Jimmy HOKAFONU,Back row,25 y/o,27/11/2000,1.89 m,The San Diego Legion rugby team for 2024/2025,MLR,https://all.rugby/player/jimmy-hokafonu
Paddy RYAN,Back row,27 y/o,13/10/1998,1.83 m,The San Diego Legion rugby team for 2024/2025,MLR,https://all.rugby/player/paddy-ryan-1998
Tevita TAMEILAU,Back row,36 y/o,22/01/1990,1.96 m,The San Diego Legion rugby team for 2024/2025,MLR,https://all.rugby/player/david-tameilau
Vili HELU,Back row,30 y/o,20/03/1996,1.93 m,The San Diego Legion rugby team for 2024/2025,MLR,https://all.rugby/player/vili-helu
Aidan KONJA,Scrum-half,-,-,-,The San Diego Legion rugby team for 2024/2025,MLR,https://all.rugby/player/aidan-konja
Connor TUPAI,Scrum-half,26 y/o,08/12/1999,1.87 m,The San Diego Legion rugby team for 2024/2025,MLR,https://all.rugby/player/connor-tupai
Harris RUTHERFORD,Fly-half,22 y/o,14/05/2003,1.90 m,The San Diego Legion rugby team for 2024/2025,MLR,https://all.rugby/player/harris-rutherford
Inoke WAQAVESI,Fly-half,25 y/o,08/05/2000,1.73 m,The San Diego Legion rugby team for 2024/2025,MLR,https://all.rugby/player/inoke-waqavesi
Lincoln MCCLUTCHIE,Fly-half,26 y/o,12/04/1999,1.74 m,The San Diego Legion rugby team for 2024/2025,MLR,https://all.rugby/player/lincoln-mcclutchie
Alesana POHLA,Centre,28 y/o,30/12/1997,1.75 m,The San Diego Legion rugby team for 2024/2025,MLR,https://all.rugby/player/alesana-pohla
Cassh MALUIA,Centre,27 y/o,03/10/1998,1.83 m,The San Diego Legion rugby team for 2024/2025,MLR,https://all.rugby/player/cassh-maluia
Darius LAW,Centre,24 y/o,28/02/2002,-,The San Diego Legion rugby team for 2024/2025,MLR,https://all.rugby/player/darius-law
Junior TIME-TAUTUA,Centre,-,-,-,The San Diego Legion rugby team for 2024/2025,MLR,https://all.rugby/player/junior-time-tautua
Marcel BRACHE,Centre,38 y/o,15/10/1987,1.93 m,The San Diego Legion rugby team for 2024/2025,MLR,https://all.rugby/player/marcel-brache
Nick JOOSTE,Centre,28 y/o,07/07/1997,1.94 m,The San Diego Legion rugby team for 2024/2025,MLR,https://all.rugby/player/nick-jooste
Tavite LOPETI,Centre,27 y/o,20/11/1998,1.78 m,The San Diego Legion rugby team for 2024/2025,MLR,https://all.rugby/player/tavite-lopeti
Tiaan LOOTS,Centre,34 y/o,01/02/1992,1.83 m,The San Diego Legion rugby team for 2024/2025,MLR,https://all.rugby/player/tiaan-loots
James VAIFALE,Winger,31 y/o,15/12/1994,1.83 m,The San Diego Legion rugby team for 2024/2025,MLR,https://all.rugby/player/james-vaifale
Ryan JAMES,Winger,26 y/o,19/09/1999,1.88 m,The San Diego Legion rugby team for 2024/2025,MLR,https://all.rugby/player/ryan-james
Steffan CRIMP,Winger,22 y/o,21/07/2003,1.83 m,The San Diego Legion rugby team for 2024/2025,MLR,https://all.rugby/player/steffan-crimp
Tomas AOAKE,Winger,30 y/o,06/09/1995,1.82 m,The San Diego Legion rugby team for 2024/2025,MLR,https://all.rugby/player/tomas-aoake
Ethan GRAYSON,Fullback,23 y/o,15/04/2002,1.92 m,The San Diego Legion rugby team for 2024/2025,MLR,https://all.rugby/player/ethan-grayson
Rhian STOWERS,Fullback,26 y/o,14/02/2000,1.75 m,The San Diego Legion rugby team for 2024/2025,MLR,https://all.rugby/player/rhian-stowers
Cameron ORR,Prop,30 y/o,02/04/1995,1.88 m,The Seattle Seawolves rugby team for 2024/2025,MLR,https://all.rugby/player/cameron-orr
Chance WENGLEWSKI,Prop,28 y/o,09/04/1997,1.88 m,The Seattle Seawolves rugby team for 2024/2025,MLR,https://all.rugby/player/chance-wenglewski
Dewald DONALD,Prop,26 y/o,03/02/2000,1.85 m,The Seattle Seawolves rugby team for 2024/2025,MLR,https://all.rugby/player/dewald-donald
Juan Pablo ZEISS,Prop,36 y/o,02/08/1989,1.83 m,The Seattle Seawolves rugby team for 2024/2025,MLR,https://all.rugby/player/juan-pablo-zeiss
Mason PEDERSEN,Prop,29 y/o,18/09/1996,1.85 m,The Seattle Seawolves rugby team for 2024/2025,MLR,https://all.rugby/player/mason-pedersen
Njabulo GUMEDE,Prop,31 y/o,03/01/1995,1.85 m,The Seattle Seawolves rugby team for 2024/2025,MLR,https://all.rugby/player/njabulo-gumede
Dewald KOTZE,Hooker,28 y/o,14/06/1997,1.83 m,The Seattle Seawolves rugby team for 2024/2025,MLR,https://all.rugby/player/dewald-kotze
Jesse MACKAIL,Hooker,29 y/o,18/05/1996,1.85 m,The Seattle Seawolves rugby team for 2024/2025,MLR,https://all.rugby/player/jesse-mackail
Kerron VAN VUUREN,Hooker,30 y/o,23/05/1995,1.88 m,The Seattle Seawolves rugby team for 2024/2025,MLR,https://all.rugby/player/kerron-van-vuuren
Isaia LOTAWA,Lock,25 y/o,19/07/2000,2.01 m,The Seattle Seawolves rugby team for 2024/2025,MLR,https://all.rugby/player/isaia-lotawa
Malembe MPOFU,Lock,30 y/o,15/02/1996,1.98 m,The Seattle Seawolves rugby team for 2024/2025,MLR,https://all.rugby/player/malembe-mpofu
Rhyno HERBST,Lock,29 y/o,05/07/1996,1.98 m,The Seattle Seawolves rugby team for 2024/2025,MLR,https://all.rugby/player/rhyno-herbst
Siaosi MAHONI,Lock,29 y/o,29/01/1997,2.03 m,The Seattle Seawolves rugby team for 2024/2025,MLR,https://all.rugby/player/siaosi-mahoni
Taylor KRUMREI,Lock,31 y/o,02/07/1994,1.98 m,The Seattle Seawolves rugby team for 2024/2025,MLR,https://all.rugby/player/taylor-krumrei
Charles ELTON,Back row,32 y/o,07/06/1993,1.89 m,The Seattle Seawolves rugby team for 2024/2025,MLR,https://all.rugby/player/charles-elton
Devin SHORT,Back row,27 y/o,24/06/1998,1.91 m,The Seattle Seawolves rugby team for 2024/2025,MLR,https://all.rugby/player/devin-short
Huw TAYLOR,Back row,29 y/o,05/06/1996,1.96 m,The Seattle Seawolves rugby team for 2024/2025,MLR,https://all.rugby/player/huw-taylor
OJ NOA,Back row,36 y/o,28/12/1989,1.94 m,The Seattle Seawolves rugby team for 2024/2025,MLR,https://all.rugby/player/olajuwon-noa
Pago HAINI,Back row,34 y/o,16/12/1991,1.85 m,The Seattle Seawolves rugby team for 2024/2025,MLR,https://all.rugby/player/pago-haini
Riekert HATTINGH,Back row,32 y/o,05/03/1994,1.96 m,The Seattle Seawolves rugby team for 2024/2025,MLR,https://all.rugby/player/riekert-hattingh
Brock GALLAGHER,Scrum-half,27 y/o,13/07/1998,1.78 m,The Seattle Seawolves rugby team for 2024/2025,MLR,https://all.rugby/player/brock-gallagher
JP SMITH,Scrum-half,31 y/o,30/03/1994,1.88 m,The Seattle Seawolves rugby team for 2024/2025,MLR,https://all.rugby/player/juan-philip-smith
Nick BOYER,Scrum-half,32 y/o,17/07/1993,1.90 m,The Seattle Seawolves rugby team for 2024/2025,MLR,https://all.rugby/player/nick-boyer
Rhys JONES,Scrum-half,25 y/o,28/02/2001,1.80 m,The Seattle Seawolves rugby team for 2024/2025,MLR,https://all.rugby/player/rhys-jones
Eddie FOUCHÉ,Fly-half,28 y/o,04/09/1997,1.85 m,The Seattle Seawolves rugby team for 2024/2025,MLR,https://all.rugby/player/eddie-fouche
Rodney IONA,Fly-half,34 y/o,17/08/1991,1.78 m,The Seattle Seawolves rugby team for 2024/2025,MLR,https://all.rugby/player/rodney-iona
Calvin LIULAMAGA,Centre,25 y/o,07/03/2001,1.83 m,The Seattle Seawolves rugby team for 2024/2025,MLR,https://all.rugby/player/calvin-liulamaga
Dan KRIEL,Centre,32 y/o,15/02/1994,1.92 m,The Seattle Seawolves rugby team for 2024/2025,MLR,https://all.rugby/player/dan-kriel
David BUSBY,Centre,32 y/o,03/02/1994,1.78 m,The Seattle Seawolves rugby team for 2024/2025,MLR,https://all.rugby/player/david-busby
Mika KRUSE,Centre,27 y/o,27/06/1998,1.85 m,The Seattle Seawolves rugby team for 2024/2025,MLR,https://all.rugby/player/mika-kruse
Duncan MATTHEWS,Winger,32 y/o,24/02/1994,1.82 m,The Seattle Seawolves rugby team for 2024/2025,MLR,https://all.rugby/player/duncan-matthews
Jade STIGHLING,Winger,32 y/o,27/05/1993,1.83 m,The Seattle Seawolves rugby team for 2024/2025,MLR,https://all.rugby/player/jade-stighling
Jeremiah SIO,Winger,26 y/o,15/11/1999,1.78 m,The Seattle Seawolves rugby team for 2024/2025,MLR,https://all.rugby/player/jeremiah-sio
Lauina FUTI,Winger,30 y/o,05/01/1996,1.78 m,The Seattle Seawolves rugby team for 2024/2025,MLR,https://all.rugby/player/lauina-futi
Malacchi ESDALE,Winger,30 y/o,04/05/1995,1.88 m,The Seattle Seawolves rugby team for 2024/2025,MLR,https://all.rugby/player/malacchi-esdale
Toni PULU,Winger,36 y/o,28/11/1989,1.84 m,The Seattle Seawolves rugby team for 2024/2025,MLR,https://all.rugby/player/toni-pulu
Divan ROSSOUW,Fullback,30 y/o,12/03/1996,1.87 m,The Seattle Seawolves rugby team for 2024/2025,MLR,https://all.rugby/player/divan-rossouw
Aki SEIULI,Prop,33 y/o,22/12/1992,1.84 m,The Utah Warriors rugby team for 2024/2025,MLR,https://all.rugby/player/aki-seiuli
Angus MACLELLAN,Prop,33 y/o,24/08/1992,1.85 m,The Utah Warriors rugby team for 2024/2025,MLR,https://all.rugby/player/angus-maclellan
Emerson PRIOR,Prop,27 y/o,04/06/1998,1.89 m,The Utah Warriors rugby team for 2024/2025,MLR,https://all.rugby/player/emerson-prior
Fred APULU,Prop,29 y/o,08/05/1996,1.93 m,The Utah Warriors rugby team for 2024/2025,MLR,https://all.rugby/player/fred-apulu
Tesimale NIUPULUSU,Prop,25 y/o,18/07/2000,1.88 m,The Utah Warriors rugby team for 2024/2025,MLR,https://all.rugby/player/tesimale-niupulusu
Tonga KOFE,Prop,30 y/o,02/02/1996,1.88 m,The Utah Warriors rugby team for 2024/2025,MLR,https://all.rugby/player/tonga-kofe
Phil BRADFORD,Hooker,28 y/o,15/04/1997,1.80 m,The Utah Warriors rugby team for 2024/2025,MLR,https://all.rugby/player/phil-bradford
Ratu Vere VUGAKOTO,Hooker,28 y/o,29/12/1997,1.83 m,The Utah Warriors rugby team for 2024/2025,MLR,https://all.rugby/player/ratu-vere-vugakoto
Tyler WONG,Hooker,26 y/o,10/08/1999,1.88 m,The Utah Warriors rugby team for 2024/2025,MLR,https://all.rugby/player/tyler-wong
Gavin THORNBURY,Lock,32 y/o,19/10/1993,2.04 m,The Utah Warriors rugby team for 2024/2025,MLR,https://all.rugby/player/gavin-thornbury
Lone IKA,Lock,-,-,1.93 m,The Utah Warriors rugby team for 2024/2025,MLR,https://all.rugby/player/lone-ika
Matt JENSEN,Lock,33 y/o,21/04/1992,2.03 m,The Utah Warriors rugby team for 2024/2025,MLR,https://all.rugby/player/matt-jensen
Reid DAVIS,Lock,26 y/o,04/05/1999,1.97 m,The Utah Warriors rugby team for 2024/2025,MLR,https://all.rugby/player/reid-davis
Saia UHILA,Lock,39 y/o,02/02/1987,1.93 m,The Utah Warriors rugby team for 2024/2025,MLR,https://all.rugby/player/saia-uhila
Bailey WILSON,Back row,26 y/o,28/12/1999,1.90 m,The Utah Warriors rugby team for 2024/2025,MLR,https://all.rugby/player/bailey-wilson
Dylan NEL,Back row,33 y/o,27/11/1992,1.85 m,The Utah Warriors rugby team for 2024/2025,MLR,https://all.rugby/player/dylan-nel
Frank LOCHORE,Back row,24 y/o,07/06/2001,1.93 m,The Utah Warriors rugby team for 2024/2025,MLR,https://all.rugby/player/frank-lochore
Kalisi MOLI,Back row,28 y/o,06/06/1997,1.88 m,The Utah Warriors rugby team for 2024/2025,MLR,https://all.rugby/player/kalisi-moli
Lance WILLIAMS,Back row,33 y/o,18/02/1993,1.85 m,The Utah Warriors rugby team for 2024/2025,MLR,https://all.rugby/player/lance-williams
Mason BARKER,Back row,23 y/o,14/06/2002,1.88 m,The Utah Warriors rugby team for 2024/2025,MLR,https://all.rugby/player/mason-barker
Miah NOAESE,Back row,24 y/o,04/01/2002,1.91 m,The Utah Warriors rugby team for 2024/2025,MLR,https://all.rugby/player/jeremiah-noaese
Papa MATELAU,Back row,19 y/o,//2006,1.84 m,The Utah Warriors rugby team for 2024/2025,MLR,https://all.rugby/player/papa-matelau
Ronnie MCELLIGOTT,Back row,25 y/o,17/08/2000,1.85 m,The Utah Warriors rugby team for 2024/2025,MLR,https://all.rugby/player/ronnie-mcelligott
Sione LATU,Back row,22 y/o,22/09/2003,1.91 m,The Utah Warriors rugby team for 2024/2025,MLR,https://all.rugby/player/sione-latu
Tamarau MCGAHAN,Back row,26 y/o,08/12/1999,1.88 m,The Utah Warriors rugby team for 2024/2025,MLR,https://all.rugby/player/tamarau-mcgahan
Logan CROWLEY,Scrum-half,30 y/o,04/03/1996,1.74 m,The Utah Warriors rugby team for 2024/2025,MLR,https://all.rugby/player/logan-crowley
Sam REIMER,Scrum-half,23 y/o,08/10/2002,1.75 m,The Utah Warriors rugby team for 2024/2025,MLR,https://all.rugby/player/sam-reimer
Zion GOING,Scrum-half,24 y/o,20/04/2001,1.86 m,The Utah Warriors rugby team for 2024/2025,MLR,https://all.rugby/player/zion-going
D'Angelo LEUILA,Fly-half,29 y/o,18/01/1997,1.75 m,The Utah Warriors rugby team for 2024/2025,MLR,https://all.rugby/player/d-angelo-leuila
Joel HODGSON,Fly-half,33 y/o,01/08/1992,1.76 m,The Utah Warriors rugby team for 2024/2025,MLR,https://all.rugby/player/joel-hodgson
Cole SEMU,Centre,26 y/o,15/02/2000,1.77 m,The Utah Warriors rugby team for 2024/2025,MLR,https://all.rugby/player/cole-semu
Gabe CASEY,Centre,26 y/o,15/07/1999,1.90 m,The Utah Warriors rugby team for 2024/2025,MLR,https://all.rugby/player/gabe-casey
Kyle BROWN,Centre,23 y/o,03/08/2002,1.81 m,The Utah Warriors rugby team for 2024/2025,MLR,https://all.rugby/player/kyle-brown
Paul LASIKE,Centre,35 y/o,18/06/1990,1.80 m,The Utah Warriors rugby team for 2024/2025,MLR,https://all.rugby/player/paul-lasike
Spencer JONES,Centre,28 y/o,17/07/1997,1.85 m,The Utah Warriors rugby team for 2024/2025,MLR,https://all.rugby/player/jones-spencer
Tomasi TONGA,Centre,27 y/o,07/07/1998,1.83 m,The Utah Warriors rugby team for 2024/2025,MLR,https://all.rugby/player/tomasi-tonga
Joe MANO,Winger,30 y/o,02/07/1995,1.83 m,The Utah Warriors rugby team for 2024/2025,MLR,https://all.rugby/player/joseph-mano
Nic BENN,Winger,24 y/o,28/04/2001,1.88 m,The Utah Warriors rugby team for 2024/2025,MLR,https://all.rugby/player/nic-benn
Nolan TUAMOHELOA,Winger,27 y/o,18/12/1998,1.83 m,The Utah Warriors rugby team for 2024/2025,MLR,https://all.rugby/player/nolan-tuamoheloa
Tielu SAGALA,Winger,24 y/o,23/05/2001,1.85 m,The Utah Warriors rugby team for 2024/2025,MLR,https://all.rugby/player/tielu-sagala
Jordan TRAINOR,Fullback,30 y/o,31/01/1996,1.87 m,The Utah Warriors rugby team for 2024/2025,MLR,https://all.rugby/player/jordan-trainor
Sione MAHE,Fullback,26 y/o,21/01/2000,1.83 m,The Utah Warriors rugby team for 2024/2025,MLR,https://all.rugby/player/sione-mahe
