"Name,Birthday",""
"Archie Griffin,23/07/2001",""
"Beno Obano,25/10/1994",""
"Francois Van Wyk,30/07/1991",""
"Kieran Verden,11/06/1998",""
"Mikey Summerfield,30/10/2002",""
"Thomas Du Toit,05/05/1995",""
"Will Stuart,07/12/1996",""
"Dan Frost,24/04/1997",""
"Jasper Spandler,21/05/2003",""
"Tom Dunn,11/12/1992",""
"Charlie Ewels,29/06/1995",""
"Quinn Roux,30/10/1990",""
"Ross Molony,05/11/1994",""
"Alfie Barbeary,10/05/2000",""
"Ethan Staddon,07/03/2002",""
"Ewan Richards,04/05/2002",""
"Guy Pepper,15/04/2003",""
"Jaco Coetzee,06/10/1996",""
"Josh Bayliss,18/09/1997",""
"Miles Reid,09/06/1998",""
"Sam Underhill,22/07/1996",""
"Ted Hill,26/03/1999",""
"Tom Cowan,02/08/2002",""
"Ben Spencer,31/07/1992",""
"Bernard Van Der Linde,30/11/2000",""
"Neil Le Roux,16/04/2003",""
"Tom Carr Smith,28/02/2002",""
"Finn Russell,23/09/1992",""
"Santiago Carreras,30/03/1998",""
"Cameron Redpath,23/12/1999",""
"Chris Harris,28/12/1990",""
"Louie Hennessey,",""
"Max Ojomoh,13/09/2000",""
"Ollie Lawrence,18/09/1999",""
"Will Butt,15/01/2000",""
"Joe Cokanasiga,15/11/1997",""
"Will Muir,30/10/1995",""
"Austin Emens,09/02/2002",""
"Ciaran Donoghue,07/01/2003",""
"Henry Arundell,08/11/2002",""
"Sam Harris,03/09/2003",""
"Tom De Glanville,10/12/1999",""
"Alfie Griffin,",""
"Billy Sela,",""
"Claudius Wheeler,",""
"Henry Mountford,",""
"Scott Kirk,30/01/2004",""
"Kepu Tuipulotu,",""
"Oscar Thomas,",""
"Enoch Opoku Gyamfi,",""
"Jack Bennett,",""
"Alex Ridgway,",""
"Arthur Green,03/04/2004",""
"Connor Treacey,",""
"George Timmins,",""
"James Maloney,",""
"Will Jeanes,02/12/2004",""
"Ieuan Davies,",""
"James Linegar,",""
"Jack Harrison,",""
"Tyler Mason,",""
"Will Roue,",""
"Charlie Griffin,",""
"Tyler Offiah,",""
"Jack Woods,",""
"Sam Winters,",""
"Ioan Emanuel,",""
"Max Pearce,",""
"Harvey Cuckson,",""
"Ellis Genge,16/02/1995",""
"George Kloska,16/11/1999",""
"Jake Woolmore,12/07/1990",""
"Lovejoy Chawatama,26/08/1992",""
"Max Lahiff,12/09/1989",""
"Sam Grahamslaw,24/02/1999",""
"Gabriel Oghre,24/05/1998",""
"Harry Thacker,18/02/1994",""
"Will Capon,10/12/1999",""
"James Dun,07/07/1999",""
"Joe Batley,27/06/1996",""
"Joe Owen,16/08/2001",""
"Pedro Rubiolo,12/12/2002",""
"Steele Barker,01/12/2001",""
"Fitz Harding,26/04/1999",""
"Luka Ivanishvili,25/11/2001",""
"Santiago Grondona,25/07/1998",""
"Steven Luatua,29/04/1991",""
"Viliame Mata,22/10/1991",""
"Ellis Bevan,03/10/2000",""
"Harry Randall,",""
"Kieran Marmion,",""
"Max Pepper,",""
"Oscar Lennon,",""
"Sam Wolstenholme,",""
"Aj Macginty,",""
"Tom Jordan,",""
"Benhard Janse Van Rensburg,",""
"Charlie Powell,",""
"Jack Bates,",""
"James Williams,",""
"Matias Moroni,",""
"Gabriel Ibitoye,",""
"Kalaveti Ravouvou,",""
"Louis Rees Zammit,",""
"Toby Fricker,",""
"Matt Protheroe,",""
"Noah Heward,",""
"Richard Lane,",""
"George Leyland,",""
"Jimmy Halliwell,",""
"Louie Trevett,",""
"Sam Scott,",""
"Kieran Hill,",""
"Tomas Gwilliam,",""
"Ethan Surrey,",""
"Osian Williams,",""
"Will Ramply,",""
"Benjamin Grondona,",""
"George Taylor,",""
"John Edwards,",""
"Kenzie Jenkins,",""
"Kofi Cripps,",""
"Paddy Pearce,",""
"Cai Gealy,",""
"Raff Weston,",""
"Sam Worsley,",""
"Joe Jenkins,",""
"Toby Baker,",""
"Victor Worsnip,",""
"Aidan Boshoff,",""
"Evan Morris,",""
"Benjamin Elizalde,",""
"Josh Carrington,",""
"Ollie Harris,",""
"Matias Moroni,",""
"Bachuki Tchumbadze,30/11/2001",""
"Ehren Painter,21/03/1998",""
"Ethan Burger,23/05/2000",""
"Jimmy Roots,31/01/2000",""
"Josh Iosefa Scott,16/07/1996",""
"Khwezi Mona,10/08/1992",""
"Kwenzo Blose,05/12/1997",""
"Scott Sio,16/10/1991",""
"Will Goodrick Clarke,29/12/1995",""
"Jack Yeandle,22/12/1989",""
"Joseph Dweba,25/10/1995",""
"Julian Heaven,10/01/2000",""
"Max Norey,08/05/1999",""
"Andrea Zambonin,09/03/2000",""
"Dafydd Jenkins,12/05/2002",""
"Lewis Pearson,26/10/1999",""
"Rusiate Tuima,21/05/2000",""
"Christ Tshiunza,01/09/2002",""
"Ethan Roots,11/10/1997",""
"Greg Fisilau,07/09/2003",""
"Martin Moloney,",""
"Richard Capstick,",""
"Ross Vintcent,",""
"Tom Hooper,",""
"Charlie Chapman,",""
"Stephen Varney,",""
"Tom Cairns,",""
"Harvey Skinner,",""
"Will Haydon Wood,",""
"Dan John,",""
"Harry Ascherl,",""
"Henry Slade,",""
"Len Ikitau,",""
"Tamati Tua,",""
"Will Rigg,",""
"Immanuel Feyi Waboso,",""
"Olly Woodburn,",""
"Ben Hammersley,",""
"Josh Hodge,",""
"Tom Wyatt,",""
"Isaac Godfrey,",""
"Josh Mann,",""
"Keita Ando,",""
"Tom Gulley,",""
"Elliot Young,",""
"Louie Gulley,",""
"Alfie Bell,",""
"Joe Bailey,",""
"Luke Evans,",""
"Marlon Farouk Roy,",""
"Oscar Beckerleg,",""
"Charlie Bell,",""
"Finn Worley Brady,",""
"Kane James,",""
"George Newman,",""
"Will Becconsall,",""
"Ben Coen,",""
"Iwan Jenkins,",""
"Campbell Ridl,",""
"Kian Gentry,",""
"Nic Allison,",""
"Ollie Batson,",""
"Nick Lilley,",""
"Noah Fenton,",""
"Paul Brown Bampoe,",""
"Jed Findlay,",""
"Tom Burton,",""
"Orson James,",""
"Afolabi Fasogbon,",""
"Archie Mcarthur,06/11/2003",""
"Ciaran Knight,19/03/1998",""
"Dian Bleuler,08/05/1999",""
"Jamal Ford Robinson,09/11/1993",""
"Jonathan Benz Salomon,17/05/2001",""
"Kirill Gotovtsev,17/07/1987",""
"Nepo Laulala,11/06/1991",""
"Ollie Minnis,18/03/2003",""
"Rhys Davies 1999,15/02/1999",""
"Val Rapava Ruskin,10/12/1992",""
"Jack Innard,07/03/1995",""
"Jack Singleton,14/05/1996",""
"Manaaki Boyle Tiatia,",""
"Seb Blake,10/05/2001",""
"Will Crane,16/02/1994",""
"Arthur Clark,19/12/2001",""
"Cameron Jordan,17/11/1999",""
"Danny Eite,28/06/2003",""
"Freddie Thomas,11/09/2001",""
"Hugh Bokenham,",""
"Matias Alemanno,",""
"Harry Taylor,",""
"Jack Clement,",""
"Jack Mann,",""
"James Venter,",""
"Josh Basham,",""
"Lewis Ludlow,",""
"Will Trenholm,",""
"Callum Braley,",""
"Caolan Englefield,",""
"Mike Austin,",""
"Tomos Williams,",""
"Charlie Atkinson,",""
"Harrison James,",""
"Ross Byrne,",""
"Max Llewellyn,",""
"Seb Atkinson,",""
"Will Butler,",""
"Will Joseph,",""
"Ben Loader,",""
"Jacob Morris,",""
"Ollie Thorley,",""
"Rob Russell,",""
"Ben Redshaw,",""
"George Barton,",""
"Josh Hathaway,",""
"George Alexander,",""
"Harrison Bellamy,",""
"Harry Wright,",""
"George Knowles,",""
"Kealan Freeman Price,",""
"Freddie Ogden Metherell,",""
"Jonno Balding,",""
"Oscar Rees,",""
"Peter Paramore,",""
"Caio James,",""
"Dan O Reilly,",""
"Deian Gwynne,",""
"Freddie Stevens,",""
"Jack Gilbert,",""
"Jayden Wrottesley,",""
"Olly Allport,",""
"Luca Woodyatt,",""
"Rhys Price,",""
"Rio Ebanks,",""
"Josiah Edwards Giraud,",""
"Max Knight,",""
"Will Knight,",""
"Ewan Caven,",""
"George Dufty,",""
"Jack Cotgreave,",""
"Alessandro Heaney,21/07/2002",""
"Ben Murphy,07/02/2002",""
"Fin Baxter,02/12/2002",""
"Harry Williams,10/01/1991",""
"Joe Jones,24/07/1995",""
"Jordan Els,06/11/1997",""
"Luke Yendle,27/06/2000",""
"Pedro Delgado,09/01/1997",""
"Simon Kerrod,25/08/1992",""
"Titi Lamositele,02/11/1995",""
"Will Hobson,11/09/2002",""
"Boris Wenger,07/01/2002",""
"George Turner,10/08/1992",""
"Jack Musk,03/04/2000",""
"Jack Walker,05/06/1996",""
"Sam Riley,23/04/2001",""
"Barny Langton,26/01/2001",""
"Guido Petti,17/11/1994",""
"Joe Launchbury,04/12/1991",""
"Jonny Green,16/03/2004",""
"Jonny Green,",""
"Kieran Treadwell,",""
"Stephan Lewies,",""
"Alex Dombrandt,",""
"Chandler Cunningham South,",""
"Jack Kenningham,",""
"James Chisholm,",""
"Oisin Mccormack,",""
"Tom Lawday,",""
"William Evans,",""
"Jack Grant,",""
"Max Green,",""
"Stu Townsend,",""
"Will Porter,",""
"Jamie Benson,",""
"Jarrod Evans,",""
"Marcus Smith,",""
"Ben Waghorn,",""
"Bryn Bradley,",""
"Hayden Hyde,",""
"Luke Northmore,",""
"Oscar Beard,",""
"Cadan Murley,",""
"Cassius Cleaves,",""
"Nick David,",""
"Rodrigo Isgro Alastra,",""
"Tyrone Green,",""
"Cameron Anderson,",""
"Cameron Doak,",""
"Ethan Clarke,",""
"Jamie Miller,",""
"Ollie Streeter,",""
"Sam Bland,",""
"Ashton Graham,",""
"Jack Doorey Palmer,",""
"Jerold Gorleku,",""
"Jimmy Staples,",""
"Harry Browne,",""
"Mattias Woollard,",""
"Elliot Williams,",""
"Lucas Schmid,",""
"Seb Driscoll,",""
"Tate Williams,",""
"Zach Carr,",""
"Jake Murray,",""
"Lucas Friday,",""
"Connor Slevin,",""
"Felix Champain,",""
"Josh Bellamy,",""
"Math Jones,",""
"Finlay Cunnison,",""
"Franklin Mcmillan,",""
"Ludo Kolade,",""
"Sean Kerr,",""
"Guy Rogers,",""
"Theo Povey,",""
"Tom Humphreys,",""
"Conor Byrne,",""
"Sean Sharp,",""
"Nick Lynagh,",""
"Ale Loman,15/05/2000",""
"Archie Van Der Flier,26/02/2002",""
"Cameron Miell,",""
"Joe Heyes,13/04/1999",""
"Nicky Smith,04/07/1994",""
"Tarek Haffar,13/09/2001",""
"Tonga Kofe,02/02/1996",""
"Will Hurd,29/06/1999",""
"Charlie Clare,16/12/1991",""
"Finn Theobald Thomas,26/04/2003",""
"Jamie Blamire,22/12/1997",""
"John Stewart,03/08/2002",""
"Cameron Henderson,13/01/2000",""
"Finn Carnduff,03/10/2004",""
"Harry Wells,29/09/1993",""
"James Thompson,13/07/1999",""
"Lewis Chessum,27/02/2003",""
"Ollie Chessum,09/06/2000",""
"Tom Manz,19/07/2001",""
"Emeka Ilione,20/03/2002",""
"George Martin,18/06/2001",""
"Hamish Watson,",""
"Hanro Liebenberg,",""
"James Cherry,",""
"Joaquin Moro,",""
"Joshua Manz,",""
"Olly Cracknell,",""
"Tommy Reffell,",""
"Jack Van Poortvliet,",""
"Ollie Allan,",""
"Tom Whiteley,",""
"Billy Searle,",""
"James O Connor,",""
"Orlando Bailey,",""
"Izaia Perese,",""
"Joe Woodward,",""
"Solomone Kata,",""
"Will Wand,",""
"Adam Radwan,",""
"Gabriel Hamer Webb,",""
"Ollie Hassell Collins,",""
"Ryan Crowley,",""
"Sam Mercer,",""
"Freddie Steward,",""
"Bronson Kingsley Mellowes,",""
"Diamond Ayiehfor,",""
"Tubuna Maka,",""
"Harry Palmer,",""
"Osian Thomas,",""
"George Marsh,",""
"Monty Loggenberg,",""
"Sam Williams,",""
"Charlie Bemand,",""
"Tom Threlfall,",""
"Charlie Myall,",""
"Wilf Mccarthy,",""
"George Pearson,",""
"Jack Kinder,",""
"Kesena Izu,",""
"Charlie Titcombe,",""
"Adam Brocklebank,09/06/1995",""
"Eduardo Bello,27/11/1995",""
"Luan De Bruin,13/02/1993",""
"Murray Mccallum,16/03/1996",""
"Richard Palframan,20/12/1993",""
"Bryn Gordon,06/08/2001",""
"Fraser Renwick,15/05/1997",""
"George Mcguigan,30/03/1993",""
"Hame Faiva,05/09/1994",""
"Ollie Fletcher,09/09/2002",""
"Samson Adejimi,15/02/2002",""
"Adam Scott,27/11/2001",""
"Freddie Clarke,10/10/1992",""
"Jamie Hodgson,19/03/1998",""
"John Hawkins,11/11/1996",""
"Sebastian De Chaves,30/10/1990",""
"Tim Cardall,13/01/1997",""
"Amanaki Mafi,01/11/1990",""
"Cameron Neild,09/06/1994",""
"Fergus Lee Warner,02/03/1994",""
"Freddie Lockwood,",""
"Ollie Leatherbarrow,",""
"Tom Christie,",""
"Thomas Gordon,",""
"James Elliott,",""
"Sam Stuart,",""
"Simon Benitez Cruz,",""
"Boeta Chamberlain,",""
"Brett Connon,",""
"Cameron Hutchison,",""
"Connor Doherty,",""
"Max Clark,",""
"Sam Arnold,",""
"Alex Hearle,",""
"Christian Wade,",""
"Elliott Obatoyinbo,",""
"Harrison Obatoyinbo,",""
"Joel Grayson,",""
"Ethan Grayson,",""
"Liam Williams,",""
"Sam Waugh,",""
"Stefan Coetzee,",""
"Callum Hancock,",""
"Connor Hancock,",""
"Elvis Kitenge Fuki,",""
"Mike Rewcastle,",""
"Finn Baker,",""
"Oscar Usher,",""
"Charlie Turnbull,",""
"George Bolam,",""
"Reuben Parsons,",""
"Jack Dickens,",""
"Joe Davis,",""
"Junior Newton,",""
"Rhys Beeckmans,",""
"Nathan Greenwood,20/11/2003",""
"Oliver Spencer,22/02/2004",""
"Stewart Moore,",""
"Cleopas Kundiona,15/12/1998",""
"Danilo Fischetti,26/01/1998",""
"Elliot Millar Mills,07/08/1992",""
"Emmanuel Iyogun,24/11/2000",""
"Joe Cowell,01/06/2002",""
"Joe Cowell,01/06/2002",""
"Luke Green,05/06/2001",""
"Tom West,02/11/1996",""
"Trevor Davison,20/08/1992",""
"Will Davies King,28/07/1998",""
"Ben Alexander 22241,",""
"Craig Wright,",""
"Curtis Langdon,08/03/1997",""
"Henry Walker,03/10/1998",""
"Marco Manfredi,18/09/1997",""
"Robbie Smith,26/09/1998",""
"Alex Coles,21/09/1999",""
"Chunya Munga,09/02/2000",""
"Emeka Atuanya,17/03/2003",""
"Jj Van Der Mescht,05/04/1999",""
"Tom Lockett,10/06/2002",""
"Archie Benson,18/03/2001",""
"Callum Chick,",""
"Fyn Brown,",""
"Henry Pollock,",""
"Jack Kelleher,",""
"Josh Kemeny,",""
"Sam Graham,",""
"Tom Pearson,",""
"Alex Mitchell,",""
"Archie Mcparland,",""
"Tom James,",""
"Anthony Belleau,",""
"Fin Smith,",""
"Fraser Dingwall,",""
"Rory Hutchinson,",""
"Toby Thame,",""
"Tom Litchfield,",""
"Amena Caqusau,",""
"James Martin,",""
"James Ramm,",""
"Ollie Sleightholme,",""
"George Furbank,",""
"George Hendy,",""
"Tommy Freeman,",""
"Ollie Scola,",""
"Sonny Tonga Uiha,",""
"Aiden Ainsworth Cave,",""
"Archie Appleby,",""
"Ed Prowse,27/10/2000",""
"Jack Lawrence,",""
"James Bennett,10/07/2003",""
"Charlie Ulcoq,",""
"Jack Lewis,",""
"Siep Walta,",""
"Aidan Pugh,",""
"Jonny Weimann,",""
"Billy Pasco,",""
"Edoardo Todaro,",""
"Freddie St John,",""
"Henry Lumley,",""
"Tom Rowe,",""
"Will Glister,",""
"James Pater,",""
"Angus Scott Young,",""
"Asher Opoku,",""
"Bevan Rodd,26/08/2000",""
"James Harper,16/10/2000",""
"Patreece Bell,",""
"Simon Mcintyre,19/03/1991",""
"Tumy Onasanya,24/05/2002",""
"Willgriff John,12/04/1992",""
"Ethan Caine,20/09/2001",""
"Luke Cowan Dickie,20/06/1993",""
"Nathan Jibulu,26/01/2003",""
"Tadgh Mcelroy,16/06/1997",""
"Ben Bamber,24/01/2001",""
"Ernst Van Rhyn,19/09/1997",""
"Hyron Andrews,07/06/1995",""
"Rouban Birch,20/09/1999",""
"Ben Curry,15/06/1998",""
"Dan Du Preez,08/05/1995",""
"Huw Davies,11/12/2003",""
"Jacques Vermeulen,02/08/1995",""
"Sam Dugdale,30/09/1999",""
"Tom Curry,15/06/1998",""
"Gus Warr,24/09/1999",""
"Nye Thomas,",""
"Raffi Quirke,",""
"George Ford,",""
"Robert Du Preez,",""
"Tom Curtis,",""
"Joe Bedlow,",""
"Marius Louw,",""
"Rekeiti Ma Asi White,",""
"Sam Bedlow,",""
"Aaron Reed,",""
"Alex Wills,",""
"Obi Ene,",""
"Regan Grace,",""
"Tom O Flaherty,",""
"Tom Roebuck,",""
"Joe Carpenter,",""
"Luke James,",""
"Jack Lightbown,",""
"Oliver Spencer,",""
"Ralph Mceachran,",""
"Tye Raymont,",""
"Alfie Longstaff,",""
"Tom Davis,",""
"Dylan Hodkinson,",""
"Tom Burrow,",""
"Frank Chatterton,",""
"Jos Gilmore,",""
"Patrick Hogg,",""
"Reuben Logan,",""
"Seb Kelly,",""
"Tristan Woodman,",""
"Will Bennett,",""
"Dom Hanson,",""
"Will Wooton,",""
"Ollie Davies,",""
"Albert Bradshaw,",""
"Sebi Krippner,",""
"Toby Wilson,22/06/2003",""
"Osian Roberts,",""
"Gurshwin Nikhole Wehr,",""
"Alec Clarey,02/08/1994",""
"Eroni Mawi,02/06/1996",""
"Marco Riccioni,19/10/1997",""
"Marcus Street,02/06/1999",""
"Phil Brantingham,10/02/2001",""
"Rhys Carre,02/08/1998",""
"Tietie Tuimauga,08/05/1993",""
"Vilikesa Nairau,03/06/2002",""
"Eoghan Clarke,06/12/1998",""
"James Hadfield,27/11/1997",""
"Jamie George,20/10/1990",""
"Theodore Dan,26/12/2000",""
"Harry Wilson 1997,02/08/1997",""
"Hugh Tizard,31/03/2000",""
"Maro Itoje,28/10/1994",""
"Nick Isiekwe,20/04/1998",""
"Theo Mcfarland,16/10/1995",""
"Andy Christie,22/03/1999",""
"Ben Earl,01/07/1998",""
"Juan Martin Gonzalez Samso,14/11/2000",""
"Nathan Michelow,",""
"Toby Knight,",""
"Tom Willis,",""
"Charlie Bracken,",""
"Gareth Simpson,",""
"Ivan Van Zyl,",""
"Fergus Burke,",""
"Louie Johnson,",""
"Owen Farrell,",""
"Alex Lozowski,",""
"Brandon Jackson,",""
"Elliott Daly,",""
"Nick Tompkins,",""
"Oliver Hartley,",""
"Sam Spink,",""
"Lucio Luna,",""
"Max Malins,",""
"Rotimi Segun,",""
"Tobias Elliott,",""
"Alan Poku,",""
"Alex O Driscoll,",""
"Harvey Beaton,",""
"Lewis Young,",""
"James Isaacs,",""
"Charlie Barker,",""
"Kaden Pearce Paul,",""
"Kennedy Sylvester,",""
"Mathis Dehauteur,",""
"Max Eke,12/04/2003",""
"Olamide Sodeke,",""
"Tayo Adegbemile,",""
"Totoa Auva A,",""
"Barnaby Merrett,",""
"Barnaby Merritt,",""
"Charlie West,",""
"Jack Marshall,",""
"Reggie Hammick,",""
"Asa Stewart Harris,",""
"Finn Keylock,",""
"Luke Davidson,",""
"Alex Mason,",""
"Angus Hall,",""
"Oscar Wilson,",""
"Jack Bracken,",""
"Noah Caluori,",""
"Seva Kava,",""
"Zac Finch,",""
"Ben Morrow,",""
"Samson Adejimi,",""
"Cameron Hutchison,",""
