Full_Name,Position,Age,Height,Weight,University,Team,League,Category,Scraped_Url
江島大樹,PR,30,178,105,福工大,日本製鉄九州八幡,top-kyushu,top-kyushu,https://www.rugby-kyushu.jp/kyushuleague/2025-2026/topkyushu/topteam/nipponsteel.html
若林良樹,PR,26,173,100,福大,日本製鉄九州八幡,top-kyushu,top-kyushu,https://www.rugby-kyushu.jp/kyushuleague/2025-2026/topkyushu/topteam/nipponsteel.html
藤田大貴,PR,22,165,90,佐賀工,日本製鉄九州八幡,top-kyushu,top-kyushu,https://www.rugby-kyushu.jp/kyushuleague/2025-2026/topkyushu/topteam/nipponsteel.html
友枝大智,PR,33,185,118,法政大,日本製鉄九州八幡,top-kyushu,top-kyushu,https://www.rugby-kyushu.jp/kyushuleague/2025-2026/topkyushu/topteam/nipponsteel.html
瀧本亮太朗,PR,22,167,95,日本文理大,日本製鉄九州八幡,top-kyushu,top-kyushu,https://www.rugby-kyushu.jp/kyushuleague/2025-2026/topkyushu/topteam/nipponsteel.html
田守凌大,PR,22,172,107,大手門学院大,日本製鉄九州八幡,top-kyushu,top-kyushu,https://www.rugby-kyushu.jp/kyushuleague/2025-2026/topkyushu/topteam/nipponsteel.html
坂狩錬,HO,27,170,95,九共大,日本製鉄九州八幡,top-kyushu,top-kyushu,https://www.rugby-kyushu.jp/kyushuleague/2025-2026/topkyushu/topteam/nipponsteel.html
隈本浩太,HO,35,172,103,志學館大,日本製鉄九州八幡,top-kyushu,top-kyushu,https://www.rugby-kyushu.jp/kyushuleague/2025-2026/topkyushu/topteam/nipponsteel.html
下條裕太,HO,35,170,90,関西学大,日本製鉄九州八幡,top-kyushu,top-kyushu,https://www.rugby-kyushu.jp/kyushuleague/2025-2026/topkyushu/topteam/nipponsteel.html
岩﨑亮裕,LO,30,185,98,大体大,日本製鉄九州八幡,top-kyushu,top-kyushu,https://www.rugby-kyushu.jp/kyushuleague/2025-2026/topkyushu/topteam/nipponsteel.html
西井利宏,LO,33,185,110,関西大,日本製鉄九州八幡,top-kyushu,top-kyushu,https://www.rugby-kyushu.jp/kyushuleague/2025-2026/topkyushu/topteam/nipponsteel.html
安田颯,LO,22,183,85,國學院大,日本製鉄九州八幡,top-kyushu,top-kyushu,https://www.rugby-kyushu.jp/kyushuleague/2025-2026/topkyushu/topteam/nipponsteel.html
西川中,FL,28,182,97,流経大,日本製鉄九州八幡,top-kyushu,top-kyushu,https://www.rugby-kyushu.jp/kyushuleague/2025-2026/topkyushu/topteam/nipponsteel.html
吉田将峰,FL,25,175,85,九共大,日本製鉄九州八幡,top-kyushu,top-kyushu,https://www.rugby-kyushu.jp/kyushuleague/2025-2026/topkyushu/topteam/nipponsteel.html
鶴岡怜志,FL,34,180,95,流経大,日本製鉄九州八幡,top-kyushu,top-kyushu,https://www.rugby-kyushu.jp/kyushuleague/2025-2026/topkyushu/topteam/nipponsteel.html
大嶋凜太郎,No8,27,184,103,大体大,日本製鉄九州八幡,top-kyushu,top-kyushu,https://www.rugby-kyushu.jp/kyushuleague/2025-2026/topkyushu/topteam/nipponsteel.html
山根颯人,No8,23,165,90,九共大,日本製鉄九州八幡,top-kyushu,top-kyushu,https://www.rugby-kyushu.jp/kyushuleague/2025-2026/topkyushu/topteam/nipponsteel.html
長野一貴,No8,29,182,96,帝京大,日本製鉄九州八幡,top-kyushu,top-kyushu,https://www.rugby-kyushu.jp/kyushuleague/2025-2026/topkyushu/topteam/nipponsteel.html
松本新大,SH,22,165,63,福工,日本製鉄九州八幡,top-kyushu,top-kyushu,https://www.rugby-kyushu.jp/kyushuleague/2025-2026/topkyushu/topteam/nipponsteel.html
若松納央,SH,22,164,75,國學院大,日本製鉄九州八幡,top-kyushu,top-kyushu,https://www.rugby-kyushu.jp/kyushuleague/2025-2026/topkyushu/topteam/nipponsteel.html
松下宇宙,SH,23,170,70,摂南大,日本製鉄九州八幡,top-kyushu,top-kyushu,https://www.rugby-kyushu.jp/kyushuleague/2025-2026/topkyushu/topteam/nipponsteel.html
栗田朗英,SH,23,168,65,福大,日本製鉄九州八幡,top-kyushu,top-kyushu,https://www.rugby-kyushu.jp/kyushuleague/2025-2026/topkyushu/topteam/nipponsteel.html
今泉仁,SO,26,168,85,立正大,日本製鉄九州八幡,top-kyushu,top-kyushu,https://www.rugby-kyushu.jp/kyushuleague/2025-2026/topkyushu/topteam/nipponsteel.html
石川魁人,SO,22,172,85,朝日大,日本製鉄九州八幡,top-kyushu,top-kyushu,https://www.rugby-kyushu.jp/kyushuleague/2025-2026/topkyushu/topteam/nipponsteel.html
西林達哉,CTB,26,173,81,九共大,日本製鉄九州八幡,top-kyushu,top-kyushu,https://www.rugby-kyushu.jp/kyushuleague/2025-2026/topkyushu/topteam/nipponsteel.html
山本海斗,CTB,24,172,77,九共大,日本製鉄九州八幡,top-kyushu,top-kyushu,https://www.rugby-kyushu.jp/kyushuleague/2025-2026/topkyushu/topteam/nipponsteel.html
田中翔,CTB,23,168,82,帝京大,日本製鉄九州八幡,top-kyushu,top-kyushu,https://www.rugby-kyushu.jp/kyushuleague/2025-2026/topkyushu/topteam/nipponsteel.html
南里新,CTB,34,171,83,福工大,日本製鉄九州八幡,top-kyushu,top-kyushu,https://www.rugby-kyushu.jp/kyushuleague/2025-2026/topkyushu/topteam/nipponsteel.html
福田凌平,CTB,30,173,84,明治大,日本製鉄九州八幡,top-kyushu,top-kyushu,https://www.rugby-kyushu.jp/kyushuleague/2025-2026/topkyushu/topteam/nipponsteel.html
栢秀成,CTB,22,175,77,福大,日本製鉄九州八幡,top-kyushu,top-kyushu,https://www.rugby-kyushu.jp/kyushuleague/2025-2026/topkyushu/topteam/nipponsteel.html
髙野順平,WTB,28,175,88,九共大,日本製鉄九州八幡,top-kyushu,top-kyushu,https://www.rugby-kyushu.jp/kyushuleague/2025-2026/topkyushu/topteam/nipponsteel.html
梶木馨太,WTB,25,175,78,法政大,日本製鉄九州八幡,top-kyushu,top-kyushu,https://www.rugby-kyushu.jp/kyushuleague/2025-2026/topkyushu/topteam/nipponsteel.html
伊藤啓希,WTB,29,174,90,流経大,日本製鉄九州八幡,top-kyushu,top-kyushu,https://www.rugby-kyushu.jp/kyushuleague/2025-2026/topkyushu/topteam/nipponsteel.html
衞藤太晟,WTB,18,170,72,玖須美山高,日本製鉄九州八幡,top-kyushu,top-kyushu,https://www.rugby-kyushu.jp/kyushuleague/2025-2026/topkyushu/topteam/nipponsteel.html
讃井良太,WTB,23,166,75,福工大,日本製鉄九州八幡,top-kyushu,top-kyushu,https://www.rugby-kyushu.jp/kyushuleague/2025-2026/topkyushu/topteam/nipponsteel.html
野田高陽,FB,31,174,75,専大,日本製鉄九州八幡,top-kyushu,top-kyushu,https://www.rugby-kyushu.jp/kyushuleague/2025-2026/topkyushu/topteam/nipponsteel.html
亀元貫地,HO,35,172,107,帝京大,JR九州サンダース,top-kyushu,top-kyushu,https://www.rugby-kyushu.jp/kyushuleague/2025-2026/topkyushu/topteam/jrjyushu.html
中村清伸,SH,33,164,60,法政大,JR九州サンダース,top-kyushu,top-kyushu,https://www.rugby-kyushu.jp/kyushuleague/2025-2026/topkyushu/topteam/jrjyushu.html
冨松大義,HO,31,172,100,龍谷大,JR九州サンダース,top-kyushu,top-kyushu,https://www.rugby-kyushu.jp/kyushuleague/2025-2026/topkyushu/topteam/jrjyushu.html
大川兼聖,PR,30,170,92,流通経済大,JR九州サンダース,top-kyushu,top-kyushu,https://www.rugby-kyushu.jp/kyushuleague/2025-2026/topkyushu/topteam/jrjyushu.html
近藤拓,SO,32,163,69,龍谷大,JR九州サンダース,top-kyushu,top-kyushu,https://www.rugby-kyushu.jp/kyushuleague/2025-2026/topkyushu/topteam/jrjyushu.html
髙井勇貴,CTB,30,170,70,同志社大,JR九州サンダース,top-kyushu,top-kyushu,https://www.rugby-kyushu.jp/kyushuleague/2025-2026/topkyushu/topteam/jrjyushu.html
谷山泰信,LO,28,180,80,京都産業大,JR九州サンダース,top-kyushu,top-kyushu,https://www.rugby-kyushu.jp/kyushuleague/2025-2026/topkyushu/topteam/jrjyushu.html
平川望,LO,28,180,95,近畿大,JR九州サンダース,top-kyushu,top-kyushu,https://www.rugby-kyushu.jp/kyushuleague/2025-2026/topkyushu/topteam/jrjyushu.html
川添公康,LO,27,176,100,近畿大,JR九州サンダース,top-kyushu,top-kyushu,https://www.rugby-kyushu.jp/kyushuleague/2025-2026/topkyushu/topteam/jrjyushu.html
今村元気,WTB,27,168,72,青山学院大,JR九州サンダース,top-kyushu,top-kyushu,https://www.rugby-kyushu.jp/kyushuleague/2025-2026/topkyushu/topteam/jrjyushu.html
南部嵩史,FB,27,177,80,近畿大,JR九州サンダース,top-kyushu,top-kyushu,https://www.rugby-kyushu.jp/kyushuleague/2025-2026/topkyushu/topteam/jrjyushu.html
長谷川耀,PR,27,175,100,帝京大,JR九州サンダース,top-kyushu,top-kyushu,https://www.rugby-kyushu.jp/kyushuleague/2025-2026/topkyushu/topteam/jrjyushu.html
平坂海人,FB,26,176,82,帝京大学,JR九州サンダース,top-kyushu,top-kyushu,https://www.rugby-kyushu.jp/kyushuleague/2025-2026/topkyushu/topteam/jrjyushu.html
今住拳矢郎,WTB,26,167,71,近畿大学,JR九州サンダース,top-kyushu,top-kyushu,https://www.rugby-kyushu.jp/kyushuleague/2025-2026/topkyushu/topteam/jrjyushu.html
山浦魁,FL,26,180,82,九州共立大学,JR九州サンダース,top-kyushu,top-kyushu,https://www.rugby-kyushu.jp/kyushuleague/2025-2026/topkyushu/topteam/jrjyushu.html
内城正哉,SH,26,163,68,関西大学,JR九州サンダース,top-kyushu,top-kyushu,https://www.rugby-kyushu.jp/kyushuleague/2025-2026/topkyushu/topteam/jrjyushu.html
宮本郁大,CTB,27,178,90,日本体育大学,JR九州サンダース,top-kyushu,top-kyushu,https://www.rugby-kyushu.jp/kyushuleague/2025-2026/topkyushu/topteam/jrjyushu.html
平田圭史朗,WTB,26,168,77,関東学院大,JR九州サンダース,top-kyushu,top-kyushu,https://www.rugby-kyushu.jp/kyushuleague/2025-2026/topkyushu/topteam/jrjyushu.html
向井太一,PR,25,178,106,関西学院大学,JR九州サンダース,top-kyushu,top-kyushu,https://www.rugby-kyushu.jp/kyushuleague/2025-2026/topkyushu/topteam/jrjyushu.html
石川空悟,HO,24,167,90,法政大,JR九州サンダース,top-kyushu,top-kyushu,https://www.rugby-kyushu.jp/kyushuleague/2025-2026/topkyushu/topteam/jrjyushu.html
森祐也,WTB,24,173,83,京都産業大,JR九州サンダース,top-kyushu,top-kyushu,https://www.rugby-kyushu.jp/kyushuleague/2025-2026/topkyushu/topteam/jrjyushu.html
兒玉隆之介,PR,24,171,102,関東学院大,JR九州サンダース,top-kyushu,top-kyushu,https://www.rugby-kyushu.jp/kyushuleague/2025-2026/topkyushu/topteam/jrjyushu.html
清田勇貴,LO,24,183,90,日本大,JR九州サンダース,top-kyushu,top-kyushu,https://www.rugby-kyushu.jp/kyushuleague/2025-2026/topkyushu/topteam/jrjyushu.html
井上旭,LO,24,182,103,拓殖大,JR九州サンダース,top-kyushu,top-kyushu,https://www.rugby-kyushu.jp/kyushuleague/2025-2026/topkyushu/topteam/jrjyushu.html
中尾勇太,CTB,24,178,89,帝京大,JR九州サンダース,top-kyushu,top-kyushu,https://www.rugby-kyushu.jp/kyushuleague/2025-2026/topkyushu/topteam/jrjyushu.html
廣津円之丞,WTB,24,171,75,流通経済大,JR九州サンダース,top-kyushu,top-kyushu,https://www.rugby-kyushu.jp/kyushuleague/2025-2026/topkyushu/topteam/jrjyushu.html
志氣陸王,WTB,24,171,83,帝京大,JR九州サンダース,top-kyushu,top-kyushu,https://www.rugby-kyushu.jp/kyushuleague/2025-2026/topkyushu/topteam/jrjyushu.html
村尾幹太,HO,23,170,90,近畿大,JR九州サンダース,top-kyushu,top-kyushu,https://www.rugby-kyushu.jp/kyushuleague/2025-2026/topkyushu/topteam/jrjyushu.html
江藤大輝,PR,23,176,100,日本大,JR九州サンダース,top-kyushu,top-kyushu,https://www.rugby-kyushu.jp/kyushuleague/2025-2026/topkyushu/topteam/jrjyushu.html
西田喜一,FL,22,171,88,鹿児島大,JR九州サンダース,top-kyushu,top-kyushu,https://www.rugby-kyushu.jp/kyushuleague/2025-2026/topkyushu/topteam/jrjyushu.html
足立祥英,SH,22,171,72,大東文化大,JR九州サンダース,top-kyushu,top-kyushu,https://www.rugby-kyushu.jp/kyushuleague/2025-2026/topkyushu/topteam/jrjyushu.html
田中心大,SO,22,172,80,天理大,JR九州サンダース,top-kyushu,top-kyushu,https://www.rugby-kyushu.jp/kyushuleague/2025-2026/topkyushu/topteam/jrjyushu.html
吉野航平,CTB,22,181,92,九州共立大,JR九州サンダース,top-kyushu,top-kyushu,https://www.rugby-kyushu.jp/kyushuleague/2025-2026/topkyushu/topteam/jrjyushu.html
坂本公平,FB,22,178,85,明治大,JR九州サンダース,top-kyushu,top-kyushu,https://www.rugby-kyushu.jp/kyushuleague/2025-2026/topkyushu/topteam/jrjyushu.html
浦川晃樹,PR,33,179,112,福岡工業大学,安川電機BLUE BLAZE,top-kyushu,top-kyushu,https://www.rugby-kyushu.jp/kyushuleague/2025-2026/topkyushu/topteam/yasukawa.html
熊本章太,PR,32,172,90,九州職業能力開発大学校,安川電機BLUE BLAZE,top-kyushu,top-kyushu,https://www.rugby-kyushu.jp/kyushuleague/2025-2026/topkyushu/topteam/yasukawa.html
奥村英大,PR,26,174,95,天理大学,安川電機BLUE BLAZE,top-kyushu,top-kyushu,https://www.rugby-kyushu.jp/kyushuleague/2025-2026/topkyushu/topteam/yasukawa.html
河島ミーシャ,PR,25,182,100,帝京大学,安川電機BLUE BLAZE,top-kyushu,top-kyushu,https://www.rugby-kyushu.jp/kyushuleague/2025-2026/topkyushu/topteam/yasukawa.html
池田開,PR,25,170,90,西南大学,安川電機BLUE BLAZE,top-kyushu,top-kyushu,https://www.rugby-kyushu.jp/kyushuleague/2025-2026/topkyushu/topteam/yasukawa.html
丹下翔太,HO,30,170,90,東海大学,安川電機BLUE BLAZE,top-kyushu,top-kyushu,https://www.rugby-kyushu.jp/kyushuleague/2025-2026/topkyushu/topteam/yasukawa.html
中野勝太,HO,30,173,90,専修大学,安川電機BLUE BLAZE,top-kyushu,top-kyushu,https://www.rugby-kyushu.jp/kyushuleague/2025-2026/topkyushu/topteam/yasukawa.html
吉中悠太郎,HO,30,170,98,中央大学,安川電機BLUE BLAZE,top-kyushu,top-kyushu,https://www.rugby-kyushu.jp/kyushuleague/2025-2026/topkyushu/topteam/yasukawa.html
岩永雄大,HO,27,167,90,佐世保工業高等専門学校,安川電機BLUE BLAZE,top-kyushu,top-kyushu,https://www.rugby-kyushu.jp/kyushuleague/2025-2026/topkyushu/topteam/yasukawa.html
深川翔太,HO,24,172,90,静岡大学,安川電機BLUE BLAZE,top-kyushu,top-kyushu,https://www.rugby-kyushu.jp/kyushuleague/2025-2026/topkyushu/topteam/yasukawa.html
宮﨑大,LO,31,190,95,福岡大学,安川電機BLUE BLAZE,top-kyushu,top-kyushu,https://www.rugby-kyushu.jp/kyushuleague/2025-2026/topkyushu/topteam/yasukawa.html
竹原慶一郎,LO,29,178,85,福岡大学,安川電機BLUE BLAZE,top-kyushu,top-kyushu,https://www.rugby-kyushu.jp/kyushuleague/2025-2026/topkyushu/topteam/yasukawa.html
依藤隆史,LO,25,180,85,同志社大学,安川電機BLUE BLAZE,top-kyushu,top-kyushu,https://www.rugby-kyushu.jp/kyushuleague/2025-2026/topkyushu/topteam/yasukawa.html
永住健琉,LO,23,180,104,同志社大学,安川電機BLUE BLAZE,top-kyushu,top-kyushu,https://www.rugby-kyushu.jp/kyushuleague/2025-2026/topkyushu/topteam/yasukawa.html
江口北斗,FL,30,172,82,日本大学,安川電機BLUE BLAZE,top-kyushu,top-kyushu,https://www.rugby-kyushu.jp/kyushuleague/2025-2026/topkyushu/topteam/yasukawa.html
吉永純也,FL,26,177,94,法政大学,安川電機BLUE BLAZE,top-kyushu,top-kyushu,https://www.rugby-kyushu.jp/kyushuleague/2025-2026/topkyushu/topteam/yasukawa.html
山口龍慶,FL,25,166,70,同志社大学,安川電機BLUE BLAZE,top-kyushu,top-kyushu,https://www.rugby-kyushu.jp/kyushuleague/2025-2026/topkyushu/topteam/yasukawa.html
吉永昂生,FL,24,173,94,法政大学,安川電機BLUE BLAZE,top-kyushu,top-kyushu,https://www.rugby-kyushu.jp/kyushuleague/2025-2026/topkyushu/topteam/yasukawa.html
清水巴,No.8,33,177,83,同志社大学,安川電機BLUE BLAZE,top-kyushu,top-kyushu,https://www.rugby-kyushu.jp/kyushuleague/2025-2026/topkyushu/topteam/yasukawa.html
斉藤響,No.8,26,176,89,同志社大学,安川電機BLUE BLAZE,top-kyushu,top-kyushu,https://www.rugby-kyushu.jp/kyushuleague/2025-2026/topkyushu/topteam/yasukawa.html
鶴田英士,SH,38,161,80,九州共立大学,安川電機BLUE BLAZE,top-kyushu,top-kyushu,https://www.rugby-kyushu.jp/kyushuleague/2025-2026/topkyushu/topteam/yasukawa.html
深田昂輝,SH,29,167,65,関西学院大学,安川電機BLUE BLAZE,top-kyushu,top-kyushu,https://www.rugby-kyushu.jp/kyushuleague/2025-2026/topkyushu/topteam/yasukawa.html
江嵜裕太,SH,32,163,64,関西学院大学,安川電機BLUE BLAZE,top-kyushu,top-kyushu,https://www.rugby-kyushu.jp/kyushuleague/2025-2026/topkyushu/topteam/yasukawa.html
桃坂歩武,SH,25,170,72,佐世保工業高等専門学校,安川電機BLUE BLAZE,top-kyushu,top-kyushu,https://www.rugby-kyushu.jp/kyushuleague/2025-2026/topkyushu/topteam/yasukawa.html
酒井陽向,SH,24,170,72,同志社大学,安川電機BLUE BLAZE,top-kyushu,top-kyushu,https://www.rugby-kyushu.jp/kyushuleague/2025-2026/topkyushu/topteam/yasukawa.html
末次真南斗,SH,23,170,75,成蹊大学,安川電機BLUE BLAZE,top-kyushu,top-kyushu,https://www.rugby-kyushu.jp/kyushuleague/2025-2026/topkyushu/topteam/yasukawa.html
市橋輝,SO,25,171,80,九州共立大学,安川電機BLUE BLAZE,top-kyushu,top-kyushu,https://www.rugby-kyushu.jp/kyushuleague/2025-2026/topkyushu/topteam/yasukawa.html
吉田聡,CTB,33,171,85,福岡大学,安川電機BLUE BLAZE,top-kyushu,top-kyushu,https://www.rugby-kyushu.jp/kyushuleague/2025-2026/topkyushu/topteam/yasukawa.html
山田一輝,CTB,29,177,87,立命館大学,安川電機BLUE BLAZE,top-kyushu,top-kyushu,https://www.rugby-kyushu.jp/kyushuleague/2025-2026/topkyushu/topteam/yasukawa.html
武谷京佑,CTB,27,180,85,中央大学,安川電機BLUE BLAZE,top-kyushu,top-kyushu,https://www.rugby-kyushu.jp/kyushuleague/2025-2026/topkyushu/topteam/yasukawa.html
廣川虎太朗,CTB,26,178,75,佐世保工業高等専門学校,安川電機BLUE BLAZE,top-kyushu,top-kyushu,https://www.rugby-kyushu.jp/kyushuleague/2025-2026/topkyushu/topteam/yasukawa.html
宗貞良武,CTB,23,175,85,福岡工業大学,安川電機BLUE BLAZE,top-kyushu,top-kyushu,https://www.rugby-kyushu.jp/kyushuleague/2025-2026/topkyushu/topteam/yasukawa.html
石橋太地,WTB,33,172,75,立正大学,安川電機BLUE BLAZE,top-kyushu,top-kyushu,https://www.rugby-kyushu.jp/kyushuleague/2025-2026/topkyushu/topteam/yasukawa.html
堀江健太,WTB,29,177,72,宇部工業高等専門学校,安川電機BLUE BLAZE,top-kyushu,top-kyushu,https://www.rugby-kyushu.jp/kyushuleague/2025-2026/topkyushu/topteam/yasukawa.html
内田彩貴,WTB,28,170,76,同志社大学,安川電機BLUE BLAZE,top-kyushu,top-kyushu,https://www.rugby-kyushu.jp/kyushuleague/2025-2026/topkyushu/topteam/yasukawa.html
細田陸大,WTB,24,175,80,九州共立大学,安川電機BLUE BLAZE,top-kyushu,top-kyushu,https://www.rugby-kyushu.jp/kyushuleague/2025-2026/topkyushu/topteam/yasukawa.html
矢次竜介,WTB,24,173,81,福岡工業大学,安川電機BLUE BLAZE,top-kyushu,top-kyushu,https://www.rugby-kyushu.jp/kyushuleague/2025-2026/topkyushu/topteam/yasukawa.html
井上尚馬,FB,30,171,75,同志社大学,安川電機BLUE BLAZE,top-kyushu,top-kyushu,https://www.rugby-kyushu.jp/kyushuleague/2025-2026/topkyushu/topteam/yasukawa.html
中村拓真,FB,29,169,72,龍谷大学,安川電機BLUE BLAZE,top-kyushu,top-kyushu,https://www.rugby-kyushu.jp/kyushuleague/2025-2026/topkyushu/topteam/yasukawa.html
結城大介,FB,24,178,83,西南大学,安川電機BLUE BLAZE,top-kyushu,top-kyushu,https://www.rugby-kyushu.jp/kyushuleague/2025-2026/topkyushu/topteam/yasukawa.html
江口翔,FB,22,171,71,同志社大学,安川電機BLUE BLAZE,top-kyushu,top-kyushu,https://www.rugby-kyushu.jp/kyushuleague/2025-2026/topkyushu/topteam/yasukawa.html
日髙亮平,PR,33,173,105,立命大,FFGブルーグルーパーズ,top-kyushu,top-kyushu,https://www.rugby-kyushu.jp/kyushuleague/2025-2026/topkyushu/topteam/ffgbluegroupers.html
寺﨑大地,PR,29,181,103,関西学院大,FFGブルーグルーパーズ,top-kyushu,top-kyushu,https://www.rugby-kyushu.jp/kyushuleague/2025-2026/topkyushu/topteam/ffgbluegroupers.html
松枝歓喜,PR,27,177,100,福岡大,FFGブルーグルーパーズ,top-kyushu,top-kyushu,https://www.rugby-kyushu.jp/kyushuleague/2025-2026/topkyushu/topteam/ffgbluegroupers.html
竹内広行,PR,30,165,106,法政大,FFGブルーグルーパーズ,top-kyushu,top-kyushu,https://www.rugby-kyushu.jp/kyushuleague/2025-2026/topkyushu/topteam/ffgbluegroupers.html
畠中輝,PR,27,178,95,同志社大,FFGブルーグルーパーズ,top-kyushu,top-kyushu,https://www.rugby-kyushu.jp/kyushuleague/2025-2026/topkyushu/topteam/ffgbluegroupers.html
西川優斗,PR,28,173,101,筑波大,FFGブルーグルーパーズ,top-kyushu,top-kyushu,https://www.rugby-kyushu.jp/kyushuleague/2025-2026/topkyushu/topteam/ffgbluegroupers.html
久保諒,HO,31,172,90,福岡大,FFGブルーグルーパーズ,top-kyushu,top-kyushu,https://www.rugby-kyushu.jp/kyushuleague/2025-2026/topkyushu/topteam/ffgbluegroupers.html
竹内擁騎,HO,34,173,93,大阪体育大,FFGブルーグルーパーズ,top-kyushu,top-kyushu,https://www.rugby-kyushu.jp/kyushuleague/2025-2026/topkyushu/topteam/ffgbluegroupers.html
久保航,HO,23,173,94,同志社大,FFGブルーグルーパーズ,top-kyushu,top-kyushu,https://www.rugby-kyushu.jp/kyushuleague/2025-2026/topkyushu/topteam/ffgbluegroupers.html
堀之内太陽,HO,22,170,90,西南学院大,FFGブルーグルーパーズ,top-kyushu,top-kyushu,https://www.rugby-kyushu.jp/kyushuleague/2025-2026/topkyushu/topteam/ffgbluegroupers.html
後藤海夏人,LO,28,186,90,筑波大,FFGブルーグルーパーズ,top-kyushu,top-kyushu,https://www.rugby-kyushu.jp/kyushuleague/2025-2026/topkyushu/topteam/ffgbluegroupers.html
瀬尾優大,LO,30,183,89,筑波大,FFGブルーグルーパーズ,top-kyushu,top-kyushu,https://www.rugby-kyushu.jp/kyushuleague/2025-2026/topkyushu/topteam/ffgbluegroupers.html
小川将永,LO,27,183,95,専修大,FFGブルーグルーパーズ,top-kyushu,top-kyushu,https://www.rugby-kyushu.jp/kyushuleague/2025-2026/topkyushu/topteam/ffgbluegroupers.html
花田龍紀,LO,23,185,90,関東学院大,FFGブルーグルーパーズ,top-kyushu,top-kyushu,https://www.rugby-kyushu.jp/kyushuleague/2025-2026/topkyushu/topteam/ffgbluegroupers.html
岡本雅望,FL,27,172,85,日本大,FFGブルーグルーパーズ,top-kyushu,top-kyushu,https://www.rugby-kyushu.jp/kyushuleague/2025-2026/topkyushu/topteam/ffgbluegroupers.html
安藤大一斗,FL,26,173,78,西南学院大,FFGブルーグルーパーズ,top-kyushu,top-kyushu,https://www.rugby-kyushu.jp/kyushuleague/2025-2026/topkyushu/topteam/ffgbluegroupers.html
光本篤史,FL,28,175,72,國學院大,FFGブルーグルーパーズ,top-kyushu,top-kyushu,https://www.rugby-kyushu.jp/kyushuleague/2025-2026/topkyushu/topteam/ffgbluegroupers.html
汐月佑心,FL,22,172,90,東海大,FFGブルーグルーパーズ,top-kyushu,top-kyushu,https://www.rugby-kyushu.jp/kyushuleague/2025-2026/topkyushu/topteam/ffgbluegroupers.html
藤内喜市,SH,24,168,67,筑波大,FFGブルーグルーパーズ,top-kyushu,top-kyushu,https://www.rugby-kyushu.jp/kyushuleague/2025-2026/topkyushu/topteam/ffgbluegroupers.html
西村笙,SH,24,168,70,専修大,FFGブルーグルーパーズ,top-kyushu,top-kyushu,https://www.rugby-kyushu.jp/kyushuleague/2025-2026/topkyushu/topteam/ffgbluegroupers.html
中島佑維人,SH,23,173,75,日本大,FFGブルーグルーパーズ,top-kyushu,top-kyushu,https://www.rugby-kyushu.jp/kyushuleague/2025-2026/topkyushu/topteam/ffgbluegroupers.html
中川響希,SH,27,170,72,福岡大,FFGブルーグルーパーズ,top-kyushu,top-kyushu,https://www.rugby-kyushu.jp/kyushuleague/2025-2026/topkyushu/topteam/ffgbluegroupers.html
北島誠也,SO,33,170,70,法政大,FFGブルーグルーパーズ,top-kyushu,top-kyushu,https://www.rugby-kyushu.jp/kyushuleague/2025-2026/topkyushu/topteam/ffgbluegroupers.html
田代宙士,SO,37,175,83,大分舞鶴高,FFGブルーグルーパーズ,top-kyushu,top-kyushu,https://www.rugby-kyushu.jp/kyushuleague/2025-2026/topkyushu/topteam/ffgbluegroupers.html
鍬取武蔵,SO,22,173,77,専修大,FFGブルーグルーパーズ,top-kyushu,top-kyushu,https://www.rugby-kyushu.jp/kyushuleague/2025-2026/topkyushu/topteam/ffgbluegroupers.html
猿楽直希,CTB,35,179,83,明治大,FFGブルーグルーパーズ,top-kyushu,top-kyushu,https://www.rugby-kyushu.jp/kyushuleague/2025-2026/topkyushu/topteam/ffgbluegroupers.html
内城秀太,CTB,28,175,80,京産大,FFGブルーグルーパーズ,top-kyushu,top-kyushu,https://www.rugby-kyushu.jp/kyushuleague/2025-2026/topkyushu/topteam/ffgbluegroupers.html
廣瀬悠二,CTB,25,174,85,西南学院大,FFGブルーグルーパーズ,top-kyushu,top-kyushu,https://www.rugby-kyushu.jp/kyushuleague/2025-2026/topkyushu/topteam/ffgbluegroupers.html
佐藤咲人,CTB,25,173,73,福岡大,FFGブルーグルーパーズ,top-kyushu,top-kyushu,https://www.rugby-kyushu.jp/kyushuleague/2025-2026/topkyushu/topteam/ffgbluegroupers.html
野口大介,CTB,24,178,85,同志社大,FFGブルーグルーパーズ,top-kyushu,top-kyushu,https://www.rugby-kyushu.jp/kyushuleague/2025-2026/topkyushu/topteam/ffgbluegroupers.html
田中勘太,CTB,22,172,80,同志社大,FFGブルーグルーパーズ,top-kyushu,top-kyushu,https://www.rugby-kyushu.jp/kyushuleague/2025-2026/topkyushu/topteam/ffgbluegroupers.html
中井駿,CTB,23,172,80,法政大,FFGブルーグルーパーズ,top-kyushu,top-kyushu,https://www.rugby-kyushu.jp/kyushuleague/2025-2026/topkyushu/topteam/ffgbluegroupers.html
寺下義人,WTB,26,171,72,専修大,FFGブルーグルーパーズ,top-kyushu,top-kyushu,https://www.rugby-kyushu.jp/kyushuleague/2025-2026/topkyushu/topteam/ffgbluegroupers.html
稲尾優作,WTB,27,172,75,日本大,FFGブルーグルーパーズ,top-kyushu,top-kyushu,https://www.rugby-kyushu.jp/kyushuleague/2025-2026/topkyushu/topteam/ffgbluegroupers.html
林弘樹,FB,30,180,85,日本大,FFGブルーグルーパーズ,top-kyushu,top-kyushu,https://www.rugby-kyushu.jp/kyushuleague/2025-2026/topkyushu/topteam/ffgbluegroupers.html
濱﨑文哉,FB,22,168,76,立命大,FFGブルーグルーパーズ,top-kyushu,top-kyushu,https://www.rugby-kyushu.jp/kyushuleague/2025-2026/topkyushu/topteam/ffgbluegroupers.html
鈴木巽,PR,25,181,115,成蹊大学,三菱重工長崎,top-kyushu,top-kyushu,https://www.rugby-kyushu.jp/kyushuleague/2025-2026/topkyushu/topteam/mhinagasaki.html
河口真翔,PR,24,181,115,福岡工業大学,三菱重工長崎,top-kyushu,top-kyushu,https://www.rugby-kyushu.jp/kyushuleague/2025-2026/topkyushu/topteam/mhinagasaki.html
永野皓大,HO,24,165,85,東北大学院,三菱重工長崎,top-kyushu,top-kyushu,https://www.rugby-kyushu.jp/kyushuleague/2025-2026/topkyushu/topteam/mhinagasaki.html
田中雄大,LO,24,186,90,福岡工業大学,三菱重工長崎,top-kyushu,top-kyushu,https://www.rugby-kyushu.jp/kyushuleague/2025-2026/topkyushu/topteam/mhinagasaki.html
本山嵐士,SO,23,175,75,東海大学,三菱重工長崎,top-kyushu,top-kyushu,https://www.rugby-kyushu.jp/kyushuleague/2025-2026/topkyushu/topteam/mhinagasaki.html
當眞寮,WTB,23,178,91,流通経済大学,三菱重工長崎,top-kyushu,top-kyushu,https://www.rugby-kyushu.jp/kyushuleague/2025-2026/topkyushu/topteam/mhinagasaki.html
山口健一郎,PR,41,175,92,北九州大,鹿児島銀行,top-kyushu,top-kyushu,https://www.rugby-kyushu.jp/kyushuleague/2025-2026/topkyushu/topteam/kagoshimabank.html
堀田健太郎,PR,39,175,100,福岡大,鹿児島銀行,top-kyushu,top-kyushu,https://www.rugby-kyushu.jp/kyushuleague/2025-2026/topkyushu/topteam/kagoshimabank.html
柴田壮,PR,29,168,83,日本文理大,鹿児島銀行,top-kyushu,top-kyushu,https://www.rugby-kyushu.jp/kyushuleague/2025-2026/topkyushu/topteam/kagoshimabank.html
早淵右京,PR,25,180,120,流通経済大,鹿児島銀行,top-kyushu,top-kyushu,https://www.rugby-kyushu.jp/kyushuleague/2025-2026/topkyushu/topteam/kagoshimabank.html
大山祐樹,HO,39,174,94,福岡大,鹿児島銀行,top-kyushu,top-kyushu,https://www.rugby-kyushu.jp/kyushuleague/2025-2026/topkyushu/topteam/kagoshimabank.html
玉利友聖,HO,31,179,89,日本文理大,鹿児島銀行,top-kyushu,top-kyushu,https://www.rugby-kyushu.jp/kyushuleague/2025-2026/topkyushu/topteam/kagoshimabank.html
蔵元雅,HO,27,171,98,立正大,鹿児島銀行,top-kyushu,top-kyushu,https://www.rugby-kyushu.jp/kyushuleague/2025-2026/topkyushu/topteam/kagoshimabank.html
笠茂裕治,LO,36,181,82,福岡大,鹿児島銀行,top-kyushu,top-kyushu,https://www.rugby-kyushu.jp/kyushuleague/2025-2026/topkyushu/topteam/kagoshimabank.html
袖野太一,LO,26,185,96,日本大,鹿児島銀行,top-kyushu,top-kyushu,https://www.rugby-kyushu.jp/kyushuleague/2025-2026/topkyushu/topteam/kagoshimabank.html
永田優大,LO,25,184,85,立正大,鹿児島銀行,top-kyushu,top-kyushu,https://www.rugby-kyushu.jp/kyushuleague/2025-2026/topkyushu/topteam/kagoshimabank.html
宮﨑凪,FL,25,175,90,立正大,鹿児島銀行,top-kyushu,top-kyushu,https://www.rugby-kyushu.jp/kyushuleague/2025-2026/topkyushu/topteam/kagoshimabank.html
前田宗一郎,FL,34,178,85,福岡大,鹿児島銀行,top-kyushu,top-kyushu,https://www.rugby-kyushu.jp/kyushuleague/2025-2026/topkyushu/topteam/kagoshimabank.html
服部祐政,FL,25,166,70,鹿児島大,鹿児島銀行,top-kyushu,top-kyushu,https://www.rugby-kyushu.jp/kyushuleague/2025-2026/topkyushu/topteam/kagoshimabank.html
堂薗幸祐,No.8,32,184,88,志學館大,鹿児島銀行,top-kyushu,top-kyushu,https://www.rugby-kyushu.jp/kyushuleague/2025-2026/topkyushu/topteam/kagoshimabank.html
德田隆之介,No.8,29,174,87,専修大,鹿児島銀行,top-kyushu,top-kyushu,https://www.rugby-kyushu.jp/kyushuleague/2025-2026/topkyushu/topteam/kagoshimabank.html
中野雅文,SH,39,166,70,大阪体育大,鹿児島銀行,top-kyushu,top-kyushu,https://www.rugby-kyushu.jp/kyushuleague/2025-2026/topkyushu/topteam/kagoshimabank.html
甲斐凌亮,SH,30,170,75,大阪体育大,鹿児島銀行,top-kyushu,top-kyushu,https://www.rugby-kyushu.jp/kyushuleague/2025-2026/topkyushu/topteam/kagoshimabank.html
丸山淳平,SO,33,178,83,鹿児島大,鹿児島銀行,top-kyushu,top-kyushu,https://www.rugby-kyushu.jp/kyushuleague/2025-2026/topkyushu/topteam/kagoshimabank.html
甲斐太健,SO,23,166,75,九州共立大,鹿児島銀行,top-kyushu,top-kyushu,https://www.rugby-kyushu.jp/kyushuleague/2025-2026/topkyushu/topteam/kagoshimabank.html
川畑堅太,CTB,29,175,70,福岡工業大,鹿児島銀行,top-kyushu,top-kyushu,https://www.rugby-kyushu.jp/kyushuleague/2025-2026/topkyushu/topteam/kagoshimabank.html
岩下直登,CTB,28,175,81,中央大,鹿児島銀行,top-kyushu,top-kyushu,https://www.rugby-kyushu.jp/kyushuleague/2025-2026/topkyushu/topteam/kagoshimabank.html
小材光騎,CTB,22,174,81,専修大,鹿児島銀行,top-kyushu,top-kyushu,https://www.rugby-kyushu.jp/kyushuleague/2025-2026/topkyushu/topteam/kagoshimabank.html
馬場大輔,WTB,31,175,65,大分大,鹿児島銀行,top-kyushu,top-kyushu,https://www.rugby-kyushu.jp/kyushuleague/2025-2026/topkyushu/topteam/kagoshimabank.html
森山翔斗,WTB,22,168,72,東海大,鹿児島銀行,top-kyushu,top-kyushu,https://www.rugby-kyushu.jp/kyushuleague/2025-2026/topkyushu/topteam/kagoshimabank.html
児玉和也,WTB,40,173,81,九州共立大,鹿児島銀行,top-kyushu,top-kyushu,https://www.rugby-kyushu.jp/kyushuleague/2025-2026/topkyushu/topteam/kagoshimabank.html
遠矢聖翔,FB,28,170,72,流通経済大,鹿児島銀行,top-kyushu,top-kyushu,https://www.rugby-kyushu.jp/kyushuleague/2025-2026/topkyushu/topteam/kagoshimabank.html
永田佑輔,FB,35,180,76,鹿児島大,鹿児島銀行,top-kyushu,top-kyushu,https://www.rugby-kyushu.jp/kyushuleague/2025-2026/topkyushu/topteam/kagoshimabank.html
松下広暢,PR,40,175,85,京都産業大,西日本シティ銀行,top-kyushu,top-kyushu,https://www.rugby-kyushu.jp/kyushuleague/2025-2026/topkyushu/topteam/ncbank.html
大山貴弘,HO,40,174,100,日本大,西日本シティ銀行,top-kyushu,top-kyushu,https://www.rugby-kyushu.jp/kyushuleague/2025-2026/topkyushu/topteam/ncbank.html
石橋海洋,PR,29,180,100,同志社大,西日本シティ銀行,top-kyushu,top-kyushu,https://www.rugby-kyushu.jp/kyushuleague/2025-2026/topkyushu/topteam/ncbank.html
古庄俊介,LO,33,180,80,大分大,西日本シティ銀行,top-kyushu,top-kyushu,https://www.rugby-kyushu.jp/kyushuleague/2025-2026/topkyushu/topteam/ncbank.html
浦川伸太郎,LO,39,186,105,拓殖大,西日本シティ銀行,top-kyushu,top-kyushu,https://www.rugby-kyushu.jp/kyushuleague/2025-2026/topkyushu/topteam/ncbank.html
竹村草太,FL,29,167,76,同志社大,西日本シティ銀行,top-kyushu,top-kyushu,https://www.rugby-kyushu.jp/kyushuleague/2025-2026/topkyushu/topteam/ncbank.html
山田賢吾,FL,23,175,87,福岡工業大,西日本シティ銀行,top-kyushu,top-kyushu,https://www.rugby-kyushu.jp/kyushuleague/2025-2026/topkyushu/topteam/ncbank.html
小森光太郎,SH,36,165,68,同志社大,西日本シティ銀行,top-kyushu,top-kyushu,https://www.rugby-kyushu.jp/kyushuleague/2025-2026/topkyushu/topteam/ncbank.html
海部貴裕,SO,31,175,70,長崎大,西日本シティ銀行,top-kyushu,top-kyushu,https://www.rugby-kyushu.jp/kyushuleague/2025-2026/topkyushu/topteam/ncbank.html
秋吉竜之介,WTB,28,171,70,東京学芸大,西日本シティ銀行,top-kyushu,top-kyushu,https://www.rugby-kyushu.jp/kyushuleague/2025-2026/topkyushu/topteam/ncbank.html
中村太一,CTB,25,176,82,京都産業大,西日本シティ銀行,top-kyushu,top-kyushu,https://www.rugby-kyushu.jp/kyushuleague/2025-2026/topkyushu/topteam/ncbank.html
石橋俊秀,CTB,33,175,80,九州産業大,西日本シティ銀行,top-kyushu,top-kyushu,https://www.rugby-kyushu.jp/kyushuleague/2025-2026/topkyushu/topteam/ncbank.html
吉野誠二郎,WTB,33,170,65,長崎大,西日本シティ銀行,top-kyushu,top-kyushu,https://www.rugby-kyushu.jp/kyushuleague/2025-2026/topkyushu/topteam/ncbank.html
中村誠一,FB,39,170,70,日本大,西日本シティ銀行,top-kyushu,top-kyushu,https://www.rugby-kyushu.jp/kyushuleague/2025-2026/topkyushu/topteam/ncbank.html
福島慧也,FL,28,175,85,東海大,西日本シティ銀行,top-kyushu,top-kyushu,https://www.rugby-kyushu.jp/kyushuleague/2025-2026/topkyushu/topteam/ncbank.html
永樂史弥,PR,31,175,96,長崎大,西日本シティ銀行,top-kyushu,top-kyushu,https://www.rugby-kyushu.jp/kyushuleague/2025-2026/topkyushu/topteam/ncbank.html
吉浦大貴,LO,31,172,89,長崎大,西日本シティ銀行,top-kyushu,top-kyushu,https://www.rugby-kyushu.jp/kyushuleague/2025-2026/topkyushu/topteam/ncbank.html
清原裕揮,LO,26,185,90,青山学院大,西日本シティ銀行,top-kyushu,top-kyushu,https://www.rugby-kyushu.jp/kyushuleague/2025-2026/topkyushu/topteam/ncbank.html
森田悠揮,CTB,24,174,78,福岡工業大,西日本シティ銀行,top-kyushu,top-kyushu,https://www.rugby-kyushu.jp/kyushuleague/2025-2026/topkyushu/topteam/ncbank.html
松尾邦俊,SH,54,170,65,長崎大,西日本シティ銀行,top-kyushu,top-kyushu,https://www.rugby-kyushu.jp/kyushuleague/2025-2026/topkyushu/topteam/ncbank.html
今川宗一郎,WTB,30,174,74,同志社大,西日本シティ銀行,top-kyushu,top-kyushu,https://www.rugby-kyushu.jp/kyushuleague/2025-2026/topkyushu/topteam/ncbank.html
谷川真啓,WTB,30,170,75,同志社大,西日本シティ銀行,top-kyushu,top-kyushu,https://www.rugby-kyushu.jp/kyushuleague/2025-2026/topkyushu/topteam/ncbank.html
高橋鷹翼,WTB,25,174,68,鹿児島大,西日本シティ銀行,top-kyushu,top-kyushu,https://www.rugby-kyushu.jp/kyushuleague/2025-2026/topkyushu/topteam/ncbank.html
佐藤慶彦,WTB,28,175,80,防衛大,西日本シティ銀行,top-kyushu,top-kyushu,https://www.rugby-kyushu.jp/kyushuleague/2025-2026/topkyushu/topteam/ncbank.html
小栁和幸,PR,42,175,110,近畿大,西日本シティ銀行,top-kyushu,top-kyushu,https://www.rugby-kyushu.jp/kyushuleague/2025-2026/topkyushu/topteam/ncbank.html
花田瑞樹,FB,34,170,70,大分大,西日本シティ銀行,top-kyushu,top-kyushu,https://www.rugby-kyushu.jp/kyushuleague/2025-2026/topkyushu/topteam/ncbank.html
吉瀬潤,CTB,34,175,70,立命館大,西日本シティ銀行,top-kyushu,top-kyushu,https://www.rugby-kyushu.jp/kyushuleague/2025-2026/topkyushu/topteam/ncbank.html
伊藤大智,FL,29,165,70,福岡大,西日本シティ銀行,top-kyushu,top-kyushu,https://www.rugby-kyushu.jp/kyushuleague/2025-2026/topkyushu/topteam/ncbank.html
山口怜央,FL,24,178,82,福岡工業大,西日本シティ銀行,top-kyushu,top-kyushu,https://www.rugby-kyushu.jp/kyushuleague/2025-2026/topkyushu/topteam/ncbank.html
藤井廉,SO,22,174,78,福岡工業大,西日本シティ銀行,top-kyushu,top-kyushu,https://www.rugby-kyushu.jp/kyushuleague/2025-2026/topkyushu/topteam/ncbank.html
秋吉真人,PR,30,170,100,東海大,西日本シティ銀行,top-kyushu,top-kyushu,https://www.rugby-kyushu.jp/kyushuleague/2025-2026/topkyushu/topteam/ncbank.html
石倉幸斉,CTB,42,177,84,鹿児島工業,日特スパークテックWKS,top-kyushu,top-kyushu,https://www.rugby-kyushu.jp/kyushuleague/2025-2026/topkyushu/topteam/niterra.html
宇宿真悟,FL,44,175,83,宮之城,日特スパークテックWKS,top-kyushu,top-kyushu,https://www.rugby-kyushu.jp/kyushuleague/2025-2026/topkyushu/topteam/niterra.html
小田英明,WTB,42,168,77,宮之城,日特スパークテックWKS,top-kyushu,top-kyushu,https://www.rugby-kyushu.jp/kyushuleague/2025-2026/topkyushu/topteam/niterra.html
草留善昭,FL,46,178,78,宮之城,日特スパークテックWKS,top-kyushu,top-kyushu,https://www.rugby-kyushu.jp/kyushuleague/2025-2026/topkyushu/topteam/niterra.html
寺田哲郎,PR,43,178,100,鹿児島工業,日特スパークテックWKS,top-kyushu,top-kyushu,https://www.rugby-kyushu.jp/kyushuleague/2025-2026/topkyushu/topteam/niterra.html
寺脇大晃,WTB,45,171,76,宮之城,日特スパークテックWKS,top-kyushu,top-kyushu,https://www.rugby-kyushu.jp/kyushuleague/2025-2026/topkyushu/topteam/niterra.html
永里侑一,WTB,39,173,70,宮之城,日特スパークテックWKS,top-kyushu,top-kyushu,https://www.rugby-kyushu.jp/kyushuleague/2025-2026/topkyushu/topteam/niterra.html
西田金正,SH,43,165,63,川内商工,日特スパークテックWKS,top-kyushu,top-kyushu,https://www.rugby-kyushu.jp/kyushuleague/2025-2026/topkyushu/topteam/niterra.html
松尾雄治,LO,39,193,90,加治木工業,日特スパークテックWKS,top-kyushu,top-kyushu,https://www.rugby-kyushu.jp/kyushuleague/2025-2026/topkyushu/topteam/niterra.html
諏訪翼,HO,37,171,83,鹿児島工業,日特スパークテックWKS,top-kyushu,top-kyushu,https://www.rugby-kyushu.jp/kyushuleague/2025-2026/topkyushu/topteam/niterra.html
井上雄太,LO,38,182,87,出水工業,日特スパークテックWKS,top-kyushu,top-kyushu,https://www.rugby-kyushu.jp/kyushuleague/2025-2026/topkyushu/topteam/niterra.html
吉永健悟,LO,38,166,73,鹿児島工業,日特スパークテックWKS,top-kyushu,top-kyushu,https://www.rugby-kyushu.jp/kyushuleague/2025-2026/topkyushu/topteam/niterra.html
内山一真,SO,37,171,72,鹿児島実業,日特スパークテックWKS,top-kyushu,top-kyushu,https://www.rugby-kyushu.jp/kyushuleague/2025-2026/topkyushu/topteam/niterra.html
長松軒祥太,LO,37,176,82,加治木工業,日特スパークテックWKS,top-kyushu,top-kyushu,https://www.rugby-kyushu.jp/kyushuleague/2025-2026/topkyushu/topteam/niterra.html
田中大喜,PR,37,184,110,加治木工業,日特スパークテックWKS,top-kyushu,top-kyushu,https://www.rugby-kyushu.jp/kyushuleague/2025-2026/topkyushu/topteam/niterra.html
本田光,CTB,40,168,73,志學館大学,日特スパークテックWKS,top-kyushu,top-kyushu,https://www.rugby-kyushu.jp/kyushuleague/2025-2026/topkyushu/topteam/niterra.html
平井健太,FL,36,178,80,鹿児島工業,日特スパークテックWKS,top-kyushu,top-kyushu,https://www.rugby-kyushu.jp/kyushuleague/2025-2026/topkyushu/topteam/niterra.html
松木竜之助,FL,36,176,87,鹿児島実業,日特スパークテックWKS,top-kyushu,top-kyushu,https://www.rugby-kyushu.jp/kyushuleague/2025-2026/topkyushu/topteam/niterra.html
蒲牟田晃広,PR,35,176,85,鹿児島工業,日特スパークテックWKS,top-kyushu,top-kyushu,https://www.rugby-kyushu.jp/kyushuleague/2025-2026/topkyushu/topteam/niterra.html
佐伯武征,WTB,35,175,72,鹿児島実業,日特スパークテックWKS,top-kyushu,top-kyushu,https://www.rugby-kyushu.jp/kyushuleague/2025-2026/topkyushu/topteam/niterra.html
森田優星,WTB,33,169,52,大口,日特スパークテックWKS,top-kyushu,top-kyushu,https://www.rugby-kyushu.jp/kyushuleague/2025-2026/topkyushu/topteam/niterra.html
福岡隆一,WTB,52,170,80,鹿児島商工,日特スパークテックWKS,top-kyushu,top-kyushu,https://www.rugby-kyushu.jp/kyushuleague/2025-2026/topkyushu/topteam/niterra.html
平良海斗,WTB,27,173,70,鹿児島実業,日特スパークテックWKS,top-kyushu,top-kyushu,https://www.rugby-kyushu.jp/kyushuleague/2025-2026/topkyushu/topteam/niterra.html
米盛寿樹,PR,32,175,120,川内商工,日特スパークテックWKS,top-kyushu,top-kyushu,https://www.rugby-kyushu.jp/kyushuleague/2025-2026/topkyushu/topteam/niterra.html
宗白十,SH,23,162,50,鹿児島実業,日特スパークテックWKS,top-kyushu,top-kyushu,https://www.rugby-kyushu.jp/kyushuleague/2025-2026/topkyushu/topteam/niterra.html
吉窪胤彦,PR,31,185,110,鹿児島実業,日特スパークテックWKS,top-kyushu,top-kyushu,https://www.rugby-kyushu.jp/kyushuleague/2025-2026/topkyushu/topteam/niterra.html
湯浅竣貴,CTB,26,170,70,立正大学,日特スパークテックWKS,top-kyushu,top-kyushu,https://www.rugby-kyushu.jp/kyushuleague/2025-2026/topkyushu/topteam/niterra.html
図師裕太郎,PR,31,178,93,京都産業大学,日特スパークテックWKS,top-kyushu,top-kyushu,https://www.rugby-kyushu.jp/kyushuleague/2025-2026/topkyushu/topteam/niterra.html
森太陽,CTB,26,168,60,鹿児島実業,日特スパークテックWKS,top-kyushu,top-kyushu,https://www.rugby-kyushu.jp/kyushuleague/2025-2026/topkyushu/topteam/niterra.html
山中太輝,FL,25,165,75,鹿児島実業,日特スパークテックWKS,top-kyushu,top-kyushu,https://www.rugby-kyushu.jp/kyushuleague/2025-2026/topkyushu/topteam/niterra.html
福岡龍星,WTB,27,164,70,鹿児島実業,日特スパークテックWKS,top-kyushu,top-kyushu,https://www.rugby-kyushu.jp/kyushuleague/2025-2026/topkyushu/topteam/niterra.html
山下毅,SO,23,167,60,鹿児島実業,日特スパークテックWKS,top-kyushu,top-kyushu,https://www.rugby-kyushu.jp/kyushuleague/2025-2026/topkyushu/topteam/niterra.html
横溝優真,LO,21,178,91,鹿児島実業,日特スパークテックWKS,top-kyushu,top-kyushu,https://www.rugby-kyushu.jp/kyushuleague/2025-2026/topkyushu/topteam/niterra.html
福島祐亮,LO,26,175,79,志學館大学,日特スパークテックWKS,top-kyushu,top-kyushu,https://www.rugby-kyushu.jp/kyushuleague/2025-2026/topkyushu/topteam/niterra.html
黒葛野拓夢,SH,26,167,57,九州共立大学,日特スパークテックWKS,top-kyushu,top-kyushu,https://www.rugby-kyushu.jp/kyushuleague/2025-2026/topkyushu/topteam/niterra.html
豊満秀,FL,22,165,67,鹿児島実業,日特スパークテックWKS,top-kyushu,top-kyushu,https://www.rugby-kyushu.jp/kyushuleague/2025-2026/topkyushu/topteam/niterra.html
松下優寛,HO,25,165,98,大口,日特スパークテックWKS,top-kyushu,top-kyushu,https://www.rugby-kyushu.jp/kyushuleague/2025-2026/topkyushu/topteam/niterra.html
西谷光留,PR,21,166,80,鹿児島実業,日特スパークテックWKS,top-kyushu,top-kyushu,https://www.rugby-kyushu.jp/kyushuleague/2025-2026/topkyushu/topteam/niterra.html
橋口航大,PR,20,181,98,鹿児島実業,日特スパークテックWKS,top-kyushu,top-kyushu,https://www.rugby-kyushu.jp/kyushuleague/2025-2026/topkyushu/topteam/niterra.html
徳重太陽,HO,29,168,85,福岡工業大学,日特スパークテックWKS,top-kyushu,top-kyushu,https://www.rugby-kyushu.jp/kyushuleague/2025-2026/topkyushu/topteam/niterra.html
中村大亮,LO,26,180,100,鹿児島実業,日特スパークテックWKS,top-kyushu,top-kyushu,https://www.rugby-kyushu.jp/kyushuleague/2025-2026/topkyushu/topteam/niterra.html
城間琉斗,LO,19,175,85,加治木工業,日特スパークテックWKS,top-kyushu,top-kyushu,https://www.rugby-kyushu.jp/kyushuleague/2025-2026/topkyushu/topteam/niterra.html
