title,name_ja,name_en,position,height,weight,age,birth_date,birth_place_scraped,league,team,high_school,university,junior_high_school,rugby_school,caps,league_one_caps,scraped_url,category
五十嵐優,五十嵐優,---,---,172,102,---,1993-11-22,神奈川県茅ヶ崎市,top-east-a,AZ-COM丸和MOMOTARO'S,東海大相模高校,東海大学,---,---,---,---,https://www.momotaros.jp/archives/member/player/fw/5719/,top-east
東恩納寛太,東恩納寛太,---,---,178,118,---,1992-11-26,沖縄県名護市,top-east-a,AZ-COM丸和MOMOTARO'S,名護高校,帝京大学,---,---,---,---,https://www.momotaros.jp/archives/member/player/fw/5728/,top-east
金井健雄,金井健雄,---,---,175,110,---,1984-11-5,群馬県太田市,top-east-a,AZ-COM丸和MOMOTARO'S,太田高校,慶應義塾大学,---,---,---,---,https://www.momotaros.jp/archives/member/player/fw/4847/,top-east
石水健太,石水健太,---,---,174,103,---,2001-7-18,埼玉県寄居町,top-east-a,AZ-COM丸和MOMOTARO'S,流通経済大学付属柏高校,流通経済大学,---,---,---,---,https://www.momotaros.jp/archives/member/player/fw/4590/,top-east
奥原岳人,奥原岳人,---,---,180,110,---,2002-3-2,埼玉県蕨市,top-east-a,AZ-COM丸和MOMOTARO'S,大東文化大学第一高等学校,大東文化大学,---,---,---,---,https://www.momotaros.jp/archives/member/player/fw/4598/,top-east
テビタポレオ,テビタポレオ,---,---,180,120,---,2001-3-16,トンガ,top-east-a,AZ-COM丸和MOMOTARO'S,日本航空石川高校,京都産業大学,---,---,---,---,https://www.momotaros.jp/archives/member/player/fw/4611/,top-east
尾関海斗,尾関海斗,---,---,183,130,---,2001-3-14,愛知県名古屋市,top-east-a,AZ-COM丸和MOMOTARO'S,愛知県立豊田工業高校,愛知学院大学,---,---,---,---,https://www.momotaros.jp/archives/member/player/fw/3701/,top-east
神田剛,神田剛,---,---,175,110,---,2000-6-4,埼玉県川越市,top-east-a,AZ-COM丸和MOMOTARO'S,流通経済大学付属柏高校校,流通経済大学,---,---,---,---,https://www.momotaros.jp/archives/member/player/fw/3699/,top-east
釜谷慎司,釜谷慎司,---,---,160,95,---,2000-6-14,埼玉県吉川市,top-east-a,AZ-COM丸和MOMOTARO'S,昌平高校,拓殖大学,---,---,---,---,https://www.momotaros.jp/archives/member/player/fw/3697/,top-east
倉掛湧生,倉掛湧生,---,---,170,105,---,1995-6-24,福岡県福岡市,top-east-a,AZ-COM丸和MOMOTARO'S,筑紫高校,明治学院大学,---,---,---,---,https://www.momotaros.jp/archives/member/player/fw/568/,top-east
浅野太一,浅野太一,---,---,168,95,---,1994-1-8,福岡県春日市,top-east-a,AZ-COM丸和MOMOTARO'S,福岡工業大学付属城東高校,福岡工業大学,---,---,---,---,https://www.momotaros.jp/archives/member/player/fw/552/,top-east
尾白大吉,尾白大吉,---,---,176,110,---,2001-4-14,和歌山県和歌山市,top-east-a,AZ-COM丸和MOMOTARO'S,近畿大学附属和歌山高校,明治大学,---,---,---,---,https://www.momotaros.jp/archives/member/player/fw/5304/,top-east
竹下優作,竹下優作,---,---,170,103,---,2002-11-28,佐賀県佐賀市,top-east-a,AZ-COM丸和MOMOTARO'S,佐賀工業高等学校,関東学院大学,---,---,---,---,https://www.momotaros.jp/archives/member/player/fw/5300/,top-east
木津武士,木津武士,---,---,183,115,---,1988-7-15,大阪府東大阪市,top-east-a,AZ-COM丸和MOMOTARO'S,東海大仰星高校,東海大学,---,---,---,---,https://www.momotaros.jp/archives/member/player/fw/4852/,top-east
松田大空,松田大空,---,---,178,97,---,2001-2-2,新潟県燕市,top-east-a,AZ-COM丸和MOMOTARO'S,新潟工業高校,日本体育大学,---,---,---,---,https://www.momotaros.jp/archives/member/player/fw/3702/,top-east
藤山裕太朗,藤山裕太朗,---,---,176,99,---,1995-10-30,大阪府東大阪市,top-east-a,AZ-COM丸和MOMOTARO'S,大分舞鶴高校,東海大学,---,---,---,---,https://www.momotaros.jp/archives/member/player/fw/2318/,top-east
ウィルタッカー,ウィルタッカー,---,---,203,120,---,1998-3-16,"Christchurch, New Zealand",top-east-a,AZ-COM丸和MOMOTARO'S,,Canterbury University,---,---,---,---,https://www.momotaros.jp/archives/member/player/fw/5712/,top-east
新屋快,新屋快,---,---,196,116,---,2001-8-12,大阪府門真市,top-east-a,AZ-COM丸和MOMOTARO'S,大阪桐蔭高等学校,大東文化大学,---,---,---,---,https://www.momotaros.jp/archives/member/player/fw/4602/,top-east
和田武将,和田武将,---,---,186,114,---,2001-8-23,愛媛県松山市,top-east-a,AZ-COM丸和MOMOTARO'S,松山工業高校,愛知学院大学,---,---,---,---,https://www.momotaros.jp/archives/member/player/fw/4579/,top-east
タモウアシアレパウラ,タモウアシアレパウラ,---,---,185,115,---,1999-5-10,"Tofoa, Tonga",top-east-a,AZ-COM丸和MOMOTARO'S,Tonga High School,大東文化大学,---,---,---,---,https://www.momotaros.jp/archives/member/player/fw/3708/,top-east
林俊輔,林俊輔,---,---,182,93,---,2000-4-20,長野県飯田市,top-east-a,AZ-COM丸和MOMOTARO'S,天理高校,中京大学,---,---,---,---,https://www.momotaros.jp/archives/member/player/fw/3705/,top-east
三宅紀仁,三宅紀仁,---,---,182,80,---,2005-2-1,愛知県豊田市,top-east-a,AZ-COM丸和MOMOTARO'S,,流通経済大学付属柏高等学校,---,---,---,---,https://www.momotaros.jp/archives/member/player/fw/3712/,top-east
白川総哲,白川総哲,---,---,181,105,---,1994-1-16,京都府京都市,top-east-a,AZ-COM丸和MOMOTARO'S,京都成章高校,東海大学,---,---,---,---,https://www.momotaros.jp/archives/member/player/fw/532/,top-east
鈴川琉生,鈴川琉生,---,---,181,100,---,1999-12-27,大阪府大阪市,top-east-a,AZ-COM丸和MOMOTARO'S,大阪桐蔭高校,中央大学,---,---,---,---,https://www.momotaros.jp/archives/member/player/fw/2914/,top-east
當山恭右,當山恭右,---,---,178,95,---,2002-9-30,沖縄県名護市,top-east-a,AZ-COM丸和MOMOTARO'S,名護高等学校,日本体育大学,---,---,---,---,https://www.momotaros.jp/archives/member/player/fw/5274/,top-east
鑓水飛暉也,鑓水飛暉也,---,---,175,96,---,2002-4-30,山形県山形市,top-east-a,AZ-COM丸和MOMOTARO'S,山形中央高校,大東文化大学,---,---,---,---,https://www.momotaros.jp/archives/member/player/fw/5276/,top-east
美﨑正次,美﨑正次,---,---,182,100,---,1996-12-4,和歌山県有田市,top-east-a,AZ-COM丸和MOMOTARO'S,近畿大学附属和歌山高校,近畿大学,---,---,---,---,https://www.momotaros.jp/archives/member/player/fw/4850/,top-east
矢島隼汰,矢島隼汰,---,---,178,88,---,2002-2-12,埼玉県熊谷市,top-east-a,AZ-COM丸和MOMOTARO'S,深谷高校,白鷗大学,---,---,---,---,https://www.momotaros.jp/archives/member/player/fw/4563/,top-east
後藤優大,後藤優大,---,---,172,94,---,1998-5-8,東京都豊島区,top-east-a,AZ-COM丸和MOMOTARO'S,東京高校,大東文化大学,---,---,---,---,https://www.momotaros.jp/archives/member/player/fw/1510/,top-east
田中侑輝,田中侑輝,---,---,175,96,---,1999-2-26,岐阜県岐阜市,top-east-a,AZ-COM丸和MOMOTARO'S,岐阜工業高校,大東文化大学,---,---,---,---,https://www.momotaros.jp/archives/member/player/fw/1522/,top-east
眞野拓也,眞野拓也,---,---,173,92,---,1994-5-22,奈良県生駒市,top-east-a,AZ-COM丸和MOMOTARO'S,東海大学付属仰星高校,京都産業大学,---,---,---,---,https://www.momotaros.jp/archives/member/player/fw/510/,top-east
ダアンジャロアスイ,ダアンジャロアスイ,---,---,188,116,---,2002-3-21,"Auckland, New Zealand",top-east-a,AZ-COM丸和MOMOTARO'S,,帝京大学,---,---,---,---,https://www.momotaros.jp/archives/member/player/fw/5961/,top-east
シオネトゥイプロトゥ,シオネトゥイプロトゥ,---,---,197,120,---,1997-2-12,ニュージーランド,top-east-a,AZ-COM丸和MOMOTARO'S,,ウェズリーカレッジ,---,---,---,---,https://www.momotaros.jp/archives/member/player/fw/4616/,top-east
鎌田凌,鎌田凌,---,---,178,105,---,1999-10-17,福岡県福岡市,top-east-a,AZ-COM丸和MOMOTARO'S,福岡工業高校,福岡工業大学,---,---,---,---,https://www.momotaros.jp/archives/member/player/fw/2982/,top-east
辻時羽,辻時羽,---,---,174,80,---,2002-11-7,大阪府大阪市,top-east-a,AZ-COM丸和MOMOTARO'S,常翔学園,東海大学,---,---,---,---,https://www.momotaros.jp/archives/member/player/bk/5732/,top-east
清水麻貴,清水麻貴,---,---,170,77,---,2001-2-2,群馬県高崎市,top-east-a,AZ-COM丸和MOMOTARO'S,東京農業大学第二高等学校,東海大学,---,---,---,---,https://www.momotaros.jp/archives/member/player/bk/4839/,top-east
高岸尚正,高岸尚正,---,---,168,72,---,2002-1-2,大阪府大阪市,top-east-a,AZ-COM丸和MOMOTARO'S,常翔学園高校,天理大学,---,---,---,---,https://www.momotaros.jp/archives/member/player/bk/4558/,top-east
前田竜斗,前田竜斗,---,---,176,81,---,1999-1-31,愛知県瀬戸市,top-east-a,AZ-COM丸和MOMOTARO'S,中部大学春日丘高校,中京大学,---,---,---,---,https://www.momotaros.jp/archives/member/player/bk/1537/,top-east
フレッチャースミス,フレッチャースミス,---,---,180,86,---,1995-3-1,"Christchurch, New Zealand",top-east-a,AZ-COM丸和MOMOTARO'S,,Otago University,---,---,---,---,https://www.momotaros.jp/archives/member/player/bk/5739/,top-east
武山達哉,武山達哉,---,---,161,73,---,2002-8-1,宮城県仙台市,top-east-a,AZ-COM丸和MOMOTARO'S,白鷗大学,青森北高等学校学校,---,---,---,---,https://www.momotaros.jp/archives/member/player/bk/5298/,top-east
荒牧太陽,荒牧太陽,---,---,175,84,---,2000-9-22,福岡県北九州市,top-east-a,AZ-COM丸和MOMOTARO'S,福岡県立筑紫高等学校,関東学院大学,---,---,---,---,https://www.momotaros.jp/archives/member/player/bk/4606/,top-east
臼杵大佑,臼杵大佑,---,---,171,80,---,2000-9-5,新潟県新発田市,top-east-a,AZ-COM丸和MOMOTARO'S,開志国際高等学校,天理大学,---,---,---,---,https://www.momotaros.jp/archives/member/player/bk/3724/,top-east
南橋直哉,南橋直哉,---,---,178,85,---,1989-8-10,京都府京都市,top-east-a,AZ-COM丸和MOMOTARO'S,伏見工業高校,帝京大学,---,---,---,---,https://www.momotaros.jp/archives/member/player/bk/5695/,top-east
藤高将,藤高将,---,---,173,88,---,1997-8-27,大阪府四条畷市,top-east-a,AZ-COM丸和MOMOTARO'S,大阪桐蔭高校,立命館大学,---,---,---,---,https://www.momotaros.jp/archives/member/player/bk/4055/,top-east
鹿尾貫太,鹿尾貫太,---,---,177,90,---,1995-9-6,福岡県福岡市,top-east-a,AZ-COM丸和MOMOTARO'S,東海大学,東福岡高校,---,---,---,---,https://www.momotaros.jp/archives/member/player/bk/4837/,top-east
宇山大成,宇山大成,---,---,167,80,---,2002-4-30,東京都大田区,top-east-a,AZ-COM丸和MOMOTARO'S,天理高校,天理大学,---,---,---,---,https://www.momotaros.jp/archives/member/player/bk/5270/,top-east
原田光貴,原田光貴,---,---,6,82,---,2002-7-18,岡山県津山市,top-east-a,AZ-COM丸和MOMOTARO'S,石見智翠館高校,大東文化大学,---,---,---,---,https://www.momotaros.jp/archives/member/player/bk/5288/,top-east
川井太貴,川井太貴,---,---,173,85,---,1997-4-30,大阪府茨木市,top-east-a,AZ-COM丸和MOMOTARO'S,常翔学園,近畿大学,---,---,---,---,https://www.momotaros.jp/archives/member/player/bk/4841/,top-east
落合知之,落合知之,---,---,185,95,---,1994-6-29,新潟県五泉市,top-east-a,AZ-COM丸和MOMOTARO'S,北越高等学校,流通経済大学,---,---,---,---,https://www.momotaros.jp/archives/member/player/bk/4845/,top-east
斉藤仁夢,斉藤仁夢,---,---,163,72,---,2001-4-11,兵庫県尼崎市,top-east-a,AZ-COM丸和MOMOTARO'S,石見智翠館高校,中京大学,---,---,---,---,https://www.momotaros.jp/archives/member/player/bk/4585/,top-east
堀井雄登,堀井雄登,---,---,165,78,---,2001-1-12,埼玉県草加市,top-east-a,AZ-COM丸和MOMOTARO'S,大東文化大学第一高校,流通経済大学,---,---,---,---,https://www.momotaros.jp/archives/member/player/bk/3728/,top-east
坂井裕生,坂井裕生,---,---,176,79,---,2003-2-17,北海道北斗市,top-east-a,AZ-COM丸和MOMOTARO'S,北海道函館工業高校,八戸学院大学,---,---,---,---,https://www.momotaros.jp/archives/member/player/bk/5284/,top-east
グレンバイフ,グレンバイフ,---,---,183,98,---,2001-10-8,Australia,top-east-a,AZ-COM丸和MOMOTARO'S,,Gregory terrace brisbane,---,---,---,---,https://www.momotaros.jp/archives/member/player/bk/5746/,top-east
藤田慶和,藤田慶和,---,---,185,90,---,1993-9-8,京都府京都市,top-east-a,AZ-COM丸和MOMOTARO'S,東福岡高校,早稲田大学,---,---,---,---,https://www.momotaros.jp/archives/member/player/bk/5704/,top-east
リコサイム,リコサイム,---,---,178,86,---,1999-9-14,ニュージーランド、クライストチャーチ,top-east-a,AZ-COM丸和MOMOTARO'S,,クライストチャーチボーイズハイスクール,---,---,---,---,https://www.momotaros.jp/archives/member/player/bk/4888/,top-east
田邉淳之介,田邉淳之介,---,---,180,85,---,1998-6-12,ニュージーランド/クライストチャーチ,top-east-a,AZ-COM丸和MOMOTARO'S,シャーリーボーイズ高校,東洋大学,---,---,---,---,https://www.momotaros.jp/archives/member/player/bk/4529/,top-east
大屋凌雅,大屋凌雅,---,---,178,82,---,2000-9-9,埼玉県深谷市,top-east-a,AZ-COM丸和MOMOTARO'S,深谷高校,国士舘大学,---,---,---,---,https://www.momotaros.jp/archives/member/player/bk/3730/,top-east
福本航太,福本航太,---,---,178,80,---,1996-4-25,広島県広島市,top-east-a,AZ-COM丸和MOMOTARO'S,崇徳高校,中京大学,---,---,---,---,https://www.momotaros.jp/archives/member/player/bk/606/,top-east
隆,隆,---,---,---,---,---,---,---,top-east-a,AZ-COM丸和MOMOTARO'S,---,---,---,---,---,---,https://www.momotaros.jp/archives/member/staff/buchou/4446/,top-east
直,直,---,---,---,---,---,---,---,top-east-a,AZ-COM丸和MOMOTARO'S,---,---,---,---,---,---,https://www.momotaros.jp/archives/member/staff/gm/4448/,top-east
武仁,武仁,---,---,---,---,---,---,---,top-east-a,AZ-COM丸和MOMOTARO'S,---,---,---,---,---,---,https://www.momotaros.jp/archives/member/staff/team-director/5637/,top-east
泰昌,泰昌,---,---,---,---,---,---,---,top-east-a,AZ-COM丸和MOMOTARO'S,---,---,---,---,---,---,https://www.momotaros.jp/archives/member/staff/assistant-coach/4741/,top-east
浩二,浩二,---,---,---,---,---,---,---,top-east-a,AZ-COM丸和MOMOTARO'S,---,---,---,---,---,---,https://www.momotaros.jp/archives/member/staff/assistant-coach/714/,top-east
茂範,茂範,---,---,---,---,---,---,---,top-east-a,AZ-COM丸和MOMOTARO'S,---,---,---,---,---,---,https://www.momotaros.jp/archives/member/staff/assistant-coach/4740/,top-east
武士,武士,---,---,---,---,---,---,---,top-east-a,AZ-COM丸和MOMOTARO'S,---,---,---,---,---,---,https://www.momotaros.jp/archives/member/staff/playing-coach/4453/,top-east
弘史,弘史,---,---,---,---,---,---,---,top-east-a,AZ-COM丸和MOMOTARO'S,---,---,---,---,---,---,https://www.momotaros.jp/archives/member/staff/strength-coach/4455/,top-east
栄弥,栄弥,---,---,---,---,---,---,---,top-east-a,AZ-COM丸和MOMOTARO'S,---,---,---,---,---,---,https://www.momotaros.jp/archives/member/staff/strength-coach/711/,top-east
美佐,美佐,---,---,---,---,---,---,---,top-east-a,AZ-COM丸和MOMOTARO'S,---,---,---,---,---,---,https://www.momotaros.jp/archives/member/staff/athletic-trainer/708/,top-east
智,智,---,---,---,---,---,---,---,top-east-a,AZ-COM丸和MOMOTARO'S,---,---,---,---,---,---,https://www.momotaros.jp/archives/member/staff/athletic-trainer/4543/,top-east
智行,智行,---,---,---,---,---,---,---,top-east-a,AZ-COM丸和MOMOTARO'S,---,---,---,---,---,---,https://www.momotaros.jp/archives/member/staff/medica-trainer/705/,top-east
亮太,亮太,---,---,---,---,---,---,---,top-east-a,AZ-COM丸和MOMOTARO'S,---,---,---,---,---,---,https://www.momotaros.jp/archives/member/staff/medica-trainer/4546/,top-east
拓実,拓実,---,---,---,---,---,---,---,top-east-a,AZ-COM丸和MOMOTARO'S,---,---,---,---,---,---,https://www.momotaros.jp/archives/member/staff/medica-trainer/5640/,top-east
一歩,一歩,---,---,---,---,---,---,---,top-east-a,AZ-COM丸和MOMOTARO'S,---,---,---,---,---,---,https://www.momotaros.jp/archives/member/staff/competent/452/,top-east
勧,勧,---,---,---,---,---,---,---,top-east-a,AZ-COM丸和MOMOTARO'S,---,---,---,---,---,---,https://www.momotaros.jp/archives/member/staff/side-affair/5254/,top-east
葉月,葉月,---,---,---,---,---,---,---,top-east-a,AZ-COM丸和MOMOTARO'S,---,---,---,---,---,---,https://www.momotaros.jp/archives/member/staff/manager/2850/,top-east
美帆,美帆,---,---,---,---,---,---,---,top-east-a,AZ-COM丸和MOMOTARO'S,---,---,---,---,---,---,https://www.momotaros.jp/archives/member/staff/manager/4532/,top-east
舞,舞,---,---,---,---,---,---,---,top-east-a,AZ-COM丸和MOMOTARO'S,---,---,---,---,---,---,https://www.momotaros.jp/archives/member/staff/analyst/4538/,top-east
賢人,賢人,---,---,---,---,---,---,---,top-east-a,AZ-COM丸和MOMOTARO'S,---,---,---,---,---,---,https://www.momotaros.jp/archives/member/staff/jimukyokuchou/702/,top-east
