年度,RawData,Source_URL
2013年度,北川 賢吾Kengo KITAGAWA | 同志社大学 （2年）Doshisha Univ. | 東福岡高校Higashi Fukuoka HS | 178 | 109 | 1992/8/27 | -,https://www.rugby-japan.jp/news/2324
2013年度,平野 翔平Shohei HIRANO | 東海大学 （1年）Tokai Univ. | 東福岡高校Higashi Fukuoka HS | 178 | 120 | 1993/8/3 | -,https://www.rugby-japan.jp/news/2324
2013年度,坂手 淳史Atsushi SAKATE | 帝京大学 （1年）Teikyo Univ. | 京都成章高校Kyoto Seisho HS | 180 | 99 | 1993/6/21 | -,https://www.rugby-japan.jp/news/2324
2013年度,太田 春樹Haruki OTA | 近鉄ライナーズKINTETSU Liners | 同志社大学Doshisha Univ. | 176 | 97 | 1987/2/16 | -,https://www.rugby-japan.jp/news/2324
2013年度,柴田 和宏Kazuhiro SHIBATA | リコーブラックラムズRICOH BlackRams | 日本体育大学Nippon Taiiku Univ. | 186 | 108 | 1986/8/22 | -,https://www.rugby-japan.jp/news/2324
2013年度,山本 幸輝Koki YAMAMOTO | 近畿大学 （4年）Kinki Univ. | 八幡工業高校Hachiman Technical HS | 181 | 115 | 1990/10/29 | -,https://www.rugby-japan.jp/news/2324
2013年度,三上 匠Takumi MIKAMI | 東海大学 （4年)Tokai Univ. | 青森工業高校Aomori Technical HS | 192 | 105 | 1990/5/15 | -,https://www.rugby-japan.jp/news/2324
2013年度,姫野 和樹Kazuki HIMENO | 春日丘高校 （3年）Haruhigaoka HS | 御田中学校Mita Jr. HS | 187 | 100 | 1994/7/27 | -,https://www.rugby-japan.jp/news/2324
2013年度,北川 勇次Yuji KITAGAWA | パナソニック ワイルドナイツPANASONIC Wild Knights | 関東学院大学Kanto Gakuin Univ. | 195 | 108 | 1986/8/11 | 6,https://www.rugby-japan.jp/news/2324
2013年度,宇佐美 和彦Kazuhiko USAMI | 立命館大学 （3年）Ritsumeikan Univ. | 西条高校Saijo HS | 195 | 106 | 1992/3/17 | -,https://www.rugby-japan.jp/news/2324
2013年度,村田 毅Tsuyoshi MURATA | NECグリーンロケッツNEC Green Rockets | 慶應義塾大学Keio Univ. | 185 | 102 | 1988/12/15 | -,https://www.rugby-japan.jp/news/2324
2013年度,堀江 恭佑Kyosuke HORIE | 明治大学 （4年）Meiji Univ. | 東京高校Tokyo HS | 182 | 102 | 1990/7/11 | -,https://www.rugby-japan.jp/news/2324
2013年度,徳永 祥尭Yoshitaka TOKUNAGA | 関西学院大学 （2年）Kwansei Gakuin Univ. | 関西学院高校Kwansei Gakuin HS | 185 | 98 | 1992/4/10 | -,https://www.rugby-japan.jp/news/2324
2013年度,西内 勇人Hayato NISHIUCHI | 法政大学 （2年）Hosei Univ. | 東福岡高校Higashi Fukuoka HS | 180 | 90 | 1993/3/30 | -,https://www.rugby-japan.jp/news/2324
2013年度,佐々木 隆道Takamichi SASAKI | サントリーサンゴリアスSUNTORY Sungoriath | 早稲田大学Waseda Univ. | 184 | 97 | 1983/10/30 | 13,https://www.rugby-japan.jp/news/2324
2013年度,山本 浩輝Hiroki YAMAMOTO | 筑波大学 （2年）Tsukuba Univ. | 石見智翠館Iwami Chisuikan HS | 187 | 90 | 1992/11/17 | -,https://www.rugby-japan.jp/news/2324
2013年度,小川 高廣Takahiro OGAWA | 日本大学 （4年）Nihon Univ. | 東福岡高校Higashi Fukuoka HS | 172 | 72 | 1991/3/18 | -,https://www.rugby-japan.jp/news/2324
2013年度,重 一生Issei SHIGE | 常翔学園高校 （3年）Josho Gakuen HS | 青山台中学校Aoyamadai Jr. HS | 170 | 76 | 1994/12/5 | -,https://www.rugby-japan.jp/news/2324
2013年度,山沢 拓也Takuya YAMASAWA | 深谷高校 （3年）Fukaya HS | 熊谷東中学校Kumagaya Higashi Jr.HS | 178 | 82 | 1994/9/21 | -,https://www.rugby-japan.jp/news/2324
2013年度,森田 洋介Yosuke MORITA | NECグリーンロケッツNEC Green Rockets | 同志社大学Doshisha Univ. | 177 | 88 | 1989/1/5 | -,https://www.rugby-japan.jp/news/2324
2013年度,福岡 堅樹Kenki FUKUOKA | 筑波大学 （1年）Tsukuba Univ. | 福岡高校Fukuoka HS | 175 | 83 | 1992/9/7 | -,https://www.rugby-japan.jp/news/2324
2013年度,中づる(雨冠に隹・鳥の順)隆彰Takaaki NAKAZURU | 早稲田大学 （4年）Waseda Univ. | 西南学院高校Seinan Gakuin HS | 177 | 77 | 1990/10/24 | -,https://www.rugby-japan.jp/news/2324
2013年度,林 泰基Yasuki HAYASHI | パナソニック ワイルドナイツPANASONIC Wild Knights | 立命館大学Ritsumeikan Univ. | 176 | 85 | 1985/4/26 | -,https://www.rugby-japan.jp/news/2324
2013年度,野口 裕也Yuya NOGUCHI | パナソニック ワイルドナイツPANASONIC Wild Knights | 正智深谷高校Shochi Fukaya HS | 174 | 83 | 1986/8/31 | -,https://www.rugby-japan.jp/news/2324
2013年度,村田 大志Daishi MURATA | サントリーサンゴリアスSUNTORY Sungoliath | 早稲田大学Waseda Univ. | 182 | 81 | 1988/5/29 | -,https://www.rugby-japan.jp/news/2324
2013年度,トニシオ・バイフTonisio VAIFU | 天理大学 （3年）Tenri Univ. | 日本航空石川高校Japan Aviation HS Ishikawa | 176 | 101 | 1991/2/12 | -,https://www.rugby-japan.jp/news/2324
2013年度,藤田 慶和Yoshikazu FUJITA | 早稲田大学 （1年）Waseda Univ. | 東福岡高校Higashi Fukuoka HS | 184 | 86 | 1993/9/8 | 1,https://www.rugby-japan.jp/news/2324
2013年度,竹中 祥Sho TAKENAKA | 筑波大学 （2年）Tsukuba Univ. | 桐蔭学園高校Toin Gakuen HS | 176 | 87 | 1992/8/12 | -,https://www.rugby-japan.jp/news/2324
2013年度,松田 力也Rikiya MATSUDA | 伏見工業高校 （3年）Fushimi Technical HS | 陶化中学校Toka Jr.HS | 178 | 80 | 1994/5/3 | -,https://www.rugby-japan.jp/news/2324
2013年度,笹倉 康誉Yasutaka SASAKURA | パナソニック ワイルドナイツPANASONIC Wild Knights | 関東学院大学Kanto Gakuin Univ. | 186 | 88 | 1988/8/4 | -,https://www.rugby-japan.jp/news/2324
2014年度,FW | 1 | PR1 | 須藤 元樹Genki SUDO | 明治大学Meiji Univ． | 2年 | 173 | 110 | 1994/1/28 | 國學院大學久我山高校Kokugakuin Kugayama HS,https://www.rugby-japan.jp/news/1487
2014年度,2 | PR1 | 三浦 昌悟Shogo MIURA | 秋田工業高校Akita Technical HS | 3年 | 181 | 105 | 1995/6/8 | 秋田市立秋田北中学校Akita kita Jr．HS,https://www.rugby-japan.jp/news/1487
2014年度,3 | PR1 | 橋本 大吾Daigo HASHIMOTO | 筑波大学Univ. of Tsukuba | 2年 | 175 | 105 | 1994/1/28 | 深谷高校Fukaya HS,https://www.rugby-japan.jp/news/1487
2014年度,4 | HO | 中村 駿太Shunta NAKAMURA | 明治大学Meiji Univ． | 2年 | 176 | 102 | 1994/2/28 | 桐蔭学園高校Toinn Gakuen HS,https://www.rugby-japan.jp/news/1487
2014年度,5 | HO | 堀越 康介Kosuke HORIKOSHI | 桐蔭学園高校Toin Gakuen HS | 3年 | 173 | 98 | 1995/6/2 | 藤岡市立西中学校Nishi Jr．HS,https://www.rugby-japan.jp/news/1487
2014年度,6 | PR3 | 具 智元Jiwon GU | 拓殖大学Takushoku Univ． | 1年 | 184 | 125 | 1994/7/20 | 日本文理大学附属高校Nippon Bunri Univ．HS,https://www.rugby-japan.jp/news/1487
2014年度,7 | PR3 | 塚原 巧巳Takumi TSUKAHARA | 明治大学Meiji Univ． | 2年 | 182 | 120 | 1994/3/18 | 國學院大學栃木高校Kokugakuinn Tochigi HS,https://www.rugby-japan.jp/news/1487
2014年度,8 | PR3 | 渡邉 隆之Takayuki WATANABE | 東海大学Tokai Univ． | 1年 | 182 | 120 | 1994/5/27 | 札幌山の手高校Sapporo Yamanote HS,https://www.rugby-japan.jp/news/1487
2014年度,9 | LO4 | 牧野内 翔馬Shoma MAKINOUCHI | 法政大学Hosei Univ | 1年 | 188 | 106 | 1994/11/5 | 東福岡高校Higashifukuoka HS,https://www.rugby-japan.jp/news/1487
2014年度,10 | LO4 | 金 嶺志Ryongji KIM | 帝京大学Teikyo Univ． | 1年 | 191 | 101 | 1994/8/26 | 東京朝鮮高級学校Tokyo Korean HS,https://www.rugby-japan.jp/news/1487
2014年度,11 | LO5 | 桑野 詠真Eishin KUWANO | 早稲田大学Waseda Univ. | 1年 | 190 | 101 | 1994/10/11 | 筑紫高校Chikushi HS,https://www.rugby-japan.jp/news/1487
2014年度,12 | LO5 | 飯野 晃司Koji IINO | 帝京大学Teikyo Univ． | 1年 | 189 | 102 | 1994/10/12 | 愛知県立三好高校Miyoshi HS,https://www.rugby-japan.jp/news/1487
2014年度,13 | FL6 | 末永 健雄Takeo SUENAGA | 同志社大学Dosisha Univ． | 1年 | 179 | 90 | 1994/7/31 | 福岡高校Fukuoka HS,https://www.rugby-japan.jp/news/1487
2014年度,14 | FL6 | 亀井 亮依Ryoi KAMEI | 帝京大学Teikyo Univ． | 1年 | 177 | 94 | 1994/10/18 | 常翔啓光学園高校Josho Keiko Gakuen HS,https://www.rugby-japan.jp/news/1487
2014年度,15 | FL7 | 松村 拓海Takumi MATUMURA | 法政大学Hosei Univ． | 1年 | 182 | 93 | 1994/6/8 | 國學院大學久我山高校Kokugakuin Kugayama HS,https://www.rugby-japan.jp/news/1487
2014年度,16 | FL7 | 李 智栄Chiyon RI | 京都産業大学Kyoto Sangyo Univ． | 1年 | 178 | 94 | 1994/10/5 | 大阪朝鮮高級学校Osaka Korean HS,https://www.rugby-japan.jp/news/1487
2014年度,17 | NO8 | 上田 宥人Yuto UEDA | 明治大学Meiji Univ． | 2年 | 182 | 95 | 1994/3/2 | 東海大学付属仰星高校Tokai Gyosei HS,https://www.rugby-japan.jp/news/1487
2014年度,18 | NO8 | 桶谷 宗汰Sota OKETANI | 明治大学Meiji Univ． | 1年 | 176 | 95 | 1994/11/18 | 常翔学園高校Josho Gakuen HS,https://www.rugby-japan.jp/news/1487
2014年度,BK | 19 | SH | 大越 元気Genki OKOSHI | 同志社大学Dosisha Univ． | 1年 | 162 | 66 | 1994/12/26 | 茗溪学園高校Meikei Gakuen HS,https://www.rugby-japan.jp/news/1487
2014年度,20 | SH | 米村 龍二Ryuji YONEMURA | 東海大学付属仰星高校Tokai Gyosei HS | 3年 | 174 | 70 | 1995/6/6 | 豊中市立第十一中学校Daijyuichi Jr．HS,https://www.rugby-japan.jp/news/1487
2014年度,21 | SO | 山沢 拓也Takuya YAMASAWA | 筑波大学Univ. of Tsukuba | 1年 | 177 | 85 | 1994/9/21 | 深谷高校Fukaya HS,https://www.rugby-japan.jp/news/1487
2014年度,22 | WTB11 | 成田 秀平Syuhei NARITA | 明治大学Meiji Univ． | 1年 | 174 | 78 | 1994/12/11 | 秋田工業高校Akita Technical HS,https://www.rugby-japan.jp/news/1487
2014年度,23 | WTB11 | 尾崎 晟也Seiya OZAKI | 伏見工業高校Fushimi Technical HS | 3年 | 174 | 80 | 1995/7/11 | 京都市立伏見中学校Fushimi Jr．HS,https://www.rugby-japan.jp/news/1487
2014年度,24 | WTB11 | 桑江 健一郎Kenichiro KUWAE | 流通経済大学Ryutsu Keizai Univ． | 1年 | 177 | 85 | 1994/10/24 | コザ高校Koza HS,https://www.rugby-japan.jp/news/1487
2014年度,25 | CTB12 | 浜岸 峻輝Toshiki HAMAGISHI | 中央大学Chuo Univ． | 1年 | 175 | 92 | 1994/11/28 | 東京高校Tokyo HS,https://www.rugby-japan.jp/news/1487
2014年度,26 | CTB12 | 森谷 圭介※1Keisuke MORIYA | 帝京大学Teikyo Univ． | 2年 | 185 | 86 | 1994/3/4 | 正智深谷高校Shochi Fukaya HS,https://www.rugby-japan.jp/news/1487
2014年度,27 | CTB13 | 石田 幹太Kanta ISHIDA | 同志社大学Dosisha Univ． | 1年 | 178 | 88 | 1994/5/4 | 同志社高校Dosisha HS,https://www.rugby-japan.jp/news/1487
2014年度,28 | CTB13 | 梶村 祐介Yusuke KAJIMURA | 報徳学園高校Hotoku Gakuen HS | 3年 | 180 | 98 | 1995/9/13 | 伊丹市立天王寺川中学校Tennojigawa Jr．HS,https://www.rugby-japan.jp/news/1487
2014年度,29 | WTB14 | 松井 千士Chihito MATSUI | 同志社大学Dosisha Univ． | 1年 | 180 | 82 | 1994/11/11 | 常翔学園高校Josho Gakuen HS,https://www.rugby-japan.jp/news/1487
2014年度,30 | CTB14 | 岡田 優輝Yuki OKADA | 大阪桐蔭高校Osaka Toin HS | 3年 | 180 | 86 | 1995/7/13 | 宝塚市立山手台中学校Yamatedai HS,https://www.rugby-japan.jp/news/1487
2014年度,31 | FB | 野口 竜司Ryuji NOGUCHI | 東海大学付属仰星高校Tokai Gyosei HS | 3年 | 177 | 80 | 1995/7/15 | 東大阪市立枚岡中学校Hiraoka Jr．HS,https://www.rugby-japan.jp/news/1487
2014年度,32 | FB/SO | 松田 力也※1Rikiya MATSUDA | 帝京大学Teikyo Univ． | 1年 | 178 | 86 | 1994/5/3 | 伏見工業高校Fushimi Techinical HS,https://www.rugby-japan.jp/news/1487
2014年度,FW | 33 | NO8 | 吉田 杏Kyo YOSHIDA | 大阪桐蔭高校Osaka Toin HS | 3年 | 188 | 100 | 1995/6/30 | 東大阪市立小阪中学校Kosaka Jr．HS,https://www.rugby-japan.jp/news/1487
2014年度,BK | 34 | SH | 岡田 一平Ippei OKADA | 早稲田大学Waseda Univ. | 2年 | 165 | 78 | 1994/02/16 | 常翔学園高校Josho Gakuen HS,https://www.rugby-japan.jp/news/1487
2014年度,SH | 岡田 一平Ippei OKADA | 早稲田大学Waseda Univ. | 2年 | 165 | 78 | 1994/2/16 | 常翔学園高校Josho Gakuen H.S.,https://www.rugby-japan.jp/news/1487
2015年度,PR1 | 久原 綾眞 | 明治大学 | 1年 | 175 | 115 | 1995/4/27 | 佐賀工業高校,https://www.rugby-japan.jp/news/8015
2015年度,三浦 昌悟 | 東海大学 | 1年 | 180 | 98 | 1995/6/8 | 秋田工業高校,https://www.rugby-japan.jp/news/8015
2015年度,HO | 古田 雄也 | 明治大学 | 1年 | 174 | 92 | 1995/12/20 | 國學院大學久我山高校,https://www.rugby-japan.jp/news/8015
2015年度,堀越 康介 | 帝京大学 | 1年 | 174 | 95 | 1995/6/2 | 桐蔭学園高校,https://www.rugby-japan.jp/news/8015
2015年度,祝原 涼介 | 桐蔭学園高校 | 3年 | 184 | 110 | 1996/10/6 | 横浜市立美しが丘中学校,https://www.rugby-japan.jp/news/8015
2015年度,PR3 | 垣本 竜哉 | 帝京大学 | 1年 | 177 | 114 | 1995/4/18 | 大阪桐蔭高校,https://www.rugby-japan.jp/news/8015
2015年度,藤野 佑磨 | 立命館大学 | 1年 | 179 | 107 | 1995/7/29 | 報徳学園高校,https://www.rugby-japan.jp/news/8015
2015年度,LO4 | 孫 昇己 | 日本大学 | 1年 | 193 | 93 | 1995/5/10 | 大阪朝鮮高校,https://www.rugby-japan.jp/news/8015
2015年度,辻 雄康 | 慶應義塾高校 | 3年 | 190 | 96 | 1995/10/28 | 慶應義塾普通部,https://www.rugby-japan.jp/news/8015
2015年度,LO5 | 斉田 倫輝 | 法政大学 | 1年 | 189 | 89 | 1996/1/25 | 仙台工業高校,https://www.rugby-japan.jp/news/8015
2015年度,FL6 | 加藤 広人 | 早稲田大学 | 1年 | 186 | 82 | 1995/9/30 | 秋田工業高校,https://www.rugby-japan.jp/news/8015
2015年度,佐々木 凜平 | 日本大学 | 1年 | 182 | 87 | 1995/12/26 | 秋田工業高校,https://www.rugby-japan.jp/news/8015
2015年度,FL7 | 占部 航典 | 筑波大学 | 1年 | 178 | 79 | 1995/7/7 | 東福岡高校,https://www.rugby-japan.jp/news/8015
2015年度,佐野 瑛亮 | 中央大学 | 1年 | 177 | 88 | 1995/5/24 | 東京高校,https://www.rugby-japan.jp/news/8015
2015年度,NO.8 | 前田 剛 | 明治大学 | 1年 | 180 | 87 | 1996/1/19 | 報徳学園高校,https://www.rugby-japan.jp/news/8015
2015年度,テビタ・タタフ※ | 目黒学院高校 | 3年 | 183 | 107 | 1996/1/2 | 目黒学院中学校,https://www.rugby-japan.jp/news/8015
2015年度,SH | 中嶋 大希 | 流通経済大学 | 1年 | 175 | 65 | 1996/3/25 | 深谷高校,https://www.rugby-japan.jp/news/8015
2015年度,村瀬 謙介 | 帝京大学 | 2年 | 169 | 74 | 1995/2/3 | 三好高校,https://www.rugby-japan.jp/news/8015
2015年度,米村 龍二 | 筑波大学 | 1年 | 174 | 65 | 1995/6/6 | 東海大学付属仰星高校,https://www.rugby-japan.jp/news/8015
2015年度,SO | 金井 大雪 | 深谷高校 | 3年 | 177 | 78 | 1997/1/29 | 深谷南中学校,https://www.rugby-japan.jp/news/8015
2015年度,野口 竜司 | 東海大学 | 1年 | 178 | 72 | 1995/7/15 | 東海大学付属仰星高校,https://www.rugby-japan.jp/news/8015
2015年度,CTB | 岡田 優輝 | 帝京大学 | 1年 | 180 | 76 | 1995/7/13 | 大阪桐蔭高校,https://www.rugby-japan.jp/news/8015
2015年度,笠原 開盛 | 中央大学 | 1年 | 179 | 83 | 1995/10/2 | 桐蔭学園高校,https://www.rugby-japan.jp/news/8015
2015年度,アタアタ モエアキオラ※ | 目黒学院高校 | 3年 | 186 | 99 | 1996/2/6 | 目黒学院中学校,https://www.rugby-japan.jp/news/8015
2015年度,中野 将伍 | 東筑高校 | 2年 | 186 | 99 | 1997/6/11 | 北九州市立若松中学校,https://www.rugby-japan.jp/news/8015
2015年度,WTB | 桑山 聖生 | 鹿児島実業高校 | 3年 | 184 | 90 | 1996/6/6 | 鹿児島市立城西中学校,https://www.rugby-japan.jp/news/8015
2015年度,東川 寛史 | 法政大学 | 1年 | 174 | 83 | 1995/6/9 | 東福岡高校,https://www.rugby-japan.jp/news/8015
2015年度,FB | 井関 信介 | 天理大学 | 1年 | 179 | 75 | 1995/4/24 | 天理高校,https://www.rugby-japan.jp/news/8015
2015年度,尾崎 晟也 | 帝京大学 | 1年 | 174 | 81 | 1995/7/11 | 伏見工業高校,https://www.rugby-japan.jp/news/8015
2015年度,尾崎 達洋(＊) | 法政大学 | 1年 | 183 | 81 | 1995/8/13 | 桐蔭学園高校,https://www.rugby-japan.jp/news/8015
2015年度,PR1 | 久原 綾眞 | 明治大学 | 1年 | 175 | 115 | 1995/4/27 | 佐賀工業高校,https://www.rugby-japan.jp/news/8015
2015年度,三浦 昌悟 | 東海大学 | 1年 | 180 | 98 | 1995/6/8 | 秋田工業高校,https://www.rugby-japan.jp/news/8015
2015年度,HO | 古田 雄也 | 明治大学 | 1年 | 174 | 92 | 1995/12/20 | 國學院大學久我山高校,https://www.rugby-japan.jp/news/8015
2015年度,堀越 康介 | 帝京大学 | 1年 | 174 | 95 | 1995/6/2 | 桐蔭学園高校,https://www.rugby-japan.jp/news/8015
2015年度,祝原 涼介 | 桐蔭学園高校 | 3年 | 184 | 110 | 1996/10/6 | 横浜市立美しが丘中学校,https://www.rugby-japan.jp/news/8015
2015年度,PR3 | 垣本 竜哉 | 帝京大学 | 1年 | 177 | 114 | 1995/4/18 | 大阪桐蔭高校,https://www.rugby-japan.jp/news/8015
2015年度,藤野 佑磨 | 立命館大学 | 1年 | 179 | 107 | 1995/7/29 | 報徳学園高校,https://www.rugby-japan.jp/news/8015
2015年度,LO4 | 孫 昇己 | 日本大学 | 1年 | 193 | 93 | 1995/5/10 | 大阪朝鮮高校,https://www.rugby-japan.jp/news/8015
2015年度,辻 雄康 | 慶應義塾高校 | 3年 | 190 | 96 | 1995/10/28 | 慶應義塾普通部,https://www.rugby-japan.jp/news/8015
2015年度,LO5 | 斉田 倫輝 | 法政大学 | 1年 | 189 | 89 | 1996/1/25 | 仙台工業高校,https://www.rugby-japan.jp/news/8015
2015年度,FL6 | 加藤 広人 | 早稲田大学 | 1年 | 186 | 82 | 1995/9/30 | 秋田工業高校,https://www.rugby-japan.jp/news/8015
2015年度,佐々木 凜平 | 日本大学 | 1年 | 182 | 87 | 1995/12/26 | 秋田工業高校,https://www.rugby-japan.jp/news/8015
2015年度,FL7 | 占部 航典 | 筑波大学 | 1年 | 178 | 79 | 1995/7/7 | 東福岡高校,https://www.rugby-japan.jp/news/8015
2015年度,佐野 瑛亮 | 中央大学 | 1年 | 177 | 88 | 1995/5/24 | 東京高校,https://www.rugby-japan.jp/news/8015
2015年度,NO.8 | 前田 剛 | 明治大学 | 1年 | 180 | 87 | 1996/1/19 | 報徳学園高校,https://www.rugby-japan.jp/news/8015
2015年度,テビタ・タタフ※ | 目黒学院高校 | 3年 | 183 | 107 | 1996/1/2 | 目黒学院中学校,https://www.rugby-japan.jp/news/8015
2016年度,秋山 大地Daichi AKIYAMA | 帝京大学Teikyo Univ. | 1年 | 191 | 100 | 1996/11/14 | つるぎ高校Tsurugi HS,https://www.rugby-japan.jp/news/18804
2016年度,井上 遼Ryo INOUE | 明治大学Meiji Univ. | 1年 | 181 | 90 | 1997/3/18 | 報徳学園高校Hotoku Gakuen HS,https://www.rugby-japan.jp/news/18804
2016年度,金子 惠一Keiichi KANEKO | 中央大学Chuo Univ. | 1年 | 177 | 97 | 1996/8/19 | 東福岡高校Higashi Fukuoka HS,https://www.rugby-japan.jp/news/18804
2016年度,金 正奎Shokei KIN | NTTコミュニケーションズシャイニングアークスNTT Communications Shining Arcs | ― | 177 | 93 | 1991/10/3 | 早稲田大学Waseda Univ.,https://www.rugby-japan.jp/news/18804
2016年度,小瀧 尚弘Naohiro KOTAKI | 東芝ブレイブルーパスTOSHIBA Brave Lupus | ― | 194 | 110 | 1992/6/13 | 帝京大学Teikyo Univ.,https://www.rugby-japan.jp/news/18804
2016年度,齊藤 剣Ken SAITO | 明治大学Meiji Univ. | 1年 | 177 | 120 | 1996/8/23 | 能代工業高校Noshiro Technical HS,https://www.rugby-japan.jp/news/18804
2016年度,申 賢志Hyonji SHIN | 帝京大学Teikyo Univ. | 1年 | 175 | 92 | 1996/8/17 | 大阪朝鮮高級学校Osaka Korean HS,https://www.rugby-japan.jp/news/18804
2016年度,竹内 嘉章Yoshiaki TAKEUCHI | 近畿大学Kinki Univ. | 1年 | 171 | 88 | 1996/9/24 | 東福岡高校Higashi Fukuoka HS,https://www.rugby-japan.jp/news/18804
2016年度,知念 雄Yu CHINEN | 東芝ブレイブルーパスTOSHIBA Brave Lupus | ― | 184 | 125 | 1990/11/18 | 順天堂大学大学院Juntendo Univ.,https://www.rugby-japan.jp/news/18804
2016年度,土山 勇樹Yuki TSUCHIYAMA | 法政大学Hosei Univ. | 1年 | 180 | 109 | 1996/4/4 | 東福岡高校Higashi Fukuoka HS,https://www.rugby-japan.jp/news/18804
2016年度,當眞 琢Taku TOMA | 帝京大学Teikyo Univ. | 1年 | 181 | 118 | 1996/9/21 | コザ高校Koza HS,https://www.rugby-japan.jp/news/18804
2016年度,橋本 大吾Daigo HASHIMOTO | 筑波大学Univ. of Tsukuba | 4年 | 174 | 104 | 1994/1/28 | 深谷高校Fukaya HS,https://www.rugby-japan.jp/news/18804
2016年度,藤田 達成Tatsunari FUJITA | 帝京大学Teikyo Univ. | 1年 | 191 | 90 | 1996/12/2 | 東福岡高校Higashi Fukuoka HS,https://www.rugby-japan.jp/news/18804
2016年度,舟橋 諒将Ryosuke FUNABASHI | 明治大学Meiji Univ. | 1年 | 185 | 100 | 1997/1/5 | 札幌山の手高校Sapporo Yamanote HS,https://www.rugby-japan.jp/news/18804
2016年度,古川 聖人Masato FURUKAWA | 立命館大学Ritsumeikan Univ. | 1年 | 178 | 81 | 1996/12/6 | 東福岡高校Higashi Fukuoka HS,https://www.rugby-japan.jp/news/18804
2016年度,ファウルア・マキシFaulua MAKISI | 天理大学Tenri Univ. | 1年 | 185 | 100 | 1997/1/20 | 日本航空高校石川Japan Aviation HS Ishikawa,https://www.rugby-japan.jp/news/18804
2016年度,三竹 康太Kota MITAKE | 立命館大学Ritsumeikan Univ. | 1年 | 175 | 110 | 1996/4/28 | 大阪桐蔭高校Osaka Toin HS,https://www.rugby-japan.jp/news/18804
2016年度,石橋 拓也Takuya ISHIBASHI | NTTコミュニケーションズシャイニングアークスNTT Communications Shining Arcs | ― | 182 | 89 | 1992/8/19 | 慶應義塾大学Keio Univ.,https://www.rugby-japan.jp/news/18804
2016年度,金井 大雪Taisetsu KANAI | 法政大学Hosei Univ. | 1年 | 177 | 82 | 1997/1/29 | 深谷高校Fukaya HS,https://www.rugby-japan.jp/news/18804
2016年度,久保 直人Naoto KUBO | 天理大学Tenri Univ. | 1年 | 174 | 74 | 1996/11/22 | 天理高校Tenri HS,https://www.rugby-japan.jp/news/18804
2016年度,齋藤 直人Naoto SAITO | 桐蔭学園高校Toin Gakuen HS | 3年 | 165 | 65 | 1997/8/26 | 横浜市立日限山中学校Higiriyama Jr. HS,https://www.rugby-japan.jp/news/18804
2016年度,竹山 晃暉Koki TAKEYAMA | 帝京大学Teikyo Univ. | 1年 | 176 | 80 | 1996/9/25 | 御所実業高校Gose Industrial HS,https://www.rugby-japan.jp/news/18804
2016年度,田上 稔Minoru TANOUE | 帝京大学Teikyo Univ. | 1年 | 170 | 74 | 1997/2/10 | 佐賀工業高校Saga Technical HS,https://www.rugby-japan.jp/news/18804
2016年度,中井 健人Kento NAKAI | 法政大学Hosei Univ. | 1年 | 180 | 81 | 1996/8/11 | 筑紫高校Chikushi HS,https://www.rugby-japan.jp/news/18804
2016年度,中嶋 大希Daiki NAKAJIMA | 流通経済大学Ryutsu Keizai Univ. | 2年 | 175 | 65 | 1996/3/25 | 深谷高校Fukaya HS,https://www.rugby-japan.jp/news/18804
2016年度,永富 晨太郎Shintaro NAGATOMI | 同志社大学Doshisha Univ. | 1年 | 180 | 88 | 1996/4/4 | 東福岡高校Higashi Fukuoka HS,https://www.rugby-japan.jp/news/18804
2016年度,中村 亮土Ryoto NAKAMURA | サントリーサンゴリアスSuntory SUNGOLIATH | ― | 178 | 92 | 1991/6/3 | 帝京大学Teikyo Univ.,https://www.rugby-japan.jp/news/18804
2016年度,前田 土芽Doga MAEDA | 筑波大学Univ. of Tsukuba | 1年 | 179 | 87 | 1996/11/30 | 海星高校Kaisei HS,https://www.rugby-japan.jp/news/18804
2016年度,安田 卓平Takuhei YASUDA | 同志社大学Doshisha Univ. | 1年 | 176 | 75 | 1996/5/20 | 同志社高校Doshisha HS,https://www.rugby-japan.jp/news/18804
2016年度,山口 匠Takumi YAMAGUCHI | 立命館大学Ritsumeikan Univ. | 1年 | 178 | 76 | 1997/1/13 | 東海大学付属仰星高校Tokai Univ. Gyosei HS,https://www.rugby-japan.jp/news/18804
2017年度,有藤 孔次朗Kojiro ARITO | 中央大学Chuo Univ. | 1年 | 173 | 102 | 1998/3/24 | 日川高校Hikawa HS,https://www.rugby-japan.jp/news/32191
2017年度,安 昌豪Chang Ho AHN | 明治大学Meiji Univ. | 1年 | 177 | 108 | 1997/11/20 | 大阪朝鮮高級学校Osaka Korean HS,https://www.rugby-japan.jp/news/32191
2017年度,飯野 晃司Koji IINO | 帝京大学Teikyo Univ. | 4年 | 189 | 108 | 1994/10/12 | 愛知県立三好高校Miyoshi HS,https://www.rugby-japan.jp/news/32191
2017年度,今村 陽良Takara IMAMURA | 帝京大学Teikyo Univ. | 2年 | 186 | 109 | 1997/1/17 | 東福岡高校Higashi Fukuoka HS,https://www.rugby-japan.jp/news/32191
2017年度,亀井 亮依Ryoi KAMEI | 帝京大学Teikyo Univ. | 4年 | 178 | 97 | 1994/10/18 | 常翔啓光学園高校Josho Keiko Gakuen HS,https://www.rugby-japan.jp/news/32191
2017年度,木津 悠輔Yusuke KIZU | 天理大学Tenri Univ. | 3年 | 178 | 102 | 1995/12/2 | 由布高校Yufu HS,https://www.rugby-japan.jp/news/32191
2017年度,佐藤 慶Kei SATO | 天理大学Tenri Univ. | 2年 | 167 | 76 | 1997/1/27 | 天理高校Tenri HS,https://www.rugby-japan.jp/news/32191
2017年度,武井 日向Hinata TAKEI | 明治大学Meiji Univ. | 1年 | 170 | 96 | 1997/6/17 | 國學院大學栃木高校Kokugakuinn Tochigi HS,https://www.rugby-japan.jp/news/32191
2017年度,テビタ・タタフTevita TATAFU | 東海大学Tokai Univ. | 2年 | 183 | 110 | 1996/1/2 | 目黒学院高校Meguro Gakuin HS,https://www.rugby-japan.jp/news/32191
2017年度,フェインガ・ファカイFeinga FAKAI | 京都産業大学Kyoto Sangyo Univ. | 1年 | 180 | 105 | 1996/7/6 | 日本航空高校石川Japan Aviation HS Ishikawa,https://www.rugby-japan.jp/news/32191
2017年度,藤井 大喜Taiki FUJII | 大東文化大学Daito Bunka Univ. | 1年 | 184 | 122 | 1998/1/4 | 黒沢尻工業高校Kurosawajiri Technical HS,https://www.rugby-japan.jp/news/32191
2017年度,堀越 康介Kosuke HORIKOSHI | 帝京大学Teikyo Univ. | 3年 | 174 | 105 | 1995/6/2 | 桐蔭学園高校Toin Gakuen HS,https://www.rugby-japan.jp/news/32191
2017年度,堀部 直壮Naoaki HORIBE | 同志社大学Doshisha Univ. | 1年 | 190 | 88 | 1997/4/17 | 筑紫高校Chikushi HS,https://www.rugby-japan.jp/news/32191
2017年度,ファウルア・マキシFaulua MAKISI | 天理大学Tenri Univ. | 2年 | 185 | 107 | 1997/1/20 | 日本航空高校石川Japan Aviation HS Ishikawa,https://www.rugby-japan.jp/news/32191
2017年度,三浦 昌悟Shogo MIURA | 東海大学Tokai Univ. | 3年 | 180 | 108 | 1995/6/8 | 秋田工業高校Akita Technical HS,https://www.rugby-japan.jp/news/32191
2017年度,池田 悠希Yuki IKEDA | 東海大学Tokai Univ. | 3年 | 184 | 86 | 1995/5/21 | 東海大学付属仰星高校Tokai Univ. Gyosei HS,https://www.rugby-japan.jp/news/32191
2017年度,井関 信介Shinsuke IZEKI | 天理大学Tenri Univ. | 3年 | 179 | 77 | 1995/4/24 | 天理高校Tenri HS,https://www.rugby-japan.jp/news/32191
2017年度,岸岡 智樹Tomoki KISHIOKA | 早稲田大学Waseda Univ. | 1年 | 173 | 84 | 1997/9/22 | 東海大学付属仰星高校Tokai Univ. Gyosei HS,https://www.rugby-japan.jp/news/32191
2017年度,齋藤 直人Naoto SAITO | 早稲田大学Waseda Univ. | 1年 | 165 | 74 | 1997/8/26 | 桐蔭学園高校Toin Gakuen HS,https://www.rugby-japan.jp/news/32191
2017年度,鹿尾 貫太Kanta SHIKAO | 東海大学Tokai Univ. | 3年 | 177 | 88 | 1995/9/6 | 東福岡高校Higashi Fukuoka HS,https://www.rugby-japan.jp/news/32191
2017年度,末 拓実Takumi SUE | 帝京大学Teikyo Univ. | 1年 | 164 | 68 | 1998/3/8 | 長崎北陽台高校Nagasaki Hokuyodai HS,https://www.rugby-japan.jp/news/32191
2017年度,竹山 晃暉Koki TAKEYAMA | 帝京大学Teikyo Univ. | 2年 | 176 | 82 | 1996/9/25 | 御所実業高校Gose Industrial HS,https://www.rugby-japan.jp/news/32191
2017年度,中野 将伍Shogo NAKANO | 早稲田大学Waseda Univ. | 1年 | 186 | 100 | 1997/6/11 | 福岡県立東筑高校Tochiku HS,https://www.rugby-japan.jp/news/32191
2017年度,野口 竜司Ryuji NOGUCHI | 東海大学Tokai Univ. | 3年 | 177 | 83 | 1995/7/15 | 東海大学付属仰星高校Tokai Univ. Gyosei HS,https://www.rugby-japan.jp/news/32191
2017年度,本郷 泰司Taiji HONGO | 帝京大学Teikyo Univ. | 1年 | 180 | 89 | 1997/9/15 | 京都成章高校Kyoto Seisho HS,https://www.rugby-japan.jp/news/32191
2017年度,眞野 泰地Taichi MANO | 東海大学Tokai Univ. | 1年 | 171 | 83 | 1997/6/1 | 東海大学付属仰星高校Tokai Univ. Gyosei HS,https://www.rugby-japan.jp/news/32191
2017年度,森田 慎也Shinya MORITA | 京都産業大学Kyoto Sangyo Univ. | 4年 | 170 | 73 | 1994/10/15 | 京都府立洛北高校Rakuhoku HS,https://www.rugby-japan.jp/news/32191
2017年度,安田 卓平Takuhei YASUDA | 同志社大学Doshisha Univ. | 2年 | 176 | 76 | 1996/5/20 | 同志社高校Doshisha HS,https://www.rugby-japan.jp/news/32191
2018年度,PR | 石田 楽人Gakuto ISHIDA | 専修大学Senshu Univ. | 181 | 111 | 1998/1/9 | 桐蔭学園高校Toin Gakuen HS,https://www.rugby-japan.jp/news/44662
2018年度,大山 祥平Shohei OHYAMA | 慶應義塾大学Keio Univ. | 185 | 106 | 1998/11/15 | 慶應義塾高校Keio HS,https://www.rugby-japan.jp/news/44662
2018年度,津嘉山 廉人Rento TSUKAYAMA | 流通経済大学Ryutsu Keizai Univ. | 185 | 104 | 1998/9/7 | 流通経済大学付属柏高校Ryutsu Keizai Univ. Kashiwa HS,https://www.rugby-japan.jp/news/44662
2018年度,山田 裕介Yusuke YAMADA | 豊田自動織機シャトルズTOYOTA INDUSTRIES CORPORATION Shuttles | 177 | 98 | 1998/3/11 | 奈良県立御所実業高校Gose Industrial HS,https://www.rugby-japan.jp/news/44662
2018年度,HO | 新井 望友Miyuu ARAI | 東海大学Tokai Univ. | 173 | 87 | 1998/2/15 | 埼玉県立深谷高校Fukaya HS,https://www.rugby-japan.jp/news/44662
2018年度,武井 日向Hinata TAKEI | 明治大学Meiji Univ. | 170 | 96 | 1997/6/17 | 國學院大學栃木高校Kokugakuin Univ. Tochigi HS,https://www.rugby-japan.jp/news/44662
2018年度,谷口 祐一郎Yuichiro TANIGUCHI | 天理大学Tenri Univ. | 178 | 106 | 1998/6/4 | 東海大学付属仰星高校Tokai Univ. Gyosei HS,https://www.rugby-japan.jp/news/44662
2018年度,LO | 久保 克斗Katsuto KUBO | 帝京大学Teikyo Univ. | 191 | 99 | 1998/11/7 | 國學院大學栃木高校Kokugakuin Univ. Tochigi HS,https://www.rugby-japan.jp/news/44662
2018年度,箸本 龍雅Ryuga HASHIMOTO | 明治大学Meiji Univ. | 188 | 110 | 1998/11/23 | 東福岡高校Higashi Fukuoka HS,https://www.rugby-japan.jp/news/44662
2018年度,FL | 相部 開哉Kaito AIBE | 慶應義塾大学Keio Univ. | 182 | 89 | 1999/3/29 | 慶應義塾高校Keio HS,https://www.rugby-japan.jp/news/44662
2018年度,岡山 仙治Hisanobu OKAYAMA | 天理大学Tenri Univ. | 167 | 88 | 1998/2/5 | 石見智翠館高校Iwamichisuikan HS,https://www.rugby-japan.jp/news/44662
2018年度,ファウルア・マキシFaulua MAKISI | 天理大学Tenri Univ. | 185 | 107 | 1997/1/20 | 日本航空高校石川Japan Aviation HS Ishikawa,https://www.rugby-japan.jp/news/44662
2018年度,幸重 天Takashi YUKISHIGE | 早稲田大学Waseda Univ. | 175 | 116 | 1998/1/29 | 大分県立大分舞鶴高校Oita Maizuru HS,https://www.rugby-japan.jp/news/44662
2018年度,NO8 | 下川 甲嗣Kanji SHIMOKAWA | 早稲田大学Waseda Univ. | 187 | 100 | 1999/1/17 | 福岡県立修猷館高校Shuyukan HS,https://www.rugby-japan.jp/news/44662
2018年度,テビタ・タタフTevita TATAFU | 東海大学Tokai Univ. | 184 | 121 | 1996/1/2 | 目黒学院高校Meguro Gakuin HS,https://www.rugby-japan.jp/news/44662
2018年度,SH | 藤原 忍Shinobu FUJIWARA | 天理大学Tenri Univ. | 170 | 70 | 1999/2/8 | 日本航空高校石川Japan Aviation HS Ishikawa,https://www.rugby-japan.jp/news/44662
2018年度,本堂 杏虎Atora HONDO | 日本体育大学Nippon Sport Science Univ. | 173 | 82 | 1998/11/9 | 國學院大學栃木高校Kokugakuin Univ. Tochigi HS,https://www.rugby-japan.jp/news/44662
2018年度,SO | 眞野 泰地Taichi MANO | 東海大学Tokai Univ. | 171 | 83 | 1997/6/1 | 東海大学付属仰星高校Tokai Univ. Gyosei HS,https://www.rugby-japan.jp/news/44662
2018年度,"侭田 洋翔Hiroto MAMADA | 中央大学Chuo Univ. | 175 | 76 | 1998/10/29 | 東京農業大学第二高校The Second HS, Tokyo Univ. of Agriculture",https://www.rugby-japan.jp/news/44662
2018年度,CTB | 日下 太平Taihei KUSAKA | カンタベリー大学Univ. of Canterbuｒy(2018年度入学予定) | 181 | 88 | 1999/11/08 | クライストチャーチボーイズ高校Christchurch Boys HS,https://www.rugby-japan.jp/news/44662
2018年度,鹿尾 貫太Kanta SHIKAO | 東海大学Tokai Univ. | 177 | 88 | 1995/9/6 | 東福岡高校Higashi Fukuoka HS,https://www.rugby-japan.jp/news/44662
2018年度,シオサイア・ フィフィタSiosaia FIFITA | 天理大学Tenri Univ. | 187 | 110 | 1998/12/20 | 日本航空高校石川Japan Aviation HS Ishikawa,https://www.rugby-japan.jp/news/44662
2018年度,森 勇登Yuto MORI | 明治大学Meiji Univ. | 174 | 82 | 1998/11/14 | 東福岡高校Higashi Fukuoka HS,https://www.rugby-japan.jp/news/44662
2018年度,WTB | 根塚 洸雅Kouga NEDUKA | 法政大学Hosei Univ. | 173 | 85 | 1998/9/15 | 東海大学付属仰星高校Tokai Univ. Gyosei HS,https://www.rugby-japan.jp/news/44662
2018年度,ニコラス・ホフアNicholas HOHUA | 京都産業大学Kyoto Sangyo Univ. | 177 | 75 | 1998/12/2 | 札幌山の手高校Sapporo Yamanote HS,https://www.rugby-japan.jp/news/44662
2018年度,山崎 洋之Hiroyuki YAMASAKI | 明治大学Meiji Univ. | 173 | 81 | 1998/3/8 | 福岡県立筑紫高校Chikushi HS,https://www.rugby-japan.jp/news/44662
2018年度,山村 知也Tomoya YAMAMURA | 明治大学Meiji Univ. | 174 | 75 | 1997/12/2 | 報徳学園高校Hotoku Gakuen HS,https://www.rugby-japan.jp/news/44662
2018年度,FB | 仁熊 秀斗Hideto NIGUMA | 筑波大学Univ. of Tsukuba | 171 | 78 | 1998/6/24 | 石見智翠館高校Iwamichisuikan HS,https://www.rugby-japan.jp/news/44662
2019年度,PR1 | 紙森 陽太Yota KAMIMORI | 近畿大学Kindai Univ. | 172 | 105 | 1999/4/26 | 大阪桐蔭高校Osaka Toin HS,https://www.rugby-japan.jp/news/49741
2019年度,PR1 | 鶴川 達彦Tatsuhiko TSURUKAWA | 早稲田大学Waseda Univ. | 182 | 114 | 1995/5/21 | 桐蔭学園中等教育学校Toin Gakuen School of Secondary Education,https://www.rugby-japan.jp/news/49741
2019年度,PR1 | 百地 龍之介Ryunosuke MOMOJI | 立命館大学Ritsumeikan Univ. | 177 | 103 | 1999/9/3 | 東海大学付属仰星高校Tokai Univ. Gyosei HS,https://www.rugby-japan.jp/news/49741
2019年度,HO | 島根 一磨Kazuma SHIMANE | 天理大学Tenri Univ. | 174 | 98 | 1996/11/30 | 天理高校Tenri HS,https://www.rugby-japan.jp/news/49741
2019年度,HO | 原田 衛Mamoru HARADA | 慶應義塾大学Keio Univ. | 175 | 101 | 1999/4/15 | 桐蔭学園高校Toin Gakuen HS,https://www.rugby-japan.jp/news/49741
2019年度,HO | 平田 快笙Kai HIRATA | 大東文化大学Daito Bunka Univ. | 170 | 100 | 1997/1/25 | 大東文化大学第一高校Daito Bunka Univ. Dai-ichi HS,https://www.rugby-japan.jp/news/49741
2019年度,PR3 | 小鍛治 悠太Yuta KOKAJI | 天理大学Tenri Univ. | 176 | 104 | 1998/7/8 | 大阪産業大学附属高校Osaka Sangyo Univ. HS,https://www.rugby-japan.jp/news/49741
2019年度,PR3 | 津嘉山 廉人Rento TSUKAYAMA | 流通経済大学Ryutsu Keizai Univ. | 185 | 110 | 1998/9/7 | 流通経済大学付属柏高校Ryutsu Keizai Univ. Kashiwa HS,https://www.rugby-japan.jp/news/49741
2019年度,LO | 片倉 康瑛Yasuaki KATAKURA | 明治大学Meiji Univ. | 190 | 102 | 1998/8/9 | 明治大学付属中野高校Meiji Univ. Nakano HS,https://www.rugby-japan.jp/news/49741
2019年度,LO | 小池 隆成Ryusei KOIKE | 東海大学Tokai Univ. | 187 | 107 | 1999/11/18 | 東京高校Tokyo HS,https://www.rugby-japan.jp/news/49741
2019年度,LO | 平澤 輝龍Kiryu HIRASAWA | 同志社大学Doshisha Univ. | 184 | 102 | 1996/12/20 | 前橋育英高校Maebashi Ikuei HS,https://www.rugby-japan.jp/news/49741
2019年度,LO | 堀部 直壮Naoaki HORIBE | 同志社大学Doshisha Univ. | 191 | 98 | 1997/4/17 | 福岡県立筑紫高校Chikushi HS,https://www.rugby-japan.jp/news/49741
2019年度,FL | ファウルア・マキシFaulua MAKISI | 天理大学Tenri Univ. | 185 | 107 | 1997/1/20 | 日本航空高校石川Japan Aviation HS Ishikawa,https://www.rugby-japan.jp/news/49741
2019年度,FL | 山本 凱Kai YAMAMOTO | 慶應義塾大学Keio Univ. | 176 | 92 | 2000/3/17 | 慶應義塾高校Keio HS,https://www.rugby-japan.jp/news/49741
2019年度,NO8 | 福井 翔大◎Shota FUKUI | パナソニック ワイルドナイツPANASONIC Wild Knights | 184 | 91 | 1999/9/28 | 東福岡高校Higashi Fukuoka HS,https://www.rugby-japan.jp/news/49741
2019年度,SH | 齋藤 直人Naoto SAITO | 早稲田大学Waseda Univ. | 165 | 75 | 1997/8/26 | 桐蔭学園高校Toin Gakuen HS,https://www.rugby-japan.jp/news/49741
2019年度,SH | 田村 魁世Kaisei TAMURA | 同志社大学Doshisha Univ. | 170 | 77 | 1999/12/15 | 桐蔭学園高校Toin Gakuen HS,https://www.rugby-japan.jp/news/49741
2019年度,SH | 藤原 忍Shinobu FUJIWARA | 天理大学Tenri Univ. | 170 | 70 | 1999/2/8 | 日本航空高校石川Japan Aviation HS Ishikawa,https://www.rugby-japan.jp/news/49741
2019年度,SO | 岸岡 智樹Tomoki KISHIOKA | 早稲田大学Waseda Univ. | 173 | 84 | 1997/9/22 | 東海大学付属仰星高校Tokai Univ. Gyosei HS,https://www.rugby-japan.jp/news/49741
2019年度,SO | 丸山 凜太朗Rintaro MARUYAMA | 東海大学Tokai Univ. | 173 | 81 | 1999/12/17 | 東福岡高校Higashi Fukuoka HS,https://www.rugby-japan.jp/news/49741
2019年度,CTB | 長田 智希Tomoki OSADA | 早稲田大学Waseda Univ. | 180 | 82 | 1999/11/25 | 東海大学付属仰星高校Tokai Univ. Gyosei HS,https://www.rugby-japan.jp/news/49741
2019年度,CTB | 日下 太平Taihei KUSAKA | 神戸製鋼コベルコスティーラーズKOBE STEEL Kobelco Steelers | 181 | 88 | 1999/11/8 | クライストチャーチボーイズ高校Christchurch Boys HS,https://www.rugby-japan.jp/news/49741
2019年度,CTB | 中野 将伍Shogo NAKANO | 早稲田大学Waseda Univ. | 186 | 96 | 1997/6/11 | 福岡県立東筑高校Tochiku HS,https://www.rugby-japan.jp/news/49741
2019年度,CTB | シオサイア・フィフィタSiosaia FIFITA | 天理大学Tenri Univ. | 187 | 110 | 1998/12/20 | 日本航空高校石川Japan Aviation HS Ishikawa,https://www.rugby-japan.jp/news/49741
2019年度,WTB | 木田 晴斗Haruto KIDA | 立命館大学Ritsumeikan Univ. | 175 | 84 | 1999/4/9 | 関西大倉高校Kansai Ohkura HS,https://www.rugby-japan.jp/news/49741
2019年度,WTB | 根塚 洸雅Koga NEZUKA | 法政大学Hosei Univ. | 173 | 85 | 1998/9/15 | 東海大学付属仰星高校Tokai Univ. Gyosei HS,https://www.rugby-japan.jp/news/49741
2019年度,WTB | 望月 裕貴Yuki MOCHIZUKI | 東海大学Tokai Univ. | 189 | 98 | 1999/12/7 | 東海大学付属静岡翔洋高校Tokai Univ. Shoyo HS,https://www.rugby-japan.jp/news/49741
2019年度,FB | ヴィリアミ・ツイドラキViliame TUIDRAKI | 摂南大学Setsunan Univ. | 184 | 99 | 1997/1/9 | ラトゥナブラカレッジRatu Navula College,https://www.rugby-japan.jp/news/49741
2020年度,PR1 | 紙森 陽太Yota KAMIMORI | 近畿大学Kindai Univ. | 172 | 103 | 1999/4/26 | 大阪桐蔭高校Osaka Toin HS,https://www.rugby-japan.jp/news/50409
2020年度,PR1 | 木原 優作Yusaku KIHARA | 筑波大学Univ. of Tsukuba | 175 | 101 | 2000/12/11 | 東福岡高校Higashi Fukuoka HS,https://www.rugby-japan.jp/news/50409
2020年度,HO | 谷口 永遠Towa TANIGUCHI | 天理大学Tenri Univ. | 172 | 104 | 2001/2/22 | 関西大学北陽高校Kansai Univ. Hokuyo HS,https://www.rugby-japan.jp/news/50409
2020年度,HO | 松岡 賢太Kenta MATSUOKA | 明治大学Meiji Univ. | 175 | 98 | 1997/6/6 | 京都成章高校Kyoto Seisho HS,https://www.rugby-japan.jp/news/50409
2020年度,PR3/HO | 大賀 宗志Soshi OHGA | 明治大学Meiji Univ. | 179 | 106 | 2001/1/14 | 報徳学園高校Hotoku Gakuen HS,https://www.rugby-japan.jp/news/50409
2020年度,PR3 | 小林 賢太Kenta KOBAYASHI | 早稲田大学Waseda Univ. | 180 | 114 | 1999/6/2 | 東福岡高校Higashi Fukuoka HS,https://www.rugby-japan.jp/news/50409
2020年度,PR3 | 鈴木 悠太Yuta SUZUKI | 慶應義塾大学Keio Univ. | 176 | 105 | 2000/9/21 | 慶應義塾高校Keio HS,https://www.rugby-japan.jp/news/50409
2020年度,LO | 小池 隆成Ryusei KOIKE | 東海大学Tokai Univ. | 187 | 102 | 1999/11/18 | 東京高校Tokyo HS,https://www.rugby-japan.jp/news/50409
2020年度,LO | ナイバルワガ・セタNaivaluwaqa SETA | 天理大学Tenri Univ. | 188 | 96 | 2001/1/9 | 秋田工業高校Akita Technical HS,https://www.rugby-japan.jp/news/50409
2020年度,LO | 梁本 旺義Ougi YANAMOTO | 同志社大学Doshisha Univ. | 180 | 91 | 2000/9/18 | 常翔学園高校Josho Gakuen HS,https://www.rugby-japan.jp/news/50409
2020年度,LO/FL | 山本 秀Shu YAMAMOTO | 近畿大学Kindai Univ. | 190 | 90 | 1999/6/1 | 京都成章高校Kyoto Seisho HS,https://www.rugby-japan.jp/news/50409
2020年度,FL | 山川 一瑳Issa YAMAKAWA | 帝京大学Teikyo Univ. | 188 | 97 | 2000/7/5 | 常翔学園高校Josho Gakuen HS,https://www.rugby-japan.jp/news/50409
2020年度,FL/NO8 | 相良 昌彦 ◎Masahiko SAGARA | 早稲田大学Waseda Univ. | 180 | 92 | 2001/2/1 | 早稲田大学系属早稲田実業高校Waseda Jitsugyo HS,https://www.rugby-japan.jp/news/50409
2020年度,FL/NO8 | 佐々木 剛Takeshi SASAKI | 大東文化大学Daito Bunka Univ. | 180 | 101 | 1997/4/17 | 青森県立八戸西高校Hachinohe Nishi HS,https://www.rugby-japan.jp/news/50409
2020年度,FL/WTB | ハラトア・ヴァイレアHalatoa VAILEA | 日本体育大学Nippon Sport Science Univ. | 182 | 105 | 1999/2/14 | 日本体育大学付属柏高校Nippon Sport Science Univ. Kashiwa HS,https://www.rugby-japan.jp/news/50409
2020年度,SH | 新和田 錬Ren SHINWADA | 同志社大学Doshisha Univ. | 171 | 77 | 2000/5/15 | 尾道高校Onomichi HS,https://www.rugby-japan.jp/news/50409
2020年度,SH | 藤原 忍Shinobu FUJIWARA | 天理大学Tenri Univ. | 170 | 74 | 1999/2/8 | 日本航空高校石川Japan Aviation HS Ishikawa,https://www.rugby-japan.jp/news/50409
2020年度,SO | 高本 幹也Mikiya TAKAMOTO | 帝京大学Teikyo Univ. | 171 | 82 | 2001/3/15 | 大阪桐蔭高校Osaka Toin HS,https://www.rugby-japan.jp/news/50409
2020年度,SO | 丸山 凜太朗Rintaro MARUYAMA | 東海大学Tokai Univ. | 173 | 81 | 1999/12/17 | 東福岡高校Higashi Fukuoka HS,https://www.rugby-japan.jp/news/50409
2020年度,CTB | 日下 太平Taihei KUSAKA | 神戸製鋼コベルコスティーラーズKOBE STEEL Kobelco Steelers | 181 | 95 | 1999/11/8 | クライストチャーチボーイズ高校（NZ）Christchurch Boys HS,https://www.rugby-japan.jp/news/50409
2020年度,CTB | 李 承信 ◎Seungsin LEE | 帝京大学Teikyo Univ. | 175 | 91 | 2001/1/13 | 大阪朝鮮高級学校Osaka Korean HS,https://www.rugby-japan.jp/news/50409
2020年度,CTB/WTB | 濱野 隼大Junta HAMANO | 神戸製鋼コベルコスティーラーズKOBE STEEL Kobelco Steelers | 180 | 94 | 2001/5/2 | ロトルアボーイズ高校（NZ）Rotorua Boys High School,https://www.rugby-japan.jp/news/50409
2020年度,CTB/WTB | 和田 悠一郎Yuichirou WADA | 同志社大学Doshisha Univ. | 176 | 85 | 1999/8/30 | 東海大学付属仰星高校Tokai Univ. Gyosei HS,https://www.rugby-japan.jp/news/50409
2020年度,WTB | 木田 晴斗Haruto KIDA | 立命館大学Ritsumeikan Univ. | 175 | 88 | 1999/4/9 | 関西大倉高校Kansai Ohkura HS,https://www.rugby-japan.jp/news/50409
2020年度,WTB | 山口 楓斗Futo YAMAGUCHI | 同志社大学Doshisha Univ. | 166 | 76 | 2000/1/14 | 東海大学付属福岡高校Tokai Univ. Fukuoka HS,https://www.rugby-japan.jp/news/50409
2020年度,WTB/FB | 江本 洸志Koshi EMOTO | 天理大学Tenri Univ. | 172 | 75 | 2000/1/12 | 日本航空高校石川Japan Aviation HS Ishikawa,https://www.rugby-japan.jp/news/50409
2020年度,FB | 河瀬 諒介Ryosuke KAWASE | 早稲田大学Waseda Univ. | 184 | 89 | 1999/7/21 | 東海大学付属仰星高校Tokai Univ. Gyosei HS,https://www.rugby-japan.jp/news/50409
2020年度,FB | 二村 莞司Kanji FUTAMURA | 帝京大学Teikyo Univ. | 180 | 84 | 2001/1/14 | 京都成章高校Kyoto Seisho HS,https://www.rugby-japan.jp/news/50409
