https://rugbypick.com/	1875	0
https://rugbypick.com/about/	1016	0
https://rugbypick.com/contact/	144	0
https://rugbypick.com/dream-team/	228	0
https://rugbypick.com/leagues/	975	0
https://rugbypick.com/leagues/league-one/	1470	0
https://rugbypick.com/leagues/premiership/	821	0
https://rugbypick.com/leagues/super-rugby/	600	0
https://rugbypick.com/leagues/top14/	690	0
https://rugbypick.com/leagues/urc/	1027	0
https://rugbypick.com/magazine/	244	0
https://rugbypick.com/national-teams/	482	0
https://rugbypick.com/national-teams/argentina/	3323	0
https://rugbypick.com/national-teams/australia/	4310	0
https://rugbypick.com/national-teams/canada/	3623	0
https://rugbypick.com/national-teams/chile/	3565	0
https://rugbypick.com/national-teams/england/	4241	0
https://rugbypick.com/national-teams/fiji/	4081	0
https://rugbypick.com/national-teams/france/	5811	0
https://rugbypick.com/national-teams/georgia/	5219	0
https://rugbypick.com/national-teams/hong-kong/	3339	0
https://rugbypick.com/national-teams/ireland/	4617	0
https://rugbypick.com/national-teams/italy/	4024	0
https://rugbypick.com/national-teams/japan/	5033	0
https://rugbypick.com/national-teams/new-zealand/	4079	0
https://rugbypick.com/national-teams/portugal/	3793	0
https://rugbypick.com/national-teams/romania/	4516	0
https://rugbypick.com/national-teams/samoa/	4194	0
https://rugbypick.com/national-teams/scotland/	4718	0
https://rugbypick.com/national-teams/south-africa/	5103	0
https://rugbypick.com/national-teams/spain/	4571	0
https://rugbypick.com/national-teams/tonga/	3283	0
https://rugbypick.com/national-teams/uruguay/	3507	0
https://rugbypick.com/national-teams/usa/	4055	0
https://rugbypick.com/national-teams/wales/	4969	0
https://rugbypick.com/national-teams/zimbabwe/	2864	0
https://rugbypick.com/news/	14442	0
https://rugbypick.com/news/canada-rugby-2026/	2521	0
https://rugbypick.com/news/chile-rugby-2026/	3357	0
https://rugbypick.com/news/france-rugby-2026/	2145	0
https://rugbypick.com/news/georgia-rugby-2026/	2141	0
https://rugbypick.com/news/hong-kong-china-rugby-2026/	2354	0
https://rugbypick.com/news/how-to-watch-overseas-rugby/	2692	0
https://rugbypick.com/news/japan-2026-fixtures/	2513	0
https://rugbypick.com/news/japan-nations-championship-2026-july-review/	2737	0
https://rugbypick.com/news/japan-rugby-history/	3747	0
https://rugbypick.com/news/japan-squad-club-distribution-2026/	2445	0
https://rugbypick.com/news/japan-vs-australia-2026-leg1-review/	1844	0
https://rugbypick.com/news/japan-vs-australia-2026-leg2-review/	1237	0
https://rugbypick.com/news/japan-vs-canada-2026-review/	1094	0
https://rugbypick.com/news/japan-vs-france-2026-review/	2263	0
https://rugbypick.com/news/junta-hamano-leaves-kobelco-steelers-2026/	521	0
https://rugbypick.com/news/league-one-2025-26-data-analysis/	9150	0
https://rugbypick.com/news/league-one-2025-26-kobe-champions/	2489	0
https://rugbypick.com/news/league-one-2025-26-season-analysis/	5360	0
https://rugbypick.com/news/league-one-maruwa-momotaros-narita-2026-08-20/	677	0
https://rugbypick.com/news/mitsubishi-dynaboars-2026-new-signings/	1141	0
https://rugbypick.com/news/naoto-saito-leaves-toulouse-2026/	594	0
https://rugbypick.com/news/national-callup-53968/	2184	0
https://rugbypick.com/news/national-callup-54087/	2119	0
https://rugbypick.com/news/national-callup-54111/	1900	0
https://rugbypick.com/news/national-callup-54139/	2085	0
https://rugbypick.com/news/national-caps-weekly-2026-w32/	1789	0
https://rugbypick.com/news/national-caps-weekly-2026-w33/	1355	0
https://rugbypick.com/news/national-caps-weekly-2026-w34/	1067	0
https://rugbypick.com/news/national-caps-weekly-2026-w36/	1927	0
https://rugbypick.com/news/national-caps-weekly-2026-w37/	3268	0
https://rugbypick.com/news/national-caps-weekly-2026-w38/	2542	0
https://rugbypick.com/news/national-caps-weekly-2026-w39/	2845	0
https://rugbypick.com/news/national-caps-weekly-2026-w40/	6435	0
https://rugbypick.com/news/nations-championship-2026-guide/	2564	0
https://rugbypick.com/news/nations-championship-2026/	3163	0
https://rugbypick.com/news/panasonic-wild-knights-2026-new-signings/	880	0
https://rugbypick.com/news/portugal-rugby-2026/	3743	0
https://rugbypick.com/news/premiership-bath-2025-26/	1720	0
https://rugbypick.com/news/premiership-bristol-bears-2025-26/	1264	0
https://rugbypick.com/news/premiership-caps-weekly-2026-w40/	1136	0
https://rugbypick.com/news/premiership-exeter-chiefs-2025-26/	1217	0
https://rugbypick.com/news/premiership-gloucester-2025-26/	1170	0
https://rugbypick.com/news/premiership-harlequins-2025-26/	1252	0
https://rugbypick.com/news/premiership-join-weekly-2026-w34/	1912	0
https://rugbypick.com/news/premiership-join-weekly-2026-w37/	6299	0
https://rugbypick.com/news/premiership-join-weekly-2026-w38/	492	0
https://rugbypick.com/news/premiership-join-weekly-2026-w40/	1889	0
https://rugbypick.com/news/premiership-league-guide-2025-26/	1298	0
https://rugbypick.com/news/premiership-leicester-tigers-2025-26/	1342	0
https://rugbypick.com/news/premiership-newcastle-falcons-2025-26/	976	0
https://rugbypick.com/news/premiership-northampton-saints-2025-26/	1332	0
https://rugbypick.com/news/premiership-sale-sharks-2025-26/	1208	0
https://rugbypick.com/news/premiership-saracens-2025-26/	1332	0
https://rugbypick.com/news/romania-rugby-2026/	3935	0
https://rugbypick.com/news/rugby-beginners-guide/	3966	0
https://rugbypick.com/news/rugby-glossary/	3905	0
https://rugbypick.com/news/rugby-watching-goods/	2733	0
https://rugbypick.com/news/rugby-world-cup-2027-guide/	2924	0
https://rugbypick.com/news/rwc2027-squad-league-distribution/	2781	0
https://rugbypick.com/news/samoa-rugby-2026/	2033	0
https://rugbypick.com/news/shoichi-takagi-leaves-toshiba-brave-lupus-2026/	535	0
https://rugbypick.com/news/spain-rugby-2026/	4715	0
https://rugbypick.com/news/suntory-sungoliath-2026-27-new-signings/	1044	0
https://rugbypick.com/news/super-rugby-act-brumbies-2025-26/	1714	0
https://rugbypick.com/news/super-rugby-blues-2025-26/	1818	0
https://rugbypick.com/news/super-rugby-chiefs-2025-26/	2014	0
https://rugbypick.com/news/super-rugby-crusaders-2025-26/	2099	0
https://rugbypick.com/news/super-rugby-fijian-drua-2025-26/	1928	0
https://rugbypick.com/news/super-rugby-highlanders-2025-26/	1779	0
https://rugbypick.com/news/super-rugby-hurricanes-2025-26/	1922	0
https://rugbypick.com/news/super-rugby-join-weekly-2026-w34/	1363	0
https://rugbypick.com/news/super-rugby-moana-pasifika-2025-26/	1954	0
https://rugbypick.com/news/super-rugby-nsw-waratahs-2025-26/	1812	0
https://rugbypick.com/news/super-rugby-pacific-team-guide-2025-26/	5164	0
https://rugbypick.com/news/super-rugby-queensland-reds-2025-26/	2033	0
https://rugbypick.com/news/super-rugby-western-force-2025-26/	1880	0
https://rugbypick.com/news/tier2-nations-guide/	5123	0
https://rugbypick.com/news/top14-bayonne-2025-26/	1795	0
https://rugbypick.com/news/top14-bordeaux-begles-2025-26/	1843	0
https://rugbypick.com/news/top14-castres-2025-26/	1850	0
https://rugbypick.com/news/top14-clermont-2025-26/	1774	0
https://rugbypick.com/news/top14-join-weekly-2026-w32/	873	0
https://rugbypick.com/news/top14-join-weekly-2026-w33/	1590	0
https://rugbypick.com/news/top14-join-weekly-2026-w34/	10504	0
https://rugbypick.com/news/top14-join-weekly-2026-w36/	1659	0
https://rugbypick.com/news/top14-join-weekly-2026-w37/	1812	0
https://rugbypick.com/news/top14-join-weekly-2026-w38/	1444	0
https://rugbypick.com/news/top14-join-weekly-2026-w39/	1760	0
https://rugbypick.com/news/top14-la-rochelle-2025-26/	1722	0
https://rugbypick.com/news/top14-lyon-2025-26/	1726	0
https://rugbypick.com/news/top14-montpellier-2025-26/	1658	0
https://rugbypick.com/news/top14-pau-2025-26/	1672	0
https://rugbypick.com/news/top14-perpignan-2025-26/	1926	0
https://rugbypick.com/news/top14-stade-francais-2025-26/	1768	0
https://rugbypick.com/news/top14-toulon-2025-26/	1769	0
https://rugbypick.com/news/top14-toulouse-2025-26/	1929	0
https://rugbypick.com/news/top14-vannes-2025-26/	1899	0
https://rugbypick.com/news/transfers-roundup-2026-07/	676	0
https://rugbypick.com/news/transfers-roundup-2026-08/	4982	0
https://rugbypick.com/news/transfers-roundup-2026-09/	2189	0
https://rugbypick.com/news/u17-japan-2026-japan-korea-china-junior/	1749	0
https://rugbypick.com/news/urc-benetton-2025-26/	1267	0
https://rugbypick.com/news/urc-bulls-2025-26/	1215	0
https://rugbypick.com/news/urc-caps-weekly-2026-w40/	2031	0
https://rugbypick.com/news/urc-cardiff-2025-26/	1270	0
https://rugbypick.com/news/urc-connacht-2025-26/	1136	0
https://rugbypick.com/news/urc-dragons-2025-26/	1083	0
https://rugbypick.com/news/urc-edinburgh-2025-26/	1298	0
https://rugbypick.com/news/urc-glasgow-warriors-2025-26/	1446	0
https://rugbypick.com/news/urc-join-weekly-2026-w34/	3248	0
https://rugbypick.com/news/urc-join-weekly-2026-w37/	1496	0
https://rugbypick.com/news/urc-join-weekly-2026-w38/	4309	0
https://rugbypick.com/news/urc-join-weekly-2026-w39/	1827	0
https://rugbypick.com/news/urc-join-weekly-2026-w40/	2869	0
https://rugbypick.com/news/urc-league-guide-2025-26/	2030	0
https://rugbypick.com/news/urc-leinster-2025-26/	1739	0
https://rugbypick.com/news/urc-lions-2025-26/	1088	0
https://rugbypick.com/news/urc-munster-2025-26/	1237	0
https://rugbypick.com/news/urc-ospreys-2025-26/	1159	0
https://rugbypick.com/news/urc-scarlets-2025-26/	1116	0
https://rugbypick.com/news/urc-sharks-2025-26/	1204	0
https://rugbypick.com/news/urc-stormers-2025-26/	1243	0
https://rugbypick.com/news/urc-ulster-2025-26/	1298	0
https://rugbypick.com/news/urc-zebre-2025-26/	1168	0
https://rugbypick.com/news/usa-rugby-2026/	2645	0
https://rugbypick.com/news/vpn-for-rugby-overseas/	3786	0
https://rugbypick.com/news/zimbabwe-rugby-2026/	2269	0
https://rugbypick.com/notice/saimoni-vunilagi/	166	0
https://rugbypick.com/players/	6790	0
https://rugbypick.com/players/adam-coleman/	324	2
https://rugbypick.com/players/adam-hastings/	494	2
https://rugbypick.com/players/adam-zap%C4%98dowski/	247	2
https://rugbypick.com/players/aiden-stait/	391	2
https://rugbypick.com/players/akenzua-al-kareem-abdul-khalik/	495	2
https://rugbypick.com/players/alec-clarey/	425	2
https://rugbypick.com/players/aleki-lutui/	478	2
https://rugbypick.com/players/alex-lozowski/	449	2
https://rugbypick.com/players/alex-wardell/	454	2
https://rugbypick.com/players/alfie-barbeary/	460	2
https://rugbypick.com/players/alvaro-garcia/	540	2
https://rugbypick.com/players/amine-maalla/	342	2
https://rugbypick.com/players/ander-etchebarne-sanchez/	317	2
https://rugbypick.com/players/andre-esterhuizen/	490	2
https://rugbypick.com/players/antonio-shalfoon/	461	2
https://rugbypick.com/players/aphelele-fassi/	556	2
https://rugbypick.com/players/archie-griffin/	498	2
https://rugbypick.com/players/archie-stanley/	456	2
https://rugbypick.com/players/arthur-cordwell/	455	2
https://rugbypick.com/players/arthur-green/	477	2
https://rugbypick.com/players/arthur-iturria/	333	2
https://rugbypick.com/players/badri-tsikhistavi/	443	2
https://rugbypick.com/players/beck-cutting/	376	2
https://rugbypick.com/players/ben-chapman/	417	2
https://rugbypick.com/players/ben-gunter-484055/	598	2
https://rugbypick.com/players/ben-pogson/	374	2
https://rugbypick.com/players/ben-tameifuna/	538	2
https://rugbypick.com/players/benjamin-lahet/	448	2
https://rugbypick.com/players/beno--obano-/	470	2
https://rugbypick.com/players/bertrand-mistri/	277	2
https://rugbypick.com/players/billy-sela/	394	2
https://rugbypick.com/players/cameron-hanekom/	390	2
https://rugbypick.com/players/carlu-sadie/	584	2
https://rugbypick.com/players/charlie-ewels/	539	2
https://rugbypick.com/players/charlie-lawrence-484728/	519	2
https://rugbypick.com/players/chris-cloete/	430	2
https://rugbypick.com/players/chris-harris/	435	2
https://rugbypick.com/players/christ-tshiunza/	412	2
https://rugbypick.com/players/clement-maynadier/	351	2
https://rugbypick.com/players/connor-sa/	323	2
https://rugbypick.com/players/connor-treacey/	373	2
https://rugbypick.com/players/cyle-brink/	416	2
https://rugbypick.com/players/cyril-cazeaux/	357	2
https://rugbypick.com/players/d-arcy-rae/	581	2
https://rugbypick.com/players/dalton-papali-i/	334	2
https://rugbypick.com/players/damian-willemse/	438	2
https://rugbypick.com/players/damien-kuilagi/	317	2
https://rugbypick.com/players/dan-robson/	478	2
https://rugbypick.com/players/daniel-marais/	389	2
https://rugbypick.com/players/darcy-swain/	326	2
https://rugbypick.com/players/denis-marchois/	512	2
https://rugbypick.com/players/deon-slabbert/	474	2
https://rugbypick.com/players/diego-escobar/	503	2
https://rugbypick.com/players/dillon-lewis/	464	2
https://rugbypick.com/players/dom-hardman/	409	2
https://rugbypick.com/players/dylan-indaburu/	460	2
https://rugbypick.com/players/dylan-riley-484057/	655	2
https://rugbypick.com/players/dylan-smith/	395	2
https://rugbypick.com/players/ed-kasprowicz/	527	2
https://rugbypick.com/players/eddie-erskine/	391	2
https://rugbypick.com/players/elliot-stooke/	475	2
https://rugbypick.com/players/enzo-fernandes/	304	2
https://rugbypick.com/players/esei-ha-angana/	511	2
https://rugbypick.com/players/esei-haangana-484053/	399	2
https://rugbypick.com/players/ethan-staddon/	480	2
https://rugbypick.com/players/ewan-richards/	443	2
https://rugbypick.com/players/facundo-bosch/	535	2
https://rugbypick.com/players/faulua-makisi-483767/	420	2
https://rugbypick.com/players/finlay-christie/	575	2
https://rugbypick.com/players/florian-vives/	270	2
https://rugbypick.com/players/gabriel-oghre/	475	2
https://rugbypick.com/players/gabriel-rolland/	274	2
https://rugbypick.com/players/gael-fickou/	591	2
https://rugbypick.com/players/gareth-parry/	336	2
https://rugbypick.com/players/george-bridge/	526	2
https://rugbypick.com/players/gonzalo-garcia-1999/	480	2
https://rugbypick.com/players/grant-williams/	531	2
https://rugbypick.com/players/griff-evans/	399	2
https://rugbypick.com/players/guido-petti/	529	2
https://rugbypick.com/players/gwilym-evans/	394	2
https://rugbypick.com/players/hame-faiva/	542	2
https://rugbypick.com/players/harry-hockings-485719/	690	2
https://rugbypick.com/players/haruto-kida-483750/	515	2
https://rugbypick.com/players/harvey-beaton/	425	2
https://rugbypick.com/players/harvey-cuckson/	473	2
https://rugbypick.com/players/hayate-era-483786/	578	2
https://rugbypick.com/players/hendro-hattingh/	276	2
https://rugbypick.com/players/hiroshi-yamashita-483967/	567	2
https://rugbypick.com/players/hoskins-sotutu/	550	2
https://rugbypick.com/players/hugo-afonso/	431	2
https://rugbypick.com/players/hugo-leclerq/	420	2
https://rugbypick.com/players/hunter-paisami/	527	2
https://rugbypick.com/players/ignacio-valdes-leiva/	398	2
https://rugbypick.com/players/imanol-thicoipe/	361	2
https://rugbypick.com/players/inoke-burua-483940/	492	2
https://rugbypick.com/players/ioan-emanuel/	472	2
https://rugbypick.com/players/ion-neculai/	528	2
https://rugbypick.com/players/itsuki-kamimura-483934/	560	2
https://rugbypick.com/players/izi-sword-483782/	590	2
https://rugbypick.com/players/jack-bennett/	471	2
https://rugbypick.com/players/jack-cornelsen-485708/	692	2
https://rugbypick.com/players/jack-dempsey/	491	2
https://rugbypick.com/players/jacques-du-plessis/	439	2
https://rugbypick.com/players/jacques-nguimbous/	349	2
https://rugbypick.com/players/james-flynn/	435	2
https://rugbypick.com/players/james-johnston/	474	2
https://rugbypick.com/players/james-lang/	442	2
https://rugbypick.com/players/james-lowe/	494	2
https://rugbypick.com/players/james-ratti/	445	2
https://rugbypick.com/players/jandre-marais/	345	2
https://rugbypick.com/players/janko-swanepoel/	180	0
https://rugbypick.com/players/jannes-kirsten/	404	2
https://rugbypick.com/players/jasper-mcguire/	418	2
https://rugbypick.com/players/jasper-spandler/	479	2
https://rugbypick.com/players/jefferson-poirot/	553	2
https://rugbypick.com/players/jevaughn-warren/	449	2
https://rugbypick.com/players/joe-peard/	465	2
https://rugbypick.com/players/joe-van-zyl/	354	2
https://rugbypick.com/players/johannes-jonker/	479	2
https://rugbypick.com/players/john-stewart/	474	2
https://rugbypick.com/players/jokin-duhalt/	360	2
https://rugbypick.com/players/jon-zabala/	681	2
https://rugbypick.com/players/jonah-lowe/	469	2
https://rugbypick.com/players/josh-mcnally/	433	2
https://rugbypick.com/players/josua-nadredre/	275	2
https://rugbypick.com/players/jrfu_callup_haruto-watanabe/	379	2
https://rugbypick.com/players/jrfu_callup_shogo-nakano/	406	2
https://rugbypick.com/players/jrfu_callup_takuro-hojo/	395	2
https://rugbypick.com/players/jrfu_callup_waisake-raratubua/	415	2
https://rugbypick.com/players/jrfu_callup_yota-kamimori/	405	2
https://rugbypick.com/players/juan-harinordoquy/	312	2
https://rugbypick.com/players/juan-schoeman/	465	2
https://rugbypick.com/players/jude-trarieux/	343	2
https://rugbypick.com/players/jules-coulon/	330	2
https://rugbypick.com/players/jules-derre/	487	2
https://rugbypick.com/players/jules-martin-bonnard/	449	2
https://rugbypick.com/players/jumpei-ogura/	421	2
https://rugbypick.com/players/junta-hamano-483951/	498	2
https://rugbypick.com/players/kaden-pearce-paul/	427	2
https://rugbypick.com/players/kanato-hirano-484693/	391	2
https://rugbypick.com/players/kanji-shimokawa-485716/	631	2
https://rugbypick.com/players/kapeli-pifeleti-jr/	529	2
https://rugbypick.com/players/kazuki-himeno-484466/	503	2
https://rugbypick.com/players/kazuma-ueda-483933/	574	2
https://rugbypick.com/players/keijiro-tamefusa-486437/	573	2
https://rugbypick.com/players/keita-ando/	457	2
https://rugbypick.com/players/kenji-sato-484033/	585	2
https://rugbypick.com/players/kenta-fukuda-485714/	536	2
https://rugbypick.com/players/kenta-kobayashi-485715/	494	2
https://rugbypick.com/players/kieran-verden/	463	2
https://rugbypick.com/players/kippei-ishida-484853/	571	2
https://rugbypick.com/players/konstantine-mikautadze/	595	2
https://rugbypick.com/players/kotaro-matsushima-484319/	479	2
https://rugbypick.com/players/kurt-eklund/	339	2
https://rugbypick.com/players/kurt-lee-arendse/	440	2
https://rugbypick.com/players/lekso-kaulashvili/	365	2
https://rugbypick.com/players/lenny-alifanety/	352	2
https://rugbypick.com/players/leo-camara/	319	2
https://rugbypick.com/players/leo-chauvin/	343	2
https://rugbypick.com/players/louis-ortolan/	401	2
https://rugbypick.com/players/lua-makisi/	565	2
https://rugbypick.com/players/lucas-official/	432	2
https://rugbypick.com/players/lucas-paulos/	317	2
https://rugbypick.com/players/luke-mcgrath/	263	2
https://rugbypick.com/players/luke-tagi/	435	2
https://rugbypick.com/players/luke-yendle/	433	2
https://rugbypick.com/players/mamoru-harada/	519	2
https://rugbypick.com/players/manex-ariceta/	561	2
https://rugbypick.com/players/manuel-leindekar/	509	2
https://rugbypick.com/players/marco-van-staden/	436	2
https://rugbypick.com/players/martin-villar/	481	2
https://rugbypick.com/players/mateo-guerin/	472	2
https://rugbypick.com/players/matheo-frisach/	355	2
https://rugbypick.com/players/matheo-futhazar/	441	2
https://rugbypick.com/players/mathias-bonal/	274	2
https://rugbypick.com/players/matis-perchaud/	458	2
https://rugbypick.com/players/max-bru/	453	2
https://rugbypick.com/players/max-eke/	419	2
https://rugbypick.com/players/max-pearce/	462	2
https://rugbypick.com/players/maxime-lamothe/	543	2
https://rugbypick.com/players/maxime-vitoux/	265	2
https://rugbypick.com/players/merwe-olivier/	204	0
https://rugbypick.com/players/michael-leitch-484358/	1678	2
https://rugbypick.com/players/michael-stolberg-484344/	413	2
https://rugbypick.com/players/mihlali-mosi/	428	2
https://rugbypick.com/players/mike-stolberg/	608	2
https://rugbypick.com/players/mikey-summerfield/	498	2
https://rugbypick.com/players/muller-uys/	393	2
https://rugbypick.com/players/naoto-saito/	1536	2
https://rugbypick.com/players/nathan-thibeau/	344	2
https://rugbypick.com/players/nial-annett/	436	2
https://rugbypick.com/players/nico-jones/	269	2
https://rugbypick.com/players/ox-nche/	441	2
https://rugbypick.com/players/pablo-dimcheff/	559	2
https://rugbypick.com/players/pascal-cotet/	491	2
https://rugbypick.com/players/peio-dospital/	421	2
https://rugbypick.com/players/petero-mailulu/	318	2
https://rugbypick.com/players/phumzile-maqondwana/	362	2
https://rugbypick.com/players/pierre-castillon/	409	2
https://rugbypick.com/players/pieter-scholtz/	203	0
https://rugbypick.com/players/quentin-bethune/	455	2
https://rugbypick.com/players/quinn-roux/	540	2
https://rugbypick.com/players/rabah-slimani/	250	2
https://rugbypick.com/players/rafael-cayuela/	454	2
https://rugbypick.com/players/robert-hunt/	410	2
https://rugbypick.com/players/rory-cameron/	388	2
https://rugbypick.com/players/ruan-botha-511566/	343	2
https://rugbypick.com/players/ruan-nortje/	514	2
https://rugbypick.com/players/ruben-pargade/	348	2
https://rugbypick.com/players/ruben-van-heerden/	557	2
https://rugbypick.com/players/ryosuke-iwaihara-484849/	529	2
https://rugbypick.com/players/ryunosuke-ito-497504/	1069	2
https://rugbypick.com/players/saimoni-vunilagi-484310/	457	2
https://rugbypick.com/players/sam-crean/	433	2
https://rugbypick.com/players/sam-greene-484173/	625	2
https://rugbypick.com/players/sam-moli/	462	2
https://rugbypick.com/players/samipeni-finau/	467	2
https://rugbypick.com/players/samisoni-tua-483497/	585	2
https://rugbypick.com/players/samson-adejimi/	432	2
https://rugbypick.com/players/samuel-ezeala/	593	2
https://rugbypick.com/players/santiago-videla/	498	2
https://rugbypick.com/players/scott-kirk/	394	2
https://rugbypick.com/players/seb-lombard/	422	2
https://rugbypick.com/players/sesoni-tamani/	272	2
https://rugbypick.com/players/seungsin-lee-483953/	606	2
https://rugbypick.com/players/shin-takeuchi-511552/	323	2
https://rugbypick.com/players/shinobu-fujiwara-485500/	544	2
https://rugbypick.com/players/shinya-komura-486439/	441	2
https://rugbypick.com/players/sho-furuhata-484058/	469	2
https://rugbypick.com/players/shodai-hirao-485713/	537	2
https://rugbypick.com/players/shoichi-takagi-484372/	514	2
https://rugbypick.com/players/shu-yamamoto-484878/	462	2
https://rugbypick.com/players/shuhei-takeuchi-485712/	1536	2
https://rugbypick.com/players/shunsuke-uenobo-493618/	565	2
https://rugbypick.com/players/simphiwe-matanzima/	408	2
https://rugbypick.com/players/sipili-falatea/	547	2
https://rugbypick.com/players/sojiro-otsuka/	442	2
https://rugbypick.com/players/stephen-perofeta/	470	2
https://rugbypick.com/players/swan-cormenier/	461	2
https://rugbypick.com/players/syd-blackmore/	413	2
https://rugbypick.com/players/taira-main-484885/	598	2
https://rugbypick.com/players/takato-okabe-484847/	623	2
https://rugbypick.com/players/takumi-inaba-484154/	504	2
https://rugbypick.com/players/takuro-matsunaga-484365/	605	2
https://rugbypick.com/players/tanielu-terea/	460	2
https://rugbypick.com/players/tevita-tatafu/	186	0
https://rugbypick.com/players/theo-mcfarland/	477	2
https://rugbypick.com/players/thomas-acquier/	480	2
https://rugbypick.com/players/thomas-ceyte/	351	2
https://rugbypick.com/players/thomas-du-toit/	577	2
https://rugbypick.com/players/thomas-jolmes/	319	2
https://rugbypick.com/players/tiaan-lange/	417	2
https://rugbypick.com/players/tielman-nieuwoudt/	423	2
https://rugbypick.com/players/tiennan-costley-483942/	696	2
https://rugbypick.com/players/tom-dunn/	471	2
https://rugbypick.com/players/tom-nogueira/	342	2
https://rugbypick.com/players/toma-akino-taufa/	331	2
https://rugbypick.com/players/tommaso-menoncello/	383	2
https://rugbypick.com/players/tomoki-osada-484045/	513	2
https://rugbypick.com/players/toshi-kurita-butlin/	442	2
https://rugbypick.com/players/txomin-ithurbide/	305	2
https://rugbypick.com/players/ugo-boniface/	352	2
https://rugbypick.com/players/univ-%E6%97%A9%E7%A8%B2%E7%94%B0%E5%A4%A7%E5%AD%A6-%E7%9F%A2%E5%B4%8E%E7%94%B1%E9%AB%98/	1812	2
https://rugbypick.com/players/vincent-giudicelli/	510	2
https://rugbypick.com/players/warner-dearns/	528	2
https://rugbypick.com/players/wilco-louw/	542	2
https://rugbypick.com/players/will-stuart/	477	2
https://rugbypick.com/players/yahnis-el-maslouhi/	347	2
https://rugbypick.com/players/yanick-tomo-engouang-nze/	277	2
https://rugbypick.com/players/yon-caperaa/	463	2
https://rugbypick.com/players/yonn-ramond/	465	2
https://rugbypick.com/players/younes-bekhti/	343	2
https://rugbypick.com/players/yuki-ikeda-484880/	599	2
https://rugbypick.com/players/yuya-hirose-483785/	600	2
https://rugbypick.com/players/zac-nearchou/	450	2
https://rugbypick.com/players/zaccharie-affane/	353	2
https://rugbypick.com/privacy/	1687	0
https://rugbypick.com/results/	36889	0
https://rugbypick.com/rwc2027/	1547	0
https://rugbypick.com/schools/	0	0
https://rugbypick.com/sitemap/	536	0
https://rugbypick.com/standings/	2423	0
https://rugbypick.com/teams/	746	0
https://rugbypick.com/teams/high-school/akita-kogyo/	154	0
https://rugbypick.com/teams/high-school/iwami-chisuikan/	148	0
https://rugbypick.com/teams/high-school/matsuyama-seiryo/	146	0
https://rugbypick.com/teams/high-school/meikei/	146	0
https://rugbypick.com/teams/high-school/oita-tomei/	146	0
https://rugbypick.com/teams/high-school/osaka-toin/	146	0
https://rugbypick.com/teams/high-school/toin-gakuen/	146	0
https://rugbypick.com/teams/high-school/tokai-osaka-gyosei/	158	0
https://rugbypick.com/teams/league-one/	14535	0
https://rugbypick.com/teams/league-one/azcom-maruwa-momotaros/	1905	0
https://rugbypick.com/teams/league-one/chugoku-electric-red-regulions/	2374	0
https://rugbypick.com/teams/league-one/hanazono-kintetsu-liners/	2970	0
https://rugbypick.com/teams/league-one/hino-red-dolphins/	2711	0
https://rugbypick.com/teams/league-one/hurricanes/	2559	0
https://rugbypick.com/teams/league-one/jr-east-green-warriors-tokatsu/	2197	0
https://rugbypick.com/teams/league-one/kamaishi-seawaves/	2560	0
https://rugbypick.com/teams/league-one/kobelco-kobe-steelers/	4576	0
https://rugbypick.com/teams/league-one/kubota-spears-funabashi-tokyo-bay/	5089	0
https://rugbypick.com/teams/league-one/kurita-water-gush-akishima/	2785	0
https://rugbypick.com/teams/league-one/kyuden-voltex/	2946	0
https://rugbypick.com/teams/league-one/mazda-skyactivs-hiroshima/	2704	0
https://rugbypick.com/teams/league-one/mitsubishi-sagamihara-dynaboars/	4312	0
https://rugbypick.com/teams/league-one/ricoh-black-rams-tokyo/	4065	0
https://rugbypick.com/teams/league-one/ruriro-fukuoka/	3284	0
https://rugbypick.com/teams/league-one/saitama-panasonic-wild-knights/	4451	0
https://rugbypick.com/teams/league-one/secom-rugguts/	2943	0
https://rugbypick.com/teams/league-one/shimizu-koto-blue-sharks/	3144	0
https://rugbypick.com/teams/league-one/shizuoka-blue-revs/	4295	0
https://rugbypick.com/teams/league-one/tochigi-honda-heat/	2764	0
https://rugbypick.com/teams/league-one/tokyo-suntory-sungoliath/	4268	0
https://rugbypick.com/teams/league-one/toshiba-brave-lupus-tokyo/	4216	0
https://rugbypick.com/teams/league-one/toyota-shuttles-aichi/	-1	0
https://rugbypick.com/teams/league-one/toyota-verblitz/	3588	0
https://rugbypick.com/teams/league-one/urayasu-d-rocks/	4127	0
https://rugbypick.com/teams/league-one/yakult-levins/	2640	0
https://rugbypick.com/teams/league-one/yokohama-canon-eagles/	4236	0
https://rugbypick.com/teams/premiership/	2884	0
https://rugbypick.com/teams/premiership/bath-rugby/	3809	0
https://rugbypick.com/teams/premiership/bristol-bears/	2260	0
https://rugbypick.com/teams/premiership/exeter-chiefs/	2299	0
https://rugbypick.com/teams/premiership/gloucester-rugby/	2335	0
https://rugbypick.com/teams/premiership/harlequins/	2339	0
https://rugbypick.com/teams/premiership/leicester-tigers/	2173	0
https://rugbypick.com/teams/premiership/newcastle-falcons/	-1	0
https://rugbypick.com/teams/premiership/northampton-saints/	3616	0
https://rugbypick.com/teams/premiership/sale-sharks/	2107	0
https://rugbypick.com/teams/premiership/saracens/	2113	0
https://rugbypick.com/teams/super-rugby/	7804	0
https://rugbypick.com/teams/super-rugby/act-brumbies/	2006	0
https://rugbypick.com/teams/super-rugby/blues/	2139	0
https://rugbypick.com/teams/super-rugby/chiefs/	2304	0
https://rugbypick.com/teams/super-rugby/crusaders/	2430	0
https://rugbypick.com/teams/super-rugby/fijian-drua/	2298	0
https://rugbypick.com/teams/super-rugby/highlanders/	2179	0
https://rugbypick.com/teams/super-rugby/hurricanes/	2240	0
https://rugbypick.com/teams/super-rugby/moana-pasifika/	2349	0
https://rugbypick.com/teams/super-rugby/nsw-waratahs/	2206	0
https://rugbypick.com/teams/super-rugby/queensland-reds/	2316	0
https://rugbypick.com/teams/super-rugby/western-force/	2256	0
https://rugbypick.com/teams/top-east-a/	2202	0
https://rugbypick.com/teams/top-east-a/%E3%82%AF%E3%83%AA%E3%83%BC%E3%83%B3%E3%83%95%E3%82%A1%E3%82%A4%E3%82%BF%E3%83%BC%E3%82%BA%E5%B1%B1%E6%A2%A8/	882	0
https://rugbypick.com/teams/top-east-a/%E6%9D%B1%E4%BA%AC%E3%82%AC%E3%82%B9/	758	0
https://rugbypick.com/teams/top-east-a/%E6%97%A5%E7%AB%8B%E8%A3%BD%E4%BD%9C%E6%89%80sun-nexus/	767	0
https://rugbypick.com/teams/top-east-a/%E6%98%8E%E6%B2%BB%E5%AE%89%E7%94%B0%E7%94%9F%E5%91%BD%E3%83%9B%E3%83%BC%E3%83%AA%E3%83%BC%E3%82%BA/	676	0
https://rugbypick.com/teams/top-east-b/	2231	0
https://rugbypick.com/teams/top-east-b/%E3%83%A9%E3%82%A4%E3%82%AA%E3%83%B3%E3%83%95%E3%82%A1%E3%83%B3%E3%82%B0%E3%82%B9/	846	0
https://rugbypick.com/teams/top-east-b/%E5%A4%A7%E5%A1%9A%E5%88%B7%E6%AF%9B/	700	0
https://rugbypick.com/teams/top-east-b/%E5%AF%8C%E5%A3%AB%E3%83%95%E3%82%A4%E3%83%AB%E3%83%A0bi%E3%82%B0%E3%83%AA%E3%83%BC%E3%83%B3%E3%82%A8%E3%83%AB%E3%82%AF%E3%82%B9/	733	0
https://rugbypick.com/teams/top-east-b/%E6%A8%AA%E6%B2%B3%E6%AD%A6%E8%94%B5%E9%87%8E%E3%82%A2%E3%83%88%E3%83%A9%E3%82%B9%E3%82%BF%E3%83%BC%E3%82%BA/	738	0
https://rugbypick.com/teams/top-east-b/%E7%A7%8B%E7%94%B0%E3%83%8E%E3%83%BC%E3%82%B6%E3%83%B3%E3%83%96%E3%83%AC%E3%83%83%E3%83%84rfc/	810	0
https://rugbypick.com/teams/top-east-c/	1915	0
https://rugbypick.com/teams/top-east-c/%E3%81%82%E3%81%84%E3%81%8A%E3%81%84%E3%83%8B%E3%83%83%E3%82%BB%E3%82%A4%E5%90%8C%E5%92%8C%E6%90%8D%E4%BF%9D%E3%82%BF%E3%83%95%E3%82%A6%E3%83%AB%E3%82%BA/	170	0
https://rugbypick.com/teams/top-east-c/%E3%82%B5%E3%83%B3%E3%83%88%E3%83%AA%E3%83%BC%E3%83%95%E3%83%BC%E3%82%BA/	490	0
https://rugbypick.com/teams/top-east-c/%E3%83%AF%E3%82%BB%E3%83%80%E3%82%AF%E3%83%A9%E3%83%96/	448	0
https://rugbypick.com/teams/top-east-c/%E8%88%B9%E5%B2%A1%E8%87%AA%E8%A1%9B%E9%9A%8A%E3%83%AF%E3%82%A4%E3%83%AB%E3%83%89%E3%83%9C%E3%82%A2%E3%83%BC%E3%82%BA/	162	0
https://rugbypick.com/teams/top-east-c/%E8%AD%A6%E8%A6%96%E5%BA%81%E3%83%A9%E3%82%B0%E3%83%93%E3%83%BC%E9%83%A8/	152	0
https://rugbypick.com/teams/top-east-c/big-blues%E5%85%AB%E5%8D%83%E4%BB%A3%E3%83%99%E3%82%A4%E6%9D%B1%E4%BA%AC/	166	0
https://rugbypick.com/teams/top-east-c/jal-wings/	152	0
https://rugbypick.com/teams/top-east-c/jr%E6%9D%B1%E6%97%A5%E6%9C%AC%E3%83%AC%E3%83%BC%E3%83%AB%E3%82%A6%E3%82%A7%E3%82%A4%E3%82%BA/	160	0
https://rugbypick.com/teams/top-kyushu/	2485	0
https://rugbypick.com/teams/top-kyushu/%E4%B8%89%E8%8F%B1%E9%87%8D%E5%B7%A5%E9%95%B7%E5%B4%8E/	337	0
https://rugbypick.com/teams/top-kyushu/%E5%AE%89%E5%B7%9D%E9%9B%BB%E6%A9%9Fblue-blaze/	840	0
https://rugbypick.com/teams/top-kyushu/%E6%97%A5%E6%9C%AC%E8%A3%BD%E9%89%84%E4%B9%9D%E5%B7%9E%E5%85%AB%E5%B9%A1/	674	0
https://rugbypick.com/teams/top-kyushu/%E6%97%A5%E7%89%B9%E3%82%B9%E3%83%91%E3%83%BC%E3%82%AF%E3%83%86%E3%83%83%E3%82%AFwks/	813	0
https://rugbypick.com/teams/top-kyushu/%E8%A5%BF%E6%97%A5%E6%9C%AC%E3%82%B7%E3%83%86%E3%82%A3%E9%8A%80%E8%A1%8C/	645	0
https://rugbypick.com/teams/top-kyushu/%E9%B9%BF%E5%85%90%E5%B3%B6%E9%8A%80%E8%A1%8C/	592	0
https://rugbypick.com/teams/top-kyushu/ffg%E3%83%96%E3%83%AB%E3%83%BC%E3%82%B0%E3%83%AB%E3%83%BC%E3%83%91%E3%83%BC%E3%82%BA/	693	0
https://rugbypick.com/teams/top-kyushu/jr%E4%B9%9D%E5%B7%9E%E3%82%B5%E3%83%B3%E3%83%80%E3%83%BC%E3%82%B9/	682	0
https://rugbypick.com/teams/top-west-a/	2321	0
https://rugbypick.com/teams/top-west-a/%E3%83%AA%E3%82%B3%E3%83%BC%E3%82%B8%E3%83%A3%E3%83%91%E3%83%B3black-aegis/	602	0
https://rugbypick.com/teams/top-west-a/%E4%B8%AD%E9%83%A8%E9%9B%BB%E5%8A%9B/	621	0
https://rugbypick.com/teams/top-west-a/%E5%A4%A7%E9%98%AA%E5%BA%9C%E8%AD%A6%E5%AF%9F/	558	0
https://rugbypick.com/teams/top-west-a/%E5%B3%B6%E6%B4%A5%E8%A3%BD%E4%BD%9C%E6%89%80-breakers/	472	0
https://rugbypick.com/teams/top-west-a/%E8%B1%8A%E7%94%B0%E9%80%9A%E5%95%86blue-wing/	168	0
https://rugbypick.com/teams/top-west-a/daigas-struggers/	470	0
https://rugbypick.com/teams/top-west-a/jr%E8%A5%BF%E6%97%A5%E6%9C%AC%E3%83%AC%E3%82%A4%E3%83%A9%E3%83%BC%E3%82%BA/	400	0
https://rugbypick.com/teams/top-west-a/maruwa-logistar-z-kyoto/	177	0
https://rugbypick.com/teams/top-west-b/	2477	0
https://rugbypick.com/teams/top-west-b/%E3%81%8D%E3%82%93%E3%81%A7%E3%82%93%E3%83%88%E3%83%A9%E3%82%A4%E3%83%87%E3%83%B3%E3%83%88%E3%83%96%E3%83%AA%E3%83%83%E3%83%84/	376	0
https://rugbypick.com/teams/top-west-b/%E4%B8%89%E8%8F%B1%E8%87%AA%E5%8B%95%E8%BB%8A%E4%BA%AC%E9%83%BD%E3%83%AC%E3%83%83%E3%83%89%E3%82%A8%E3%83%9C%E3%83%AA%E3%83%A5%E3%83%BC%E3%82%B7%E3%83%A7%E3%83%B3%E3%82%BA/	430	0
https://rugbypick.com/teams/top-west-b/%E4%B8%89%E8%8F%B1%E8%87%AA%E5%8B%95%E8%BB%8A%E5%80%89%E6%95%B7%E3%82%AD%E3%83%B3%E3%82%B0%E3%83%95%E3%82%A3%E3%83%83%E3%82%B7%E3%83%A3%E3%83%BC%E3%82%BA/	377	0
https://rugbypick.com/teams/top-west-b/%E4%B8%89%E8%8F%B1%E9%9B%BB%E6%A9%9F%E3%83%A1%E3%83%AB%E3%82%B3%E3%83%80%E3%82%A4%E3%83%A4%E3%83%A2%E3%83%B3%E3%82%BA/	620	0
https://rugbypick.com/teams/top-west-b/%E5%A4%A7%E9%98%AA%E6%95%99%E5%93%A1%E5%9B%A3/	145	0
https://rugbypick.com/teams/top-west-b/%E6%97%A5%E6%9C%AC%E6%96%B0%E8%96%ACowlstars/	319	0
https://rugbypick.com/teams/top-west-b/jr%E6%9D%B1%E6%B5%B7/	143	0
https://rugbypick.com/teams/top-west-b/mufg%E3%83%AC%E3%83%83%E3%83%89%E3%83%96%E3%83%AB%E3%82%BA/	155	0
https://rugbypick.com/teams/top-west-c/	416	0
https://rugbypick.com/teams/top-west-c/%E5%A4%A7%E9%98%AA%E5%B8%82%E6%B6%88%E9%98%B2%E5%B1%80/	147	0
https://rugbypick.com/teams/top-west-c/%E5%AE%88%E5%8F%A3%E5%B8%82%E9%96%80%E7%9C%9F%E5%B8%82%E6%B6%88%E9%98%B2%E7%B5%84%E5%90%88/	155	0
https://rugbypick.com/teams/top-west-c/%E5%B7%9D%E5%B4%8E%E9%87%8D%E5%B7%A5/	143	0
https://rugbypick.com/teams/top-west-c/higashi-osaka-united/	173	0
https://rugbypick.com/teams/top-west-c/k-powers/	258	0
https://rugbypick.com/teams/top-west-c/komatsu-yellow-bulls/	171	0
https://rugbypick.com/teams/top14/	8859	0
https://rugbypick.com/teams/top14/bayonne/	2179	0
https://rugbypick.com/teams/top14/bordeaux/	2277	0
https://rugbypick.com/teams/top14/castres/	2278	0
https://rugbypick.com/teams/top14/clermont/	2220	0
https://rugbypick.com/teams/top14/la-rochelle/	2177	0
https://rugbypick.com/teams/top14/lyon/	2131	0
https://rugbypick.com/teams/top14/montpellier/	2100	0
https://rugbypick.com/teams/top14/paris/	2266	0
https://rugbypick.com/teams/top14/pau/	2079	0
https://rugbypick.com/teams/top14/perpignan/	2418	0
https://rugbypick.com/teams/top14/racing-92/	1905	0
https://rugbypick.com/teams/top14/toulon/	2152	0
https://rugbypick.com/teams/top14/toulouse/	4333	0
https://rugbypick.com/teams/top14/vannes/	2046	0
https://rugbypick.com/teams/university/kyoto-sangyo-university/	142	0
https://rugbypick.com/teams/university/meiji-university/	245	0
https://rugbypick.com/teams/university/teikyo-university/	226	0
https://rugbypick.com/teams/university/waseda-university/	140	0
https://rugbypick.com/teams/urc/	6161	0
https://rugbypick.com/teams/urc/benetton-rugby-trevise/	2494	0
https://rugbypick.com/teams/urc/cardiff-rugby/	2690	0
https://rugbypick.com/teams/urc/connacht-rugby/	2634	0
https://rugbypick.com/teams/urc/dhl-stormers/	2884	0
https://rugbypick.com/teams/urc/dragons-rugby/	2677	0
https://rugbypick.com/teams/urc/edinburgh-rugby/	3047	0
https://rugbypick.com/teams/urc/emirates-lions/	2420	0
https://rugbypick.com/teams/urc/glasgow-warriors/	2761	0
https://rugbypick.com/teams/urc/hollywoodbets-sharks/	3066	0
https://rugbypick.com/teams/urc/leinster-rugby/	2993	0
https://rugbypick.com/teams/urc/munster-rugby/	2833	0
https://rugbypick.com/teams/urc/ospreys/	2717	0
https://rugbypick.com/teams/urc/scarlets/	2914	0
https://rugbypick.com/teams/urc/ulster-rugby/	2724	0
https://rugbypick.com/teams/urc/vodacom-bulls/	2825	0
https://rugbypick.com/teams/urc/zebre-parma/	2487	0
https://rugbypick.com/terms/	719	0
https://rugbypick.com/world-rankings/	4858	0