https://rugbypick.com/	1875
https://rugbypick.com/about/	1056
https://rugbypick.com/contact/	295
https://rugbypick.com/leagues/	1070
https://rugbypick.com/leagues/league-one/	1470
https://rugbypick.com/leagues/premiership/	821
https://rugbypick.com/leagues/super-rugby/	600
https://rugbypick.com/leagues/top14/	690
https://rugbypick.com/leagues/urc/	1027
https://rugbypick.com/national-teams/	482
https://rugbypick.com/national-teams/argentina/	3323
https://rugbypick.com/national-teams/australia/	4359
https://rugbypick.com/national-teams/canada/	3623
https://rugbypick.com/national-teams/chile/	3565
https://rugbypick.com/national-teams/england/	4241
https://rugbypick.com/national-teams/fiji/	4081
https://rugbypick.com/national-teams/france/	5811
https://rugbypick.com/national-teams/georgia/	5219
https://rugbypick.com/national-teams/hong-kong/	3339
https://rugbypick.com/national-teams/ireland/	4617
https://rugbypick.com/national-teams/italy/	4024
https://rugbypick.com/national-teams/japan/	5070
https://rugbypick.com/national-teams/new-zealand/	4079
https://rugbypick.com/national-teams/portugal/	3793
https://rugbypick.com/national-teams/romania/	4516
https://rugbypick.com/national-teams/samoa/	4194
https://rugbypick.com/national-teams/scotland/	4718
https://rugbypick.com/national-teams/south-africa/	5103
https://rugbypick.com/national-teams/spain/	4571
https://rugbypick.com/national-teams/tonga/	3283
https://rugbypick.com/national-teams/uruguay/	3507
https://rugbypick.com/national-teams/usa/	4055
https://rugbypick.com/national-teams/wales/	4969
https://rugbypick.com/national-teams/zimbabwe/	2864
https://rugbypick.com/news/	15239
https://rugbypick.com/news/canada-rugby-2026/	2648
https://rugbypick.com/news/chile-rugby-2026/	3479
https://rugbypick.com/news/france-rugby-2026/	2268
https://rugbypick.com/news/georgia-rugby-2026/	2257
https://rugbypick.com/news/hong-kong-china-rugby-2026/	2463
https://rugbypick.com/news/how-to-watch-overseas-rugby/	2802
https://rugbypick.com/news/japan-2026-fixtures/	2642
https://rugbypick.com/news/japan-nations-championship-2026-july-review/	2857
https://rugbypick.com/news/japan-rugby-history/	3839
https://rugbypick.com/news/japan-squad-club-distribution-2026/	2542
https://rugbypick.com/news/japan-vs-australia-2026-leg1-review/	1970
https://rugbypick.com/news/japan-vs-australia-2026-leg2-review/	1360
https://rugbypick.com/news/japan-vs-canada-2026-review/	1202
https://rugbypick.com/news/japan-vs-france-2026-review/	2388
https://rugbypick.com/news/league-one-2025-26-data-analysis/	9271
https://rugbypick.com/news/league-one-2025-26-kobe-champions/	2622
https://rugbypick.com/news/league-one-2025-26-season-analysis/	5508
https://rugbypick.com/news/mitsubishi-dynaboars-2026-new-signings/	1258
https://rugbypick.com/news/national-callup-53968/	2243
https://rugbypick.com/news/national-callup-54087/	2171
https://rugbypick.com/news/national-callup-54111/	1954
https://rugbypick.com/news/national-callup-54139/	2141
https://rugbypick.com/news/national-caps-weekly-2026-w32/	1846
https://rugbypick.com/news/national-caps-weekly-2026-w33/	1412
https://rugbypick.com/news/national-caps-weekly-2026-w34/	1124
https://rugbypick.com/news/national-caps-weekly-2026-w36/	1984
https://rugbypick.com/news/national-caps-weekly-2026-w37/	3325
https://rugbypick.com/news/national-caps-weekly-2026-w38/	2599
https://rugbypick.com/news/national-caps-weekly-2026-w39/	2902
https://rugbypick.com/news/national-caps-weekly-2026-w40/	6492
https://rugbypick.com/news/nations-championship-2026-guide/	2679
https://rugbypick.com/news/nations-championship-2026/	3265
https://rugbypick.com/news/panasonic-wild-knights-2026-new-signings/	981
https://rugbypick.com/news/portugal-rugby-2026/	3866
https://rugbypick.com/news/premiership-bath-2025-26/	1805
https://rugbypick.com/news/premiership-bristol-bears-2025-26/	1359
https://rugbypick.com/news/premiership-caps-weekly-2026-w40/	1203
https://rugbypick.com/news/premiership-exeter-chiefs-2025-26/	1311
https://rugbypick.com/news/premiership-gloucester-2025-26/	1260
https://rugbypick.com/news/premiership-harlequins-2025-26/	1344
https://rugbypick.com/news/premiership-join-weekly-2026-w34/	1969
https://rugbypick.com/news/premiership-join-weekly-2026-w37/	6356
https://rugbypick.com/news/premiership-join-weekly-2026-w40/	1946
https://rugbypick.com/news/premiership-league-guide-2025-26/	1387
https://rugbypick.com/news/premiership-leicester-tigers-2025-26/	1436
https://rugbypick.com/news/premiership-newcastle-falcons-2025-26/	1097
https://rugbypick.com/news/premiership-northampton-saints-2025-26/	1433
https://rugbypick.com/news/premiership-sale-sharks-2025-26/	1302
https://rugbypick.com/news/premiership-saracens-2025-26/	1412
https://rugbypick.com/news/romania-rugby-2026/	4058
https://rugbypick.com/news/rugby-beginners-guide/	4059
https://rugbypick.com/news/rugby-glossary/	3983
https://rugbypick.com/news/rugby-watching-goods/	2828
https://rugbypick.com/news/rugby-world-cup-2027-guide/	3020
https://rugbypick.com/news/rwc2027-squad-league-distribution/	2903
https://rugbypick.com/news/samoa-rugby-2026/	2146
https://rugbypick.com/news/spain-rugby-2026/	4844
https://rugbypick.com/news/suntory-sungoliath-2026-27-new-signings/	1170
https://rugbypick.com/news/super-rugby-act-brumbies-2025-26/	1811
https://rugbypick.com/news/super-rugby-blues-2025-26/	1905
https://rugbypick.com/news/super-rugby-chiefs-2025-26/	2092
https://rugbypick.com/news/super-rugby-crusaders-2025-26/	2193
https://rugbypick.com/news/super-rugby-fijian-drua-2025-26/	2026
https://rugbypick.com/news/super-rugby-highlanders-2025-26/	1877
https://rugbypick.com/news/super-rugby-hurricanes-2025-26/	2016
https://rugbypick.com/news/super-rugby-join-weekly-2026-w34/	1422
https://rugbypick.com/news/super-rugby-moana-pasifika-2025-26/	2052
https://rugbypick.com/news/super-rugby-nsw-waratahs-2025-26/	1909
https://rugbypick.com/news/super-rugby-pacific-team-guide-2025-26/	5283
https://rugbypick.com/news/super-rugby-queensland-reds-2025-26/	2142
https://rugbypick.com/news/super-rugby-western-force-2025-26/	1977
https://rugbypick.com/news/tier2-nations-guide/	5278
https://rugbypick.com/news/top14-bayonne-2025-26/	1879
https://rugbypick.com/news/top14-bordeaux-begles-2025-26/	1929
https://rugbypick.com/news/top14-castres-2025-26/	1932
https://rugbypick.com/news/top14-clermont-2025-26/	1858
https://rugbypick.com/news/top14-join-weekly-2026-w32/	926
https://rugbypick.com/news/top14-join-weekly-2026-w33/	1643
https://rugbypick.com/news/top14-join-weekly-2026-w34/	10557
https://rugbypick.com/news/top14-join-weekly-2026-w36/	1712
https://rugbypick.com/news/top14-join-weekly-2026-w37/	1865
https://rugbypick.com/news/top14-join-weekly-2026-w38/	1497
https://rugbypick.com/news/top14-join-weekly-2026-w39/	1813
https://rugbypick.com/news/top14-la-rochelle-2025-26/	1805
https://rugbypick.com/news/top14-lyon-2025-26/	1801
https://rugbypick.com/news/top14-montpellier-2025-26/	1744
https://rugbypick.com/news/top14-pau-2025-26/	1754
https://rugbypick.com/news/top14-perpignan-2025-26/	2016
https://rugbypick.com/news/top14-stade-francais-2025-26/	1860
https://rugbypick.com/news/top14-toulon-2025-26/	1849
https://rugbypick.com/news/top14-toulouse-2025-26/	2014
https://rugbypick.com/news/top14-vannes-2025-26/	1986
https://rugbypick.com/news/transfers-roundup-2026-08/	6895
https://rugbypick.com/news/transfers-roundup-2026-09/	2518
https://rugbypick.com/news/u17-japan-2026-japan-korea-china-junior/	1860
https://rugbypick.com/news/urc-benetton-2025-26/	1355
https://rugbypick.com/news/urc-bulls-2025-26/	1304
https://rugbypick.com/news/urc-caps-weekly-2026-w40/	2090
https://rugbypick.com/news/urc-cardiff-2025-26/	1354
https://rugbypick.com/news/urc-connacht-2025-26/	1219
https://rugbypick.com/news/urc-dragons-2025-26/	1168
https://rugbypick.com/news/urc-edinburgh-2025-26/	1383
https://rugbypick.com/news/urc-glasgow-warriors-2025-26/	1544
https://rugbypick.com/news/urc-join-weekly-2026-w34/	3297
https://rugbypick.com/news/urc-join-weekly-2026-w37/	1545
https://rugbypick.com/news/urc-join-weekly-2026-w38/	4358
https://rugbypick.com/news/urc-join-weekly-2026-w39/	1876
https://rugbypick.com/news/urc-join-weekly-2026-w40/	2918
https://rugbypick.com/news/urc-league-guide-2025-26/	2122
https://rugbypick.com/news/urc-leinster-2025-26/	1809
https://rugbypick.com/news/urc-lions-2025-26/	1175
https://rugbypick.com/news/urc-munster-2025-26/	1321
https://rugbypick.com/news/urc-ospreys-2025-26/	1244
https://rugbypick.com/news/urc-scarlets-2025-26/	1200
https://rugbypick.com/news/urc-sharks-2025-26/	1289
https://rugbypick.com/news/urc-stormers-2025-26/	1335
https://rugbypick.com/news/urc-ulster-2025-26/	1373
https://rugbypick.com/news/urc-zebre-2025-26/	1254
https://rugbypick.com/news/usa-rugby-2026/	2773
https://rugbypick.com/news/vpn-for-rugby-overseas/	3869
https://rugbypick.com/news/zimbabwe-rugby-2026/	2388
https://rugbypick.com/players/	6864
https://rugbypick.com/players/esei-ha-angana/	511
https://rugbypick.com/players/ion-neculai/	528
https://rugbypick.com/players/jon-zabala/	681
https://rugbypick.com/players/lua-makisi/	565
https://rugbypick.com/players/michael-leitch-484358/	1678
https://rugbypick.com/players/mike-stolberg/	608
https://rugbypick.com/players/naoto-saito/	1536
https://rugbypick.com/players/ryunosuke-ito-497504/	1069
https://rugbypick.com/players/shuhei-takeuchi-485712/	1536
https://rugbypick.com/players/sojiro-otsuka/	442
https://rugbypick.com/players/univ-%E6%97%A9%E7%A8%B2%E7%94%B0%E5%A4%A7%E5%AD%A6-%E7%9F%A2%E5%B4%8E%E7%94%B1%E9%AB%98/	1812
https://rugbypick.com/players/warner-dearns/	528
https://rugbypick.com/privacy/	1716
https://rugbypick.com/results/	36954
https://rugbypick.com/rwc2027/	1547
https://rugbypick.com/schools/	34
https://rugbypick.com/standings/	2502
https://rugbypick.com/teams/	830
https://rugbypick.com/teams/league-one/	14731
https://rugbypick.com/teams/league-one/azcom-maruwa-momotaros/	1905
https://rugbypick.com/teams/league-one/chugoku-electric-red-regulions/	2374
https://rugbypick.com/teams/league-one/hanazono-kintetsu-liners/	2970
https://rugbypick.com/teams/league-one/hino-red-dolphins/	2711
https://rugbypick.com/teams/league-one/hurricanes/	2559
https://rugbypick.com/teams/league-one/jr-east-green-warriors-tokatsu/	2197
https://rugbypick.com/teams/league-one/kamaishi-seawaves/	2560
https://rugbypick.com/teams/league-one/kobelco-kobe-steelers/	4576
https://rugbypick.com/teams/league-one/kubota-spears-funabashi-tokyo-bay/	5089
https://rugbypick.com/teams/league-one/kurita-water-gush-akishima/	2785
https://rugbypick.com/teams/league-one/kyuden-voltex/	2946
https://rugbypick.com/teams/league-one/mazda-skyactivs-hiroshima/	2704
https://rugbypick.com/teams/league-one/mitsubishi-sagamihara-dynaboars/	4312
https://rugbypick.com/teams/league-one/ricoh-black-rams-tokyo/	4065
https://rugbypick.com/teams/league-one/ruriro-fukuoka/	3284
https://rugbypick.com/teams/league-one/saitama-panasonic-wild-knights/	4451
https://rugbypick.com/teams/league-one/secom-rugguts/	2943
https://rugbypick.com/teams/league-one/shimizu-koto-blue-sharks/	3144
https://rugbypick.com/teams/league-one/shizuoka-blue-revs/	4295
https://rugbypick.com/teams/league-one/tochigi-honda-heat/	2764
https://rugbypick.com/teams/league-one/tokyo-suntory-sungoliath/	4268
https://rugbypick.com/teams/league-one/toshiba-brave-lupus-tokyo/	4216
https://rugbypick.com/teams/league-one/toyota-verblitz/	3588
https://rugbypick.com/teams/league-one/urayasu-d-rocks/	4127
https://rugbypick.com/teams/league-one/yakult-levins/	2640
https://rugbypick.com/teams/league-one/yokohama-canon-eagles/	4236
https://rugbypick.com/teams/premiership/	2978
https://rugbypick.com/teams/premiership/bath-rugby/	3809
https://rugbypick.com/teams/premiership/bristol-bears/	2260
https://rugbypick.com/teams/premiership/exeter-chiefs/	2299
https://rugbypick.com/teams/premiership/gloucester-rugby/	2335
https://rugbypick.com/teams/premiership/harlequins/	2339
https://rugbypick.com/teams/premiership/leicester-tigers/	2173
https://rugbypick.com/teams/premiership/northampton-saints/	3616
https://rugbypick.com/teams/premiership/sale-sharks/	2107
https://rugbypick.com/teams/premiership/saracens/	2113
https://rugbypick.com/teams/super-rugby/	7991
https://rugbypick.com/teams/super-rugby/act-brumbies/	2006
https://rugbypick.com/teams/super-rugby/blues/	2139
https://rugbypick.com/teams/super-rugby/chiefs/	2304
https://rugbypick.com/teams/super-rugby/crusaders/	2430
https://rugbypick.com/teams/super-rugby/fijian-drua/	2298
https://rugbypick.com/teams/super-rugby/highlanders/	2179
https://rugbypick.com/teams/super-rugby/hurricanes/	2240
https://rugbypick.com/teams/super-rugby/moana-pasifika/	2349
https://rugbypick.com/teams/super-rugby/nsw-waratahs/	2206
https://rugbypick.com/teams/super-rugby/queensland-reds/	2316
https://rugbypick.com/teams/super-rugby/western-force/	2256
https://rugbypick.com/teams/top-east-a/	2369
https://rugbypick.com/teams/top-east-a/%E3%82%AF%E3%83%AA%E3%83%BC%E3%83%B3%E3%83%95%E3%82%A1%E3%82%A4%E3%82%BF%E3%83%BC%E3%82%BA%E5%B1%B1%E6%A2%A8/	882
https://rugbypick.com/teams/top-east-b/	2398
https://rugbypick.com/teams/top-east-b/%E3%83%A9%E3%82%A4%E3%82%AA%E3%83%B3%E3%83%95%E3%82%A1%E3%83%B3%E3%82%B0%E3%82%B9/	846
https://rugbypick.com/teams/top-east-b/%E7%A7%8B%E7%94%B0%E3%83%8E%E3%83%BC%E3%82%B6%E3%83%B3%E3%83%96%E3%83%AC%E3%83%83%E3%83%84rfc/	810
https://rugbypick.com/teams/top-east-c/	2082
https://rugbypick.com/teams/top-kyushu/	2644
https://rugbypick.com/teams/top-kyushu/%E5%AE%89%E5%B7%9D%E9%9B%BB%E6%A9%9Fblue-blaze/	840
https://rugbypick.com/teams/top-kyushu/%E6%97%A5%E7%89%B9%E3%82%B9%E3%83%91%E3%83%BC%E3%82%AF%E3%83%86%E3%83%83%E3%82%AFwks/	813
https://rugbypick.com/teams/top-west-a/	2488
https://rugbypick.com/teams/top-west-b/	2644
https://rugbypick.com/teams/top-west-c/	583
https://rugbypick.com/teams/top14/	9027
https://rugbypick.com/teams/top14/bayonne/	2179
https://rugbypick.com/teams/top14/bordeaux/	2277
https://rugbypick.com/teams/top14/castres/	2278
https://rugbypick.com/teams/top14/clermont/	2220
https://rugbypick.com/teams/top14/la-rochelle/	2177
https://rugbypick.com/teams/top14/lyon/	2131
https://rugbypick.com/teams/top14/montpellier/	2100
https://rugbypick.com/teams/top14/paris/	2266
https://rugbypick.com/teams/top14/pau/	2079
https://rugbypick.com/teams/top14/perpignan/	2418
https://rugbypick.com/teams/top14/racing-92/	1905
https://rugbypick.com/teams/top14/toulon/	2152
https://rugbypick.com/teams/top14/toulouse/	4333
https://rugbypick.com/teams/top14/vannes/	2046
https://rugbypick.com/teams/urc/	6253
https://rugbypick.com/teams/urc/benetton-rugby-trevise/	2494
https://rugbypick.com/teams/urc/cardiff-rugby/	2690
https://rugbypick.com/teams/urc/connacht-rugby/	2634
https://rugbypick.com/teams/urc/dhl-stormers/	2884
https://rugbypick.com/teams/urc/dragons-rugby/	2677
https://rugbypick.com/teams/urc/edinburgh-rugby/	3047
https://rugbypick.com/teams/urc/emirates-lions/	2420
https://rugbypick.com/teams/urc/glasgow-warriors/	2761
https://rugbypick.com/teams/urc/hollywoodbets-sharks/	3066
https://rugbypick.com/teams/urc/leinster-rugby/	2993
https://rugbypick.com/teams/urc/munster-rugby/	2833
https://rugbypick.com/teams/urc/ospreys/	2717
https://rugbypick.com/teams/urc/scarlets/	2914
https://rugbypick.com/teams/urc/ulster-rugby/	2724
https://rugbypick.com/teams/urc/vodacom-bulls/	2825
https://rugbypick.com/teams/urc/zebre-parma/	2487
https://rugbypick.com/terms/	751
https://rugbypick.com/world-rankings/	4924